playerId,name,season,mode,scope,competition,missingFields,derivableFields,requiredProviderInputs,providerLookupResult,reason,timestamp
1120987,Abdelkahar Kadri,2021/2022,league,8,,cca_area_pct;danger_zone_density,,,not_attempted_no_verified_sportsapi_raw_duel_schema,static_tactical_session_absent,2026-08-22T00:00:00+00:00
172875,Abel Issa Camara,2021/2022,league,8,,cca_area_pct;danger_zone_density,,,not_attempted_no_verified_sportsapi_raw_duel_schema,static_tactical_session_absent,2026-08-22T00:00:00+00:00
748380,Abel Ruiz,2021/2022,league,8,,cca_area_pct;danger_zone_density,,,not_attempted_no_verified_sportsapi_raw_duel_schema,static_tactical_session_absent,2026-08-22T00:00:00+00:00
865019,Ablie Jallow,2021/2022,league,8,,cca_area_pct;danger_zone_density,,,not_attempted_no_verified_sportsapi_raw_duel_schema,static_tactical_session_absent,2026-08-22T00:00:00+00:00
725695,Aboubakary Koïta,2021/2022,league,8,,cca_area_pct;danger_zone_density,,,not_attempted_no_verified_sportsapi_raw_duel_schema,static_tactical_session_absent,2026-08-22T00:00:00+00:00
972406,Adem Zorgane,2021/2022,league,8,,cca_area_pct;danger_zone_density,,,not_attempted_no_verified_sportsapi_raw_duel_schema,static_tactical_session_absent,2026-08-22T00:00:00+00:00
1083349,Afonso Sousa,2021/2022,league,8,,cca_area_pct;danger_zone_density,,,not_attempted_no_verified_sportsapi_raw_duel_schema,static_tactical_session_absent,2026-08-22T00:00:00+00:00
288406,Alejandro Grimaldo,2021/2022,league,8,,cca_area_pct;danger_zone_density,,,not_attempted_no_verified_sportsapi_raw_duel_schema,static_tactical_session_absent,2026-08-22T00:00:00+00:00
748620,Alessio Castro-Montes,2021/2022,league,8,,cca_area_pct;danger_zone_density,,,not_attempted_no_verified_sportsapi_raw_duel_schema,static_tactical_session_absent,2026-08-22T00:00:00+00:00
955195,Alhassan Yusuf,2021/2022,league,8,,cca_area_pct;danger_zone_density,,,not_attempted_no_verified_sportsapi_raw_duel_schema,static_tactical_session_absent,2026-08-22T00:00:00+00:00
505960,Ali Alipour,2021/2022,league,8,,cca_area_pct;danger_zone_density,,,not_attempted_no_verified_sportsapi_raw_duel_schema,static_tactical_session_absent,2026-08-22T00:00:00+00:00
746018,Ali Gholizadeh,2021/2022,league,8,,cca_area_pct;danger_zone_density,,,not_attempted_no_verified_sportsapi_raw_duel_schema,static_tactical_session_absent,2026-08-22T00:00:00+00:00
793924,Alisson Safira,2021/2022,league,8,,cca_area_pct;danger_zone_density,,,not_attempted_no_verified_sportsapi_raw_duel_schema,static_tactical_session_absent,2026-08-22T00:00:00+00:00
646517,Allano,2021/2022,league,8,,cca_area_pct;danger_zone_density,,,not_attempted_no_verified_sportsapi_raw_duel_schema,static_tactical_session_absent,2026-08-22T00:00:00+00:00
563216,Almamy Touré,2021/2022,europe,,uel,final_third_possessions_won,,,not_attempted_no_verified_sportsapi_raw_duel_schema,static_source_field_absent,2026-08-22T00:00:00+00:00
643635,Amir Murillo,2021/2022,league,8,,cca_area_pct;danger_zone_density,,,not_attempted_no_verified_sportsapi_raw_duel_schema,static_tactical_session_absent,2026-08-22T00:00:00+00:00
1069536,Anass Zaroury,2021/2022,league,8,,cca_area_pct;danger_zone_density,,,not_attempted_no_verified_sportsapi_raw_duel_schema,static_tactical_session_absent,2026-08-22T00:00:00+00:00
362674,Andrew Hjulsager,2021/2022,league,8,,cca_area_pct;danger_zone_density,,,not_attempted_no_verified_sportsapi_raw_duel_schema,static_tactical_session_absent,2026-08-22T00:00:00+00:00
919919,André,2021/2022,league,8,,cca_area_pct;danger_zone_density,,,not_attempted_no_verified_sportsapi_raw_duel_schema,static_tactical_session_absent,2026-08-22T00:00:00+00:00
687288,André Bukia,2021/2022,league,8,,cca_area_pct;danger_zone_density,,,not_attempted_no_verified_sportsapi_raw_duel_schema,static_tactical_session_absent,2026-08-22T00:00:00+00:00
929680,André Clovis,2021/2022,league,8,,cca_area_pct;danger_zone_density,,,not_attempted_no_verified_sportsapi_raw_duel_schema,static_tactical_session_absent,2026-08-22T00:00:00+00:00
1080684,André Franco,2021/2022,league,8,,cca_area_pct;danger_zone_density,,,not_attempted_no_verified_sportsapi_raw_duel_schema,static_tactical_session_absent,2026-08-22T00:00:00+00:00
605507,André Horta,2021/2022,league,8,,cca_area_pct;danger_zone_density,,,not_attempted_no_verified_sportsapi_raw_duel_schema,static_tactical_session_absent,2026-08-22T00:00:00+00:00
896485,André Luís,2021/2022,league,8,,cca_area_pct;danger_zone_density,,,not_attempted_no_verified_sportsapi_raw_duel_schema,static_tactical_session_absent,2026-08-22T00:00:00+00:00
819916,André Vidigal,2021/2022,league,8,,cca_area_pct;danger_zone_density,,,not_attempted_no_verified_sportsapi_raw_duel_schema,static_tactical_session_absent,2026-08-22T00:00:00+00:00
210282,Anthony Lozano,2021/2022,league,8,,cca_area_pct;danger_zone_density,,,not_attempted_no_verified_sportsapi_raw_duel_schema,static_tactical_session_absent,2026-08-22T00:00:00+00:00
945883,Antoine Bernier,2021/2022,league,8,,cca_area_pct;danger_zone_density,,,not_attempted_no_verified_sportsapi_raw_duel_schema,static_tactical_session_absent,2026-08-22T00:00:00+00:00
795285,Antoine Léautey,2021/2022,league,8,,cca_area_pct;danger_zone_density,,,not_attempted_no_verified_sportsapi_raw_duel_schema,static_tactical_session_absent,2026-08-22T00:00:00+00:00
45244,Antunes,2021/2022,league,8,,cca_area_pct;danger_zone_density,,,not_attempted_no_verified_sportsapi_raw_duel_schema,static_tactical_session_absent,2026-08-22T00:00:00+00:00
823293,Aron Dønnum,2021/2022,league,8,,cca_area_pct;danger_zone_density,,,not_attempted_no_verified_sportsapi_raw_duel_schema,static_tactical_session_absent,2026-08-22T00:00:00+00:00
242904,Arsénio,2021/2022,league,8,,cca_area_pct;danger_zone_density,,,not_attempted_no_verified_sportsapi_raw_duel_schema,static_tactical_session_absent,2026-08-22T00:00:00+00:00
680011,Bart Nieuwkoop,2021/2022,league,8,,cca_area_pct;danger_zone_density,,,not_attempted_no_verified_sportsapi_raw_duel_schema,static_tactical_session_absent,2026-08-22T00:00:00+00:00
289248,Benito Raman,2021/2022,league,8,,cca_area_pct;danger_zone_density,,,not_attempted_no_verified_sportsapi_raw_duel_schema,static_tactical_session_absent,2026-08-22T00:00:00+00:00
488139,Bernardo Silva,2021/2022,europe,,ucl,aerial_duels_won;aerial_duel_attempts_raw,,verified_sportsapi_player_id;exact_tournament_id;exact_season_id;aerial_duels_won; aerial_duel_attempts;count_units,not_attempted_no_verified_sportsapi_raw_duel_schema,static_source_field_absent,2026-08-22T00:00:00+00:00
1079485,Beto,2021/2022,league,8,,cca_area_pct;danger_zone_density,,,not_attempted_no_verified_sportsapi_raw_duel_schema,static_tactical_session_absent,2026-08-22T00:00:00+00:00
95615,Brecht Capon,2021/2022,league,8,,cca_area_pct;danger_zone_density,,,not_attempted_no_verified_sportsapi_raw_duel_schema,static_tactical_session_absent,2026-08-22T00:00:00+00:00
951043,Bruno Duarte,2021/2022,league,8,,cca_area_pct;danger_zone_density,,,not_attempted_no_verified_sportsapi_raw_duel_schema,static_tactical_session_absent,2026-08-22T00:00:00+00:00
683709,Bruno Rodrigues,2021/2022,league,8,,cca_area_pct;danger_zone_density,,,not_attempted_no_verified_sportsapi_raw_duel_schema,static_tactical_session_absent,2026-08-22T00:00:00+00:00
659493,Bryan Heynen,2021/2022,league,8,,cca_area_pct;danger_zone_density,,,not_attempted_no_verified_sportsapi_raw_duel_schema,static_tactical_session_absent,2026-08-22T00:00:00+00:00
358676,Carlinhos,2021/2022,league,8,,cca_area_pct;danger_zone_density,,,not_attempted_no_verified_sportsapi_raw_duel_schema,static_tactical_session_absent,2026-08-22T00:00:00+00:00
866201,Carlos Vinícius,2021/2022,league,8,,cca_area_pct;danger_zone_density,,,not_attempted_no_verified_sportsapi_raw_duel_schema,static_tactical_session_absent,2026-08-22T00:00:00+00:00
352898,Casper Nielsen,2021/2022,league,8,,cca_area_pct;danger_zone_density,,,not_attempted_no_verified_sportsapi_raw_duel_schema,static_tactical_session_absent,2026-08-22T00:00:00+00:00
688991,Casper de Norre,2021/2022,league,8,,cca_area_pct;danger_zone_density,,,not_attempted_no_verified_sportsapi_raw_duel_schema,static_tactical_session_absent,2026-08-22T00:00:00+00:00
387525,Cassiano,2021/2022,league,8,,cca_area_pct;danger_zone_density,,,not_attempted_no_verified_sportsapi_raw_duel_schema,static_tactical_session_absent,2026-08-22T00:00:00+00:00
1095432,Charles De Ketelaere,2021/2022,league,8,,cca_area_pct;danger_zone_density,,,not_attempted_no_verified_sportsapi_raw_duel_schema,static_tactical_session_absent,2026-08-22T00:00:00+00:00
67890,Christian Brüls,2021/2022,league,8,,cca_area_pct;danger_zone_density,,,not_attempted_no_verified_sportsapi_raw_duel_schema,static_tactical_session_absent,2026-08-22T00:00:00+00:00
776940,Christian Kouamé,2021/2022,league,8,,cca_area_pct;danger_zone_density,,,not_attempted_no_verified_sportsapi_raw_duel_schema,static_tactical_session_absent,2026-08-22T00:00:00+00:00
267368,Cláudio Winck,2021/2022,league,8,,cca_area_pct;danger_zone_density,,,not_attempted_no_verified_sportsapi_raw_duel_schema,static_tactical_session_absent,2026-08-22T00:00:00+00:00
247761,Conor Coady,2021/2022,league,8,,final_third_possessions_won,,,not_attempted_no_verified_sportsapi_raw_duel_schema,static_source_field_absent,2026-08-22T00:00:00+00:00
1080028,Daichi Hayashi,2021/2022,league,8,,cca_area_pct;danger_zone_density,,,not_attempted_no_verified_sportsapi_raw_duel_schema,static_tactical_session_absent,2026-08-22T00:00:00+00:00
637582,Daniel Anjos,2021/2022,league,8,,cca_area_pct;danger_zone_density,,,not_attempted_no_verified_sportsapi_raw_duel_schema,static_tactical_session_absent,2026-08-22T00:00:00+00:00
859282,Daniel Muñoz,2021/2022,league,8,,cca_area_pct;danger_zone_density,,,not_attempted_no_verified_sportsapi_raw_duel_schema,static_tactical_session_absent,2026-08-22T00:00:00+00:00
693675,Dante Vanzeir,2021/2022,league,8,,cca_area_pct;danger_zone_density,,,not_attempted_no_verified_sportsapi_raw_duel_schema,static_tactical_session_absent,2026-08-22T00:00:00+00:00
635789,Darko Lemajic,2021/2022,league,8,,cca_area_pct;danger_zone_density,,,not_attempted_no_verified_sportsapi_raw_duel_schema,static_tactical_session_absent,2026-08-22T00:00:00+00:00
950561,Darwin Núñez,2021/2022,league,8,,cca_area_pct;danger_zone_density,,,not_attempted_no_verified_sportsapi_raw_duel_schema,static_tactical_session_absent,2026-08-22T00:00:00+00:00
1138769,David Da Costa,2021/2022,league,8,,cca_area_pct;danger_zone_density,,,not_attempted_no_verified_sportsapi_raw_duel_schema,static_tactical_session_absent,2026-08-22T00:00:00+00:00
453696,Denilson,2021/2022,league,8,,cca_area_pct;danger_zone_density,,,not_attempted_no_verified_sportsapi_raw_duel_schema,static_tactical_session_absent,2026-08-22T00:00:00+00:00
875305,Denis Dragus,2021/2022,league,8,,cca_area_pct;danger_zone_density,,,not_attempted_no_verified_sportsapi_raw_duel_schema,static_tactical_session_absent,2026-08-22T00:00:00+00:00
661519,Deniz Undav,2021/2022,league,8,,cca_area_pct;danger_zone_density,,,not_attempted_no_verified_sportsapi_raw_duel_schema,static_tactical_session_absent,2026-08-22T00:00:00+00:00
822236,Dennis Tørset Johnsen,2021/2022,league,8,,cca_area_pct;danger_zone_density,,,not_attempted_no_verified_sportsapi_raw_duel_schema,static_tactical_session_absent,2026-08-22T00:00:00+00:00
617396,Dereck Kutesa,2021/2022,league,8,,cca_area_pct;danger_zone_density,,,not_attempted_no_verified_sportsapi_raw_duel_schema,static_tactical_session_absent,2026-08-22T00:00:00+00:00
1088118,Derik Lacerda,2021/2022,league,8,,cca_area_pct;danger_zone_density,,,not_attempted_no_verified_sportsapi_raw_duel_schema,static_tactical_session_absent,2026-08-22T00:00:00+00:00
318525,Dino Hotic,2021/2022,league,8,,cca_area_pct;danger_zone_density,,,not_attempted_no_verified_sportsapi_raw_duel_schema,static_tactical_session_absent,2026-08-22T00:00:00+00:00
178261,Dorian Dessoleil,2021/2022,league,8,,final_third_possessions_won;cca_area_pct;danger_zone_density,,,not_attempted_no_verified_sportsapi_raw_duel_schema,static_tactical_session_absent,2026-08-22T00:00:00+00:00
1022702,Dylan Mbayo,2021/2022,league,8,,cca_area_pct;danger_zone_density,,,not_attempted_no_verified_sportsapi_raw_duel_schema,static_tactical_session_absent,2026-08-22T00:00:00+00:00
1114979,Emmanuel Agbadou,2021/2022,league,8,,cca_area_pct;danger_zone_density,,,not_attempted_no_verified_sportsapi_raw_duel_schema,static_tactical_session_absent,2026-08-22T00:00:00+00:00
526450,Emmanuel Quartsin Gyasi,2021/2022,league,8,,cca_area_pct;danger_zone_density,,,not_attempted_no_verified_sportsapi_raw_duel_schema,static_tactical_session_absent,2026-08-22T00:00:00+00:00
1098096,Evanilson,2021/2022,league,8,,cca_area_pct;danger_zone_density,,,not_attempted_no_verified_sportsapi_raw_duel_schema,static_tactical_session_absent,2026-08-22T00:00:00+00:00
282007,Fabrício,2021/2022,league,8,,cca_area_pct;danger_zone_density,,,not_attempted_no_verified_sportsapi_raw_duel_schema,static_tactical_session_absent,2026-08-22T00:00:00+00:00
604870,Faïz Selamani,2021/2022,league,8,,cca_area_pct;danger_zone_density,,,not_attempted_no_verified_sportsapi_raw_duel_schema,static_tactical_session_absent,2026-08-22T00:00:00+00:00
1127224,Fer Niño,2021/2022,league,8,,cca_area_pct;danger_zone_density,,,not_attempted_no_verified_sportsapi_raw_duel_schema,static_tactical_session_absent,2026-08-22T00:00:00+00:00
202610,Fidel Chaves,2021/2022,league,8,,cca_area_pct;danger_zone_density,,,not_attempted_no_verified_sportsapi_raw_duel_schema,static_tactical_session_absent,2026-08-22T00:00:00+00:00
671855,Fran Navarro,2021/2022,league,8,,cca_area_pct;danger_zone_density,,,not_attempted_no_verified_sportsapi_raw_duel_schema,static_tactical_session_absent,2026-08-22T00:00:00+00:00
911296,Francis Amuzu,2021/2022,league,8,,cca_area_pct;danger_zone_density,,,not_attempted_no_verified_sportsapi_raw_duel_schema,static_tactical_session_absent,2026-08-22T00:00:00+00:00
1185336,Francisco Conceição,2021/2022,league,8,,cca_area_pct;danger_zone_density,,,not_attempted_no_verified_sportsapi_raw_duel_schema,static_tactical_session_absent,2026-08-22T00:00:00+00:00
919374,Francisco Moura,2021/2022,league,8,,cca_area_pct;danger_zone_density,,,not_attempted_no_verified_sportsapi_raw_duel_schema,static_tactical_session_absent,2026-08-22T00:00:00+00:00
1025462,Fábio Vieira,2021/2022,league,8,,cca_area_pct;danger_zone_density,,,not_attempted_no_verified_sportsapi_raw_duel_schema,static_tactical_session_absent,2026-08-22T00:00:00+00:00
795179,Gabriel,2021/2022,league,8,,cca_area_pct;danger_zone_density,,,not_attempted_no_verified_sportsapi_raw_duel_schema,static_tactical_session_absent,2026-08-22T00:00:00+00:00
773062,Gaïus Makouta,2021/2022,league,8,,cca_area_pct;danger_zone_density,,,not_attempted_no_verified_sportsapi_raw_duel_schema,static_tactical_session_absent,2026-08-22T00:00:00+00:00
174747,Geoffry Hairemans,2021/2022,league,8,,cca_area_pct;danger_zone_density,,,not_attempted_no_verified_sportsapi_raw_duel_schema,static_tactical_session_absent,2026-08-22T00:00:00+00:00
1117069,Georges Mikautadze,2021/2022,league,8,,cca_area_pct;danger_zone_density,,,not_attempted_no_verified_sportsapi_raw_duel_schema,static_tactical_session_absent,2026-08-22T00:00:00+00:00
857269,Gleison Bremer,2021/2022,league,8,,cca_area_pct;danger_zone_density,,,not_attempted_no_verified_sportsapi_raw_duel_schema,static_tactical_session_absent,2026-08-22T00:00:00+00:00
940087,Gonçalo Ramos,2021/2022,league,8,,cca_area_pct;danger_zone_density,,,not_attempted_no_verified_sportsapi_raw_duel_schema,static_tactical_session_absent,2026-08-22T00:00:00+00:00
202180,Grant Hanley,2021/2022,league,8,,final_third_possessions_won,,,not_attempted_no_verified_sportsapi_raw_duel_schema,static_source_field_absent,2026-08-22T00:00:00+00:00
797896,Guilherme Schettine,2021/2022,league,8,,cca_area_pct;danger_zone_density,,,not_attempted_no_verified_sportsapi_raw_duel_schema,static_tactical_session_absent,2026-08-22T00:00:00+00:00
676447,Gustavo Sauer,2021/2022,league,8,,cca_area_pct;danger_zone_density,,,not_attempted_no_verified_sportsapi_raw_duel_schema,static_tactical_session_absent,2026-08-22T00:00:00+00:00
601145,Habibou Mouhamadou Diallo,2021/2022,league,8,,cca_area_pct;danger_zone_density,,,not_attempted_no_verified_sportsapi_raw_duel_schema,static_tactical_session_absent,2026-08-22T00:00:00+00:00
875672,Hamed Traorè,2021/2022,league,8,,cca_area_pct;danger_zone_density,,,not_attempted_no_verified_sportsapi_raw_duel_schema,static_tactical_session_absent,2026-08-22T00:00:00+00:00
203666,Hans Vanaken,2021/2022,league,8,,cca_area_pct;danger_zone_density,,,not_attempted_no_verified_sportsapi_raw_duel_schema,static_tactical_session_absent,2026-08-22T00:00:00+00:00
737974,Hugo Cuypers,2021/2022,league,8,,cca_area_pct;danger_zone_density,,,not_attempted_no_verified_sportsapi_raw_duel_schema,static_tactical_session_absent,2026-08-22T00:00:00+00:00
351152,Ibrahima Seck,2021/2022,league,8,,cca_area_pct;danger_zone_density,,,not_attempted_no_verified_sportsapi_raw_duel_schema,static_tactical_session_absent,2026-08-22T00:00:00+00:00
1173016,Isaac Nuhu,2021/2022,league,8,,cca_area_pct;danger_zone_density,,,not_attempted_no_verified_sportsapi_raw_duel_schema,static_tactical_session_absent,2026-08-22T00:00:00+00:00
1015306,Ismaël Kandouss,2021/2022,league,8,,cca_area_pct;danger_zone_density,,,not_attempted_no_verified_sportsapi_raw_duel_schema,static_tactical_session_absent,2026-08-22T00:00:00+00:00
361321,Iuri Medeiros,2021/2022,league,8,,cca_area_pct;danger_zone_density,,,not_attempted_no_verified_sportsapi_raw_duel_schema,static_tactical_session_absent,2026-08-22T00:00:00+00:00
388532,Ivo Rodrigues,2021/2022,league,8,,cca_area_pct;danger_zone_density,,,not_attempted_no_verified_sportsapi_raw_duel_schema,static_tactical_session_absent,2026-08-22T00:00:00+00:00
964608,Iván Angulo,2021/2022,league,8,,cca_area_pct;danger_zone_density,,,not_attempted_no_verified_sportsapi_raw_duel_schema,static_tactical_session_absent,2026-08-22T00:00:00+00:00
282676,Iñigo Martínez,2021/2022,league,8,,final_third_possessions_won,,,not_attempted_no_verified_sportsapi_raw_duel_schema,static_source_field_absent,2026-08-22T00:00:00+00:00
640642,Jack Hendry,2021/2022,league,8,,cca_area_pct;danger_zone_density,,,not_attempted_no_verified_sportsapi_raw_duel_schema,static_tactical_session_absent,2026-08-22T00:00:00+00:00
490868,Jan Bednarek,2021/2022,league,8,,final_third_possessions_won,,,not_attempted_no_verified_sportsapi_raw_duel_schema,static_source_field_absent,2026-08-22T00:00:00+00:00
613260,Jean-Luc Dompé,2021/2022,league,8,,cca_area_pct;danger_zone_density,,,not_attempted_no_verified_sportsapi_raw_duel_schema,static_tactical_session_absent,2026-08-22T00:00:00+00:00
38782,Jelle Vossen,2021/2022,league,8,,cca_area_pct;danger_zone_density,,,not_attempted_no_verified_sportsapi_raw_duel_schema,static_tactical_session_absent,2026-08-22T00:00:00+00:00
209782,Jens Cools,2021/2022,league,8,,cca_area_pct;danger_zone_density,,,not_attempted_no_verified_sportsapi_raw_duel_schema,static_tactical_session_absent,2026-08-22T00:00:00+00:00
633094,Jesper Daland,2021/2022,league,8,,cca_area_pct;danger_zone_density,,,not_attempted_no_verified_sportsapi_raw_duel_schema,static_tactical_session_absent,2026-08-22T00:00:00+00:00
300916,Joao Mário,2021/2022,league,8,,cca_area_pct;danger_zone_density,,,not_attempted_no_verified_sportsapi_raw_duel_schema,static_tactical_session_absent,2026-08-22T00:00:00+00:00
579808,Joel Tagueu,2021/2022,league,8,,cca_area_pct;danger_zone_density,,,not_attempted_no_verified_sportsapi_raw_duel_schema,static_tactical_session_absent,2026-08-22T00:00:00+00:00
613714,Jordan Pefok,2021/2022,europe,,ucl,cca_area_pct;danger_zone_density,,,not_attempted_no_verified_sportsapi_raw_duel_schema,static_tactical_session_absent,2026-08-22T00:00:00+00:00
166681,Joren Dom,2021/2022,league,8,,cca_area_pct;danger_zone_density,,,not_attempted_no_verified_sportsapi_raw_duel_schema,static_tactical_session_absent,2026-08-22T00:00:00+00:00
500932,Joris Kayembe Ditu,2021/2022,league,8,,cca_area_pct;danger_zone_density,,,not_attempted_no_verified_sportsapi_raw_duel_schema,static_tactical_session_absent,2026-08-22T00:00:00+00:00
850924,Joseph Paintsil,2021/2022,league,8,,cca_area_pct;danger_zone_density,,,not_attempted_no_verified_sportsapi_raw_duel_schema,static_tactical_session_absent,2026-08-22T00:00:00+00:00
848011,Joshua Sargent,2021/2022,league,8,,cca_area_pct;danger_zone_density,,,not_attempted_no_verified_sportsapi_raw_duel_schema,static_tactical_session_absent,2026-08-22T00:00:00+00:00
950830,Joshua Zirkzee,2021/2022,league,8,,cca_area_pct;danger_zone_density,,,not_attempted_no_verified_sportsapi_raw_duel_schema,static_tactical_session_absent,2026-08-22T00:00:00+00:00
793033,João Basso,2021/2022,league,8,,cca_area_pct;danger_zone_density,,,not_attempted_no_verified_sportsapi_raw_duel_schema,static_tactical_session_absent,2026-08-22T00:00:00+00:00
839021,João Klauss,2021/2022,league,8,,cca_area_pct;danger_zone_density,,,not_attempted_no_verified_sportsapi_raw_duel_schema,static_tactical_session_absent,2026-08-22T00:00:00+00:00
524434,João Palhinha,2021/2022,league,8,,cca_area_pct;danger_zone_density,,,not_attempted_no_verified_sportsapi_raw_duel_schema,static_tactical_session_absent,2026-08-22T00:00:00+00:00
203739,João Pedro,2021/2022,league,8,,cca_area_pct;danger_zone_density,,,not_attempted_no_verified_sportsapi_raw_duel_schema,static_tactical_session_absent,2026-08-22T00:00:00+00:00
375790,João Pedro,2021/2022,league,8,,cca_area_pct;danger_zone_density,,,not_attempted_no_verified_sportsapi_raw_duel_schema,static_tactical_session_absent,2026-08-22T00:00:00+00:00
852071,Juan Hernández,2021/2022,league,8,,cca_area_pct;danger_zone_density,,,not_attempted_no_verified_sportsapi_raw_duel_schema,static_tactical_session_absent,2026-08-22T00:00:00+00:00
848051,Juan Manuel Boselli,2021/2022,league,8,,cca_area_pct;danger_zone_density,,,not_attempted_no_verified_sportsapi_raw_duel_schema,static_tactical_session_absent,2026-08-22T00:00:00+00:00
658666,Jules van Cleemput,2021/2022,league,8,,cca_area_pct;danger_zone_density,,,not_attempted_no_verified_sportsapi_raw_duel_schema,static_tactical_session_absent,2026-08-22T00:00:00+00:00
482397,Julien De Sart,2021/2022,league,8,,cca_area_pct;danger_zone_density,,,not_attempted_no_verified_sportsapi_raw_duel_schema,static_tactical_session_absent,2026-08-22T00:00:00+00:00
788711,Julien Ngoy,2021/2022,league,8,,cca_area_pct;danger_zone_density,,,not_attempted_no_verified_sportsapi_raw_duel_schema,static_tactical_session_absent,2026-08-22T00:00:00+00:00
604044,Junya Ito,2021/2022,league,8,,cca_area_pct;danger_zone_density,,,not_attempted_no_verified_sportsapi_raw_duel_schema,static_tactical_session_absent,2026-08-22T00:00:00+00:00
924315,Kanya Fujimoto,2021/2022,league,8,,cca_area_pct;danger_zone_density,,,not_attempted_no_verified_sportsapi_raw_duel_schema,static_tactical_session_absent,2026-08-22T00:00:00+00:00
862608,Kaoru Mitoma,2021/2022,league,8,,cca_area_pct;danger_zone_density,,,not_attempted_no_verified_sportsapi_raw_duel_schema,static_tactical_session_absent,2026-08-22T00:00:00+00:00
643232,Kenji Gorré,2021/2022,league,8,,aerial_duels_won;aerial_duel_attempts_raw;cca_area_pct;danger_zone_density,,verified_sportsapi_player_id;exact_tournament_id;exact_season_id;aerial_duels_won; aerial_duel_attempts;count_units,not_attempted_no_verified_sportsapi_raw_duel_schema,static_tactical_session_absent,2026-08-22T00:00:00+00:00
528409,Kerim Mrabti,2021/2022,league,8,,cca_area_pct;danger_zone_density,,,not_attempted_no_verified_sportsapi_raw_duel_schema,static_tactical_session_absent,2026-08-22T00:00:00+00:00
1150871,Kiko Bondoso,2021/2022,league,8,,cca_area_pct;danger_zone_density,,,not_attempted_no_verified_sportsapi_raw_duel_schema,static_tactical_session_absent,2026-08-22T00:00:00+00:00
620914,Koji Miyoshi,2021/2022,league,8,,cca_area_pct;danger_zone_density,,,not_attempted_no_verified_sportsapi_raw_duel_schema,static_tactical_session_absent,2026-08-22T00:00:00+00:00
1027594,Konan N’Dri,2021/2022,league,8,,cca_area_pct;danger_zone_density,,,not_attempted_no_verified_sportsapi_raw_duel_schema,static_tactical_session_absent,2026-08-22T00:00:00+00:00
921921,Kristian Thorstvedt,2021/2022,league,8,,cca_area_pct;danger_zone_density,,,not_attempted_no_verified_sportsapi_raw_duel_schema,static_tactical_session_absent,2026-08-22T00:00:00+00:00
441136,Kwasi Okyere Wriedt,2021/2022,league,8,,cca_area_pct;danger_zone_density,,,not_attempted_no_verified_sportsapi_raw_duel_schema,static_tactical_session_absent,2026-08-22T00:00:00+00:00
820477,Kévin Denkey,2021/2022,league,8,,cca_area_pct;danger_zone_density,,,not_attempted_no_verified_sportsapi_raw_duel_schema,static_tactical_session_absent,2026-08-22T00:00:00+00:00
282671,Laurent Depoitre,2021/2022,league,8,,cca_area_pct;danger_zone_density,,,not_attempted_no_verified_sportsapi_raw_duel_schema,static_tactical_session_absent,2026-08-22T00:00:00+00:00
317544,Lawrence Shankland,2021/2022,league,8,,cca_area_pct;danger_zone_density,,,not_attempted_no_verified_sportsapi_raw_duel_schema,static_tactical_session_absent,2026-08-22T00:00:00+00:00
768459,Lazare Amani,2021/2022,league,8,,cca_area_pct;danger_zone_density,,,not_attempted_no_verified_sportsapi_raw_duel_schema,static_tactical_session_absent,2026-08-22T00:00:00+00:00
643447,Leonardo Ruiz,2021/2022,league,8,,cca_area_pct;danger_zone_density,,,not_attempted_no_verified_sportsapi_raw_duel_schema,static_tactical_session_absent,2026-08-22T00:00:00+00:00
919671,Liberato Cacace,2021/2022,league,8,,cca_area_pct;danger_zone_density,,,not_attempted_no_verified_sportsapi_raw_duel_schema,static_tactical_session_absent,2026-08-22T00:00:00+00:00
637589,Lincoln,2021/2022,league,8,,cca_area_pct;danger_zone_density,,,not_attempted_no_verified_sportsapi_raw_duel_schema,static_tactical_session_absent,2026-08-22T00:00:00+00:00
14557,Lior Refaelov,2021/2022,league,8,,cca_area_pct;danger_zone_density,,,not_attempted_no_verified_sportsapi_raw_duel_schema,static_tactical_session_absent,2026-08-22T00:00:00+00:00
955808,Loreintz Rosier,2021/2022,league,8,,cca_area_pct;danger_zone_density,,,not_attempted_no_verified_sportsapi_raw_duel_schema,static_tactical_session_absent,2026-08-22T00:00:00+00:00
979756,Loïc Bessilé,2021/2022,league,8,,cca_area_pct;danger_zone_density,,,not_attempted_no_verified_sportsapi_raw_duel_schema,static_tactical_session_absent,2026-08-22T00:00:00+00:00
874630,Loïc Lapoussin,2021/2022,league,8,,cca_area_pct;danger_zone_density,,,not_attempted_no_verified_sportsapi_raw_duel_schema,static_tactical_session_absent,2026-08-22T00:00:00+00:00
1067741,Luca Oyen,2021/2022,league,8,,cca_area_pct;danger_zone_density,,,not_attempted_no_verified_sportsapi_raw_duel_schema,static_tactical_session_absent,2026-08-22T00:00:00+00:00
269222,Lucas Alario,2021/2022,league,8,,final_third_possessions_won,,,not_attempted_no_verified_sportsapi_raw_duel_schema,static_source_field_absent,2026-08-22T00:00:00+00:00
1030128,Lucas Silva,2021/2022,league,8,,cca_area_pct;danger_zone_density,,,not_attempted_no_verified_sportsapi_raw_duel_schema,static_tactical_session_absent,2026-08-22T00:00:00+00:00
860914,Luis Díaz,2021/2022,league,8,,cca_area_pct;danger_zone_density,,,not_attempted_no_verified_sportsapi_raw_duel_schema,static_tactical_session_absent,2026-08-22T00:00:00+00:00
40636,Luis Suárez,2021/2022,league,8,,cca_area_pct;danger_zone_density,,,not_attempted_no_verified_sportsapi_raw_duel_schema,static_tactical_session_absent,2026-08-22T00:00:00+00:00
40636,Luis Suárez,2021/2022,europe,,ucl,final_third_possessions_won,,,not_attempted_no_verified_sportsapi_raw_duel_schema,static_source_field_absent,2026-08-22T00:00:00+00:00
850925,Majeed Ashimeru,2021/2022,league,8,,cca_area_pct;danger_zone_density,,,not_attempted_no_verified_sportsapi_raw_duel_schema,static_tactical_session_absent,2026-08-22T00:00:00+00:00
949483,Makhtar Gueye,2021/2022,league,8,,cca_area_pct;danger_zone_density,,,not_attempted_no_verified_sportsapi_raw_duel_schema,static_tactical_session_absent,2026-08-22T00:00:00+00:00
643668,Mamadou Loum Ndiaye,2021/2022,league,8,,cca_area_pct;danger_zone_density,,,not_attempted_no_verified_sportsapi_raw_duel_schema,static_tactical_session_absent,2026-08-22T00:00:00+00:00
536457,Manuel Benson,2021/2022,league,8,,cca_area_pct;danger_zone_density,,,not_attempted_no_verified_sportsapi_raw_duel_schema,static_tactical_session_absent,2026-08-22T00:00:00+00:00
498033,Marco Asensio,2021/2022,league,8,,aerial_duels_won;aerial_duel_attempts_raw,,verified_sportsapi_player_id;exact_tournament_id;exact_season_id;aerial_duels_won; aerial_duel_attempts;count_units,not_attempted_no_verified_sportsapi_raw_duel_schema,static_source_field_absent,2026-08-22T00:00:00+00:00
109338,Marco Davide Faraoni,2021/2022,league,8,,cca_area_pct;danger_zone_density,,,not_attempted_no_verified_sportsapi_raw_duel_schema,static_tactical_session_absent,2026-08-22T00:00:00+00:00
145020,Marcos Paulo,2021/2022,league,8,,cca_area_pct;danger_zone_density,,,not_attempted_no_verified_sportsapi_raw_duel_schema,static_tactical_session_absent,2026-08-22T00:00:00+00:00
637744,Marcus Edwards,2021/2022,league,8,,cca_area_pct;danger_zone_density,,,not_attempted_no_verified_sportsapi_raw_duel_schema,static_tactical_session_absent,2026-08-22T00:00:00+00:00
953517,Marius Mouandilmadji,2021/2022,league,8,,cca_area_pct;danger_zone_density,,,not_attempted_no_verified_sportsapi_raw_duel_schema,static_tactical_session_absent,2026-08-22T00:00:00+00:00
815980,Marius Noubissi,2021/2022,league,8,,cca_area_pct;danger_zone_density,,,not_attempted_no_verified_sportsapi_raw_duel_schema,static_tactical_session_absent,2026-08-22T00:00:00+00:00
677249,Marlos Moreno,2021/2022,league,8,,cca_area_pct;danger_zone_density,,,not_attempted_no_verified_sportsapi_raw_duel_schema,static_tactical_session_absent,2026-08-22T00:00:00+00:00
616170,Martin Erlic,2021/2022,league,8,,final_third_possessions_won,,,not_attempted_no_verified_sportsapi_raw_duel_schema,static_source_field_absent,2026-08-22T00:00:00+00:00
620543,Maryan Shved,2021/2022,league,8,,cca_area_pct;danger_zone_density,,,not_attempted_no_verified_sportsapi_raw_duel_schema,static_tactical_session_absent,2026-08-22T00:00:00+00:00
816256,Matheus Costa,2021/2022,league,8,,cca_area_pct;danger_zone_density,,,not_attempted_no_verified_sportsapi_raw_duel_schema,static_tactical_session_absent,2026-08-22T00:00:00+00:00
863098,Matheus Cunha,2021/2022,league,8,,cca_area_pct;danger_zone_density,,,not_attempted_no_verified_sportsapi_raw_duel_schema,static_tactical_session_absent,2026-08-22T00:00:00+00:00
955529,Matheus Nunes,2021/2022,league,8,,cca_area_pct;danger_zone_density,,,not_attempted_no_verified_sportsapi_raw_duel_schema,static_tactical_session_absent,2026-08-22T00:00:00+00:00
497572,Mathieu Maertens,2021/2022,league,8,,cca_area_pct;danger_zone_density,,,not_attempted_no_verified_sportsapi_raw_duel_schema,static_tactical_session_absent,2026-08-22T00:00:00+00:00
1169695,Matisse Samoise,2021/2022,league,8,,cca_area_pct;danger_zone_density,,,not_attempted_no_verified_sportsapi_raw_duel_schema,static_tactical_session_absent,2026-08-22T00:00:00+00:00
178283,Mats Rits,2021/2022,league,8,,cca_area_pct;danger_zone_density,,,not_attempted_no_verified_sportsapi_raw_duel_schema,static_tactical_session_absent,2026-08-22T00:00:00+00:00
687700,Maxi Gómez,2021/2022,league,8,,cca_area_pct;danger_zone_density,,,not_attempted_no_verified_sportsapi_raw_duel_schema,static_tactical_session_absent,2026-08-22T00:00:00+00:00
437329,Mbwana Samatta,2021/2022,league,8,,cca_area_pct;danger_zone_density,,,not_attempted_no_verified_sportsapi_raw_duel_schema,static_tactical_session_absent,2026-08-22T00:00:00+00:00
619506,Mehdi Taremi,2021/2022,league,8,,cca_area_pct;danger_zone_density,,,not_attempted_no_verified_sportsapi_raw_duel_schema,static_tactical_session_absent,2026-08-22T00:00:00+00:00
694060,Meschack Elia,2021/2022,europe,,ucl,cca_area_pct;danger_zone_density,,,not_attempted_no_verified_sportsapi_raw_duel_schema,static_tactical_session_absent,2026-08-22T00:00:00+00:00
304860,Michael Frey,2021/2022,league,8,,cca_area_pct;danger_zone_density,,,not_attempted_no_verified_sportsapi_raw_duel_schema,static_tactical_session_absent,2026-08-22T00:00:00+00:00
560772,Michael Ngadeu-Ngadjui,2021/2022,league,8,,cca_area_pct;danger_zone_density,,,not_attempted_no_verified_sportsapi_raw_duel_schema,static_tactical_session_absent,2026-08-22T00:00:00+00:00
1173248,Michel-Ange Balikwisha,2021/2022,league,8,,cca_area_pct;danger_zone_density,,,not_attempted_no_verified_sportsapi_raw_duel_schema,static_tactical_session_absent,2026-08-22T00:00:00+00:00
963983,Mike Trésor,2021/2022,league,8,,cca_area_pct;danger_zone_density,,,not_attempted_no_verified_sportsapi_raw_duel_schema,static_tactical_session_absent,2026-08-22T00:00:00+00:00
264860,Mike van der Hoorn,2021/2022,league,8,,cca_area_pct;danger_zone_density,,,not_attempted_no_verified_sportsapi_raw_duel_schema,static_tactical_session_absent,2026-08-22T00:00:00+00:00
869780,Mory Konaté,2021/2022,league,8,,cca_area_pct;danger_zone_density,,,not_attempted_no_verified_sportsapi_raw_duel_schema,static_tactical_session_absent,2026-08-22T00:00:00+00:00
813055,Mousa Tamari,2021/2022,league,8,,cca_area_pct;danger_zone_density,,,not_attempted_no_verified_sportsapi_raw_duel_schema,static_tactical_session_absent,2026-08-22T00:00:00+00:00
923498,Moussa Diaby,2021/2022,europe,,uel,aerial_duels_won;aerial_duel_attempts_raw,,verified_sportsapi_player_id;exact_tournament_id;exact_season_id;aerial_duels_won; aerial_duel_attempts;count_units,not_attempted_no_verified_sportsapi_raw_duel_schema,static_source_field_absent,2026-08-22T00:00:00+00:00
312669,Musashi Suzuki,2021/2022,league,8,,cca_area_pct;danger_zone_density,,,not_attempted_no_verified_sportsapi_raw_duel_schema,static_tactical_session_absent,2026-08-22T00:00:00+00:00
822794,Nedim Bajrami,2021/2022,league,8,,aerial_duels_won;aerial_duel_attempts_raw,,verified_sportsapi_player_id;exact_tournament_id;exact_season_id;aerial_duels_won; aerial_duel_attempts;count_units,not_attempted_no_verified_sportsapi_raw_duel_schema,static_source_field_absent,2026-08-22T00:00:00+00:00
1140919,Nick Bätzner,2021/2022,league,8,,cca_area_pct;danger_zone_density,,,not_attempted_no_verified_sportsapi_raw_duel_schema,static_tactical_session_absent,2026-08-22T00:00:00+00:00
863869,Nicolas Raskin,2021/2022,league,8,,cca_area_pct;danger_zone_density,,,not_attempted_no_verified_sportsapi_raw_duel_schema,static_tactical_session_absent,2026-08-22T00:00:00+00:00
465726,Nikola Storm,2021/2022,league,8,,cca_area_pct;danger_zone_density,,,not_attempted_no_verified_sportsapi_raw_duel_schema,static_tactical_session_absent,2026-08-22T00:00:00+00:00
861933,Nikolai Baden,2021/2022,league,8,,cca_area_pct;danger_zone_density,,,not_attempted_no_verified_sportsapi_raw_duel_schema,static_tactical_session_absent,2026-08-22T00:00:00+00:00
837341,Noa Lang,2021/2022,league,8,,cca_area_pct;danger_zone_density,,,not_attempted_no_verified_sportsapi_raw_duel_schema,static_tactical_session_absent,2026-08-22T00:00:00+00:00
1188608,Nuno Moreira,2021/2022,league,8,,cca_area_pct;danger_zone_density,,,not_attempted_no_verified_sportsapi_raw_duel_schema,static_tactical_session_absent,2026-08-22T00:00:00+00:00
554283,Nuno Santos,2021/2022,league,8,,cca_area_pct;danger_zone_density,,,not_attempted_no_verified_sportsapi_raw_duel_schema,static_tactical_session_absent,2026-08-22T00:00:00+00:00
867395,Nuno Santos,2021/2022,league,8,,cca_area_pct;danger_zone_density,,,not_attempted_no_verified_sportsapi_raw_duel_schema,static_tactical_session_absent,2026-08-22T00:00:00+00:00
470806,Núrio,2021/2022,league,8,,cca_area_pct;danger_zone_density,,,not_attempted_no_verified_sportsapi_raw_duel_schema,static_tactical_session_absent,2026-08-22T00:00:00+00:00
855623,Oday Dabbagh,2021/2022,league,8,,cca_area_pct;danger_zone_density,,,not_attempted_no_verified_sportsapi_raw_duel_schema,static_tactical_session_absent,2026-08-22T00:00:00+00:00
969856,Olivier Deman,2021/2022,league,8,,cca_area_pct;danger_zone_density,,,not_attempted_no_verified_sportsapi_raw_duel_schema,static_tactical_session_absent,2026-08-22T00:00:00+00:00
397019,Otávio,2021/2022,league,8,,cca_area_pct;danger_zone_density,,,not_attempted_no_verified_sportsapi_raw_duel_schema,static_tactical_session_absent,2026-08-22T00:00:00+00:00
397019,Otávio,2021/2022,europe,,ucl,xgot,,,not_attempted_no_verified_sportsapi_raw_duel_schema,static_source_field_absent,2026-08-22T00:00:00+00:00
240054,Pablo Sarabia,2021/2022,league,8,,cca_area_pct;danger_zone_density,,,not_attempted_no_verified_sportsapi_raw_duel_schema,static_tactical_session_absent,2026-08-22T00:00:00+00:00
351661,Patrik Hrosovsky,2021/2022,league,8,,cca_area_pct;danger_zone_density,,,not_attempted_no_verified_sportsapi_raw_duel_schema,static_tactical_session_absent,2026-08-22T00:00:00+00:00
412357,Paul Onuachu,2021/2022,league,8,,cca_area_pct;danger_zone_density,,,not_attempted_no_verified_sportsapi_raw_duel_schema,static_tactical_session_absent,2026-08-22T00:00:00+00:00
361377,Paulinho,2021/2022,league,8,,cca_area_pct;danger_zone_density,,,not_attempted_no_verified_sportsapi_raw_duel_schema,static_tactical_session_absent,2026-08-22T00:00:00+00:00
387439,Pedrinho,2021/2022,league,8,,cca_area_pct;danger_zone_density,,,not_attempted_no_verified_sportsapi_raw_duel_schema,static_tactical_session_absent,2026-08-22T00:00:00+00:00
570835,Pedro Nuno,2021/2022,league,8,,cca_area_pct;danger_zone_density,,,not_attempted_no_verified_sportsapi_raw_duel_schema,static_tactical_session_absent,2026-08-22T00:00:00+00:00
941573,Pedro Porro,2021/2022,league,8,,cca_area_pct;danger_zone_density,,,not_attempted_no_verified_sportsapi_raw_duel_schema,static_tactical_session_absent,2026-08-22T00:00:00+00:00
850356,Pepê,2021/2022,league,8,,cca_area_pct;danger_zone_density,,,not_attempted_no_verified_sportsapi_raw_duel_schema,static_tactical_session_absent,2026-08-22T00:00:00+00:00
709796,Petar Musa,2021/2022,league,8,,cca_area_pct;danger_zone_density,,,not_attempted_no_verified_sportsapi_raw_duel_schema,static_tactical_session_absent,2026-08-22T00:00:00+00:00
465746,Pieter Gerkens,2021/2022,league,8,,cca_area_pct;danger_zone_density,,,not_attempted_no_verified_sportsapi_raw_duel_schema,static_tactical_session_absent,2026-08-22T00:00:00+00:00
362212,Piotr Zielinski,2021/2022,europe,,uel,aerial_duels_won;aerial_duel_attempts_raw,,verified_sportsapi_player_id;exact_tournament_id;exact_season_id;aerial_duels_won; aerial_duel_attempts;count_units,not_attempted_no_verified_sportsapi_raw_duel_schema,static_source_field_absent,2026-08-22T00:00:00+00:00
174031,Pontus Jansson,2021/2022,league,8,,final_third_possessions_won,,,not_attempted_no_verified_sportsapi_raw_duel_schema,static_source_field_absent,2026-08-22T00:00:00+00:00
875133,Pote,2021/2022,league,8,,cca_area_pct;danger_zone_density,,,not_attempted_no_verified_sportsapi_raw_duel_schema,static_tactical_session_absent,2026-08-22T00:00:00+00:00
672721,Pêpê,2021/2022,league,8,,cca_area_pct;danger_zone_density,,,not_attempted_no_verified_sportsapi_raw_duel_schema,static_tactical_session_absent,2026-08-22T00:00:00+00:00
872968,Rabbi Matondo,2021/2022,league,8,,cca_area_pct;danger_zone_density,,,not_attempted_no_verified_sportsapi_raw_duel_schema,static_tactical_session_absent,2026-08-22T00:00:00+00:00
41433,Radja Nainggolan,2021/2022,league,8,,cca_area_pct;danger_zone_density,,,not_attempted_no_verified_sportsapi_raw_duel_schema,static_tactical_session_absent,2026-08-22T00:00:00+00:00
477023,Rafa Silva,2021/2022,league,8,,cca_area_pct;danger_zone_density,,,not_attempted_no_verified_sportsapi_raw_duel_schema,static_tactical_session_absent,2026-08-22T00:00:00+00:00
641218,Rafael Barbosa,2021/2022,league,8,,aerial_duels_won;aerial_duel_attempts_raw;cca_area_pct;danger_zone_density,,verified_sportsapi_player_id;exact_tournament_id;exact_season_id;aerial_duels_won; aerial_duel_attempts;count_units,not_attempted_no_verified_sportsapi_raw_duel_schema,static_tactical_session_absent,2026-08-22T00:00:00+00:00
211118,Rafael Martins,2021/2022,league,8,,cca_area_pct;danger_zone_density,,,not_attempted_no_verified_sportsapi_raw_duel_schema,static_tactical_session_absent,2026-08-22T00:00:00+00:00
814869,Rafik Guitane,2021/2022,league,8,,aerial_duels_won;aerial_duel_attempts_raw;cca_area_pct;danger_zone_density,,verified_sportsapi_player_id;exact_tournament_id;exact_season_id;aerial_duels_won; aerial_duel_attempts;count_units,not_attempted_no_verified_sportsapi_raw_duel_schema,static_tactical_session_absent,2026-08-22T00:00:00+00:00
832400,Ramiro Vaca,2021/2022,league,8,,cca_area_pct;danger_zone_density,,,not_attempted_no_verified_sportsapi_raw_duel_schema,static_tactical_session_absent,2026-08-22T00:00:00+00:00
500934,Raphael Guzzo,2021/2022,league,8,,cca_area_pct;danger_zone_density,,,not_attempted_no_verified_sportsapi_raw_duel_schema,static_tactical_session_absent,2026-08-22T00:00:00+00:00
215170,Raphael Holzhauser,2021/2022,league,8,,cca_area_pct;danger_zone_density,,,not_attempted_no_verified_sportsapi_raw_duel_schema,static_tactical_session_absent,2026-08-22T00:00:00+00:00
749737,Renat Dadashov,2021/2022,league,8,,cca_area_pct;danger_zone_density,,,not_attempted_no_verified_sportsapi_raw_duel_schema,static_tactical_session_absent,2026-08-22T00:00:00+00:00
1195451,Ricardinho,2021/2022,league,8,,cca_area_pct;danger_zone_density,,,not_attempted_no_verified_sportsapi_raw_duel_schema,static_tactical_session_absent,2026-08-22T00:00:00+00:00
432591,Ricardo Horta,2021/2022,league,8,,cca_area_pct;danger_zone_density,,,not_attempted_no_verified_sportsapi_raw_duel_schema,static_tactical_session_absent,2026-08-22T00:00:00+00:00
432591,Ricardo Horta,2021/2022,europe,,uel,aerial_duels_won;aerial_duel_attempts_raw,,verified_sportsapi_player_id;exact_tournament_id;exact_season_id;aerial_duels_won; aerial_duel_attempts;count_units,not_attempted_no_verified_sportsapi_raw_duel_schema,static_source_field_absent,2026-08-22T00:00:00+00:00
38239,Ricardo Quaresma,2021/2022,league,8,,cca_area_pct;danger_zone_density,,,not_attempted_no_verified_sportsapi_raw_duel_schema,static_tactical_session_absent,2026-08-22T00:00:00+00:00
1033147,Riccieli,2021/2022,league,8,,cca_area_pct;danger_zone_density,,,not_attempted_no_verified_sportsapi_raw_duel_schema,static_tactical_session_absent,2026-08-22T00:00:00+00:00
215415,Rob Schoofs,2021/2022,league,8,,cca_area_pct;danger_zone_density,,,not_attempted_no_verified_sportsapi_raw_duel_schema,static_tactical_session_absent,2026-08-22T00:00:00+00:00
899291,Roberto Massimo,2021/2022,league,8,,cca_area_pct;danger_zone_density,,,not_attempted_no_verified_sportsapi_raw_duel_schema,static_tactical_session_absent,2026-08-22T00:00:00+00:00
554285,Rochinha,2021/2022,league,8,,cca_area_pct;danger_zone_density,,,not_attempted_no_verified_sportsapi_raw_duel_schema,static_tactical_session_absent,2026-08-22T00:00:00+00:00
173622,Roman Bezus,2021/2022,league,8,,cca_area_pct;danger_zone_density,,,not_attempted_no_verified_sportsapi_raw_duel_schema,static_tactical_session_absent,2026-08-22T00:00:00+00:00
643690,Roman Yaremchuk,2021/2022,league,8,,cca_area_pct;danger_zone_density,,,not_attempted_no_verified_sportsapi_raw_duel_schema,static_tactical_session_absent,2026-08-22T00:00:00+00:00
627599,Ruben Lameiras,2021/2022,league,8,,cca_area_pct;danger_zone_density,,,not_attempted_no_verified_sportsapi_raw_duel_schema,static_tactical_session_absent,2026-08-22T00:00:00+00:00
776568,Rui Costa,2021/2022,league,8,,cca_area_pct;danger_zone_density,,,not_attempted_no_verified_sportsapi_raw_duel_schema,static_tactical_session_absent,2026-08-22T00:00:00+00:00
109061,Ruud Vormer,2021/2022,league,8,,cca_area_pct;danger_zone_density,,,not_attempted_no_verified_sportsapi_raw_duel_schema,static_tactical_session_absent,2026-08-22T00:00:00+00:00
196288,Ryota Morioka,2021/2022,league,8,,cca_area_pct;danger_zone_density,,,not_attempted_no_verified_sportsapi_raw_duel_schema,static_tactical_session_absent,2026-08-22T00:00:00+00:00
214449,Salvador Agra,2021/2022,league,8,,cca_area_pct;danger_zone_density,,,not_attempted_no_verified_sportsapi_raw_duel_schema,static_tactical_session_absent,2026-08-22T00:00:00+00:00
667952,Samu,2021/2022,league,8,,cca_area_pct;danger_zone_density,,,not_attempted_no_verified_sportsapi_raw_duel_schema,static_tactical_session_absent,2026-08-22T00:00:00+00:00
1082941,Samuel Dias Lino,2021/2022,league,8,,cca_area_pct;danger_zone_density,,,not_attempted_no_verified_sportsapi_raw_duel_schema,static_tactical_session_absent,2026-08-22T00:00:00+00:00
354175,Sandy Walsh,2021/2022,league,8,,cca_area_pct;danger_zone_density,,,not_attempted_no_verified_sportsapi_raw_duel_schema,static_tactical_session_absent,2026-08-22T00:00:00+00:00
199560,Sebastian Andersson,2021/2022,league,8,,cca_area_pct;danger_zone_density,,,not_attempted_no_verified_sportsapi_raw_duel_schema,static_tactical_session_absent,2026-08-22T00:00:00+00:00
165526,Sebastián Coates,2021/2022,league,8,,cca_area_pct;danger_zone_density,,,not_attempted_no_verified_sportsapi_raw_duel_schema,static_tactical_session_absent,2026-08-22T00:00:00+00:00
150649,Sergio Canales,2021/2022,europe,,uel,aerial_duels_won;aerial_duel_attempts_raw,,verified_sportsapi_player_id;exact_tournament_id;exact_season_id;aerial_duels_won; aerial_duel_attempts;count_units,not_attempted_no_verified_sportsapi_raw_duel_schema,static_source_field_absent,2026-08-22T00:00:00+00:00
844477,Sergio Gómez,2021/2022,league,8,,cca_area_pct;danger_zone_density,,,not_attempted_no_verified_sportsapi_raw_duel_schema,static_tactical_session_absent,2026-08-22T00:00:00+00:00
310214,Shoya Nakajima,2021/2022,league,8,,cca_area_pct;danger_zone_density,,,not_attempted_no_verified_sportsapi_raw_duel_schema,static_tactical_session_absent,2026-08-22T00:00:00+00:00
354494,Siebe Schrijvers,2021/2022,league,8,,cca_area_pct;danger_zone_density,,,not_attempted_no_verified_sportsapi_raw_duel_schema,static_tactical_session_absent,2026-08-22T00:00:00+00:00
696932,Simon Banza,2021/2022,league,8,,cca_area_pct;danger_zone_density,,,not_attempted_no_verified_sportsapi_raw_duel_schema,static_tactical_session_absent,2026-08-22T00:00:00+00:00
554930,Smail Prevljak,2021/2022,league,8,,cca_area_pct;danger_zone_density,,,not_attempted_no_verified_sportsapi_raw_duel_schema,static_tactical_session_absent,2026-08-22T00:00:00+00:00
822026,Sory Kaba,2021/2022,league,8,,cca_area_pct;danger_zone_density,,,not_attempted_no_verified_sportsapi_raw_duel_schema,static_tactical_session_absent,2026-08-22T00:00:00+00:00
295102,Stef Peeters,2021/2022,league,8,,cca_area_pct;danger_zone_density,,,not_attempted_no_verified_sportsapi_raw_duel_schema,static_tactical_session_absent,2026-08-22T00:00:00+00:00
163994,Steven Vitória,2021/2022,league,8,,final_third_possessions_won;cca_area_pct;danger_zone_density,,,not_attempted_no_verified_sportsapi_raw_duel_schema,static_tactical_session_absent,2026-08-22T00:00:00+00:00
922731,Taichi Hara,2021/2022,league,8,,cca_area_pct;danger_zone_density,,,not_attempted_no_verified_sportsapi_raw_duel_schema,static_tactical_session_absent,2026-08-22T00:00:00+00:00
562869,Tarik Tissoudali,2021/2022,league,8,,cca_area_pct;danger_zone_density,,,not_attempted_no_verified_sportsapi_raw_duel_schema,static_tactical_session_absent,2026-08-22T00:00:00+00:00
720733,Teddy Teuma,2021/2022,league,8,,cca_area_pct;danger_zone_density,,,not_attempted_no_verified_sportsapi_raw_duel_schema,static_tactical_session_absent,2026-08-22T00:00:00+00:00
1106599,Thibo Somers,2021/2022,league,8,,cca_area_pct;danger_zone_density,,,not_attempted_no_verified_sportsapi_raw_duel_schema,static_tactical_session_absent,2026-08-22T00:00:00+00:00
607120,Thierry Ambrose,2021/2022,league,8,,cca_area_pct;danger_zone_density,,,not_attempted_no_verified_sportsapi_raw_duel_schema,static_tactical_session_absent,2026-08-22T00:00:00+00:00
466132,Théo Bongonda,2021/2022,league,8,,cca_area_pct;danger_zone_density,,,not_attempted_no_verified_sportsapi_raw_duel_schema,static_tactical_session_absent,2026-08-22T00:00:00+00:00
422812,Tiago Silva,2021/2022,league,8,,cca_area_pct;danger_zone_density,,,not_attempted_no_verified_sportsapi_raw_duel_schema,static_tactical_session_absent,2026-08-22T00:00:00+00:00
640123,Toni Martínez,2021/2022,league,8,,cca_area_pct;danger_zone_density,,,not_attempted_no_verified_sportsapi_raw_duel_schema,static_tactical_session_absent,2026-08-22T00:00:00+00:00
207021,Trent Sainsbury,2021/2022,league,8,,final_third_possessions_won;cca_area_pct;danger_zone_density,,,not_attempted_no_verified_sportsapi_raw_duel_schema,static_tactical_session_absent,2026-08-22T00:00:00+00:00
643230,Tyler Roberts,2021/2022,league,8,,cca_area_pct;danger_zone_density,,,not_attempted_no_verified_sportsapi_raw_duel_schema,static_tactical_session_absent,2026-08-22T00:00:00+00:00
952234,Uilton,2021/2022,league,8,,cca_area_pct;danger_zone_density,,,not_attempted_no_verified_sportsapi_raw_duel_schema,static_tactical_session_absent,2026-08-22T00:00:00+00:00
38366,Vadis Odjidja-Ofoe,2021/2022,league,8,,cca_area_pct;danger_zone_density,,,not_attempted_no_verified_sportsapi_raw_duel_schema,static_tactical_session_absent,2026-08-22T00:00:00+00:00
1061249,Vitinha,2021/2022,league,8,,cca_area_pct;danger_zone_density,,,not_attempted_no_verified_sportsapi_raw_duel_schema,static_tactical_session_absent,2026-08-22T00:00:00+00:00
1215057,Vítinha,2021/2022,league,8,,cca_area_pct;danger_zone_density,,,not_attempted_no_verified_sportsapi_raw_duel_schema,static_tactical_session_absent,2026-08-22T00:00:00+00:00
792080,Walterson,2021/2022,league,8,,cca_area_pct;danger_zone_density,,,not_attempted_no_verified_sportsapi_raw_duel_schema,static_tactical_session_absent,2026-08-22T00:00:00+00:00
776972,Wenderson Galeno,2021/2022,league,8,,cca_area_pct;danger_zone_density,,,not_attempted_no_verified_sportsapi_raw_duel_schema,static_tactical_session_absent,2026-08-22T00:00:00+00:00
210184,Wissam Ben Yedder,2021/2022,europe,,uel,final_third_possessions_won,,,not_attempted_no_verified_sportsapi_raw_duel_schema,static_source_field_absent,2026-08-22T00:00:00+00:00
179513,Xavier Mercier,2021/2022,league,8,,aerial_duels_won;aerial_duel_attempts_raw;cca_area_pct;danger_zone_density,,verified_sportsapi_player_id;exact_tournament_id;exact_season_id;aerial_duels_won; aerial_duel_attempts;count_units,not_attempted_no_verified_sportsapi_raw_duel_schema,static_tactical_session_absent,2026-08-22T00:00:00+00:00
758460,Yan,2021/2022,league,8,,cca_area_pct;danger_zone_density,,,not_attempted_no_verified_sportsapi_raw_duel_schema,static_tactical_session_absent,2026-08-22T00:00:00+00:00
979748,Yanis Hamache,2021/2022,league,8,,cca_area_pct;danger_zone_density,,,not_attempted_no_verified_sportsapi_raw_duel_schema,static_tactical_session_absent,2026-08-22T00:00:00+00:00
988793,Yari Verschaeren,2021/2022,league,8,,cca_area_pct;danger_zone_density,,,not_attempted_no_verified_sportsapi_raw_duel_schema,static_tactical_session_absent,2026-08-22T00:00:00+00:00
176989,Yaroslav Rakitskiy,2021/2022,europe,,ucl,cca_area_pct;danger_zone_density,,,not_attempted_no_verified_sportsapi_raw_duel_schema,static_tactical_session_absent,2026-08-22T00:00:00+00:00
929781,Yonas Malede,2021/2022,league,8,,cca_area_pct;danger_zone_density,,,not_attempted_no_verified_sportsapi_raw_duel_schema,static_tactical_session_absent,2026-08-22T00:00:00+00:00
814619,Youssef Maziz,2021/2022,league,8,,cca_area_pct;danger_zone_density,,,not_attempted_no_verified_sportsapi_raw_duel_schema,static_tactical_session_absent,2026-08-22T00:00:00+00:00
618933,Yusupha Njie,2021/2022,league,8,,cca_area_pct;danger_zone_density,,,not_attempted_no_verified_sportsapi_raw_duel_schema,static_tactical_session_absent,2026-08-22T00:00:00+00:00
1079056,Zaidu Sanusi,2021/2022,league,8,,cca_area_pct;danger_zone_density,,,not_attempted_no_verified_sportsapi_raw_duel_schema,static_tactical_session_absent,2026-08-22T00:00:00+00:00
277772,Zinho Gano,2021/2022,league,8,,cca_area_pct;danger_zone_density,,,not_attempted_no_verified_sportsapi_raw_duel_schema,static_tactical_session_absent,2026-08-22T00:00:00+00:00
1042107,Álex Cantero,2021/2022,league,8,,cca_area_pct;danger_zone_density,,,not_attempted_no_verified_sportsapi_raw_duel_schema,static_tactical_session_absent,2026-08-22T00:00:00+00:00
1093297,Álex Millán,2021/2022,league,8,,cca_area_pct;danger_zone_density,,,not_attempted_no_verified_sportsapi_raw_duel_schema,static_tactical_session_absent,2026-08-22T00:00:00+00:00
46509,Ángel Di Maria,2021/2022,league,8,,aerial_duels_won;aerial_duel_attempts_raw,,verified_sportsapi_player_id;exact_tournament_id;exact_season_id;aerial_duels_won; aerial_duel_attempts;count_units,not_attempted_no_verified_sportsapi_raw_duel_schema,static_source_field_absent,2026-08-22T00:00:00+00:00
528348,Éverton,2021/2022,league,8,,cca_area_pct;danger_zone_density,,,not_attempted_no_verified_sportsapi_raw_duel_schema,static_tactical_session_absent,2026-08-22T00:00:00+00:00
683880,Óscar Estupiñán,2021/2022,league,8,,cca_area_pct;danger_zone_density,,,not_attempted_no_verified_sportsapi_raw_duel_schema,static_tactical_session_absent,2026-08-22T00:00:00+00:00
841352,Abdul-Aziz Yakubu,2022/2023,league,8,,cca_area_pct;danger_zone_density,,,not_attempted_no_verified_sportsapi_raw_duel_schema,static_tactical_session_absent,2026-08-22T00:00:00+00:00
748380,Abel Ruiz,2022/2023,league,8,,cca_area_pct;danger_zone_density,,,not_attempted_no_verified_sportsapi_raw_duel_schema,static_tactical_session_absent,2026-08-22T00:00:00+00:00
547710,Adama Traoré,2022/2023,europe,,uel,cca_area_pct;danger_zone_density,,,not_attempted_no_verified_sportsapi_raw_duel_schema,static_tactical_session_absent,2026-08-22T00:00:00+00:00
1102246,Adrián Butzke,2022/2023,league,8,,cca_area_pct;danger_zone_density,,,not_attempted_no_verified_sportsapi_raw_duel_schema,static_tactical_session_absent,2026-08-22T00:00:00+00:00
263707,Alan Ruiz,2022/2023,league,8,,cca_area_pct;danger_zone_density,,,not_attempted_no_verified_sportsapi_raw_duel_schema,static_tactical_session_absent,2026-08-22T00:00:00+00:00
288406,Alejandro Grimaldo,2022/2023,league,8,,cca_area_pct;danger_zone_density,,,not_attempted_no_verified_sportsapi_raw_duel_schema,static_tactical_session_absent,2026-08-22T00:00:00+00:00
602306,Alessio Da Cruz,2022/2023,league,8,,cca_area_pct;danger_zone_density,,,not_attempted_no_verified_sportsapi_raw_duel_schema,static_tactical_session_absent,2026-08-22T00:00:00+00:00
790727,Alex Dobre,2022/2023,league,8,,cca_area_pct;danger_zone_density,,,not_attempted_no_verified_sportsapi_raw_duel_schema,static_tactical_session_absent,2026-08-22T00:00:00+00:00
793924,Alisson Safira,2022/2023,league,8,,cca_area_pct;danger_zone_density,,,not_attempted_no_verified_sportsapi_raw_duel_schema,static_tactical_session_absent,2026-08-22T00:00:00+00:00
646517,Allano,2022/2023,league,8,,cca_area_pct;danger_zone_density,,,not_attempted_no_verified_sportsapi_raw_duel_schema,static_tactical_session_absent,2026-08-22T00:00:00+00:00
737444,Amath Ndiaye,2022/2023,league,8,,cca_area_pct;danger_zone_density,,,not_attempted_no_verified_sportsapi_raw_duel_schema,static_tactical_session_absent,2026-08-22T00:00:00+00:00
643635,Amir Murillo,2022/2023,league,8,,cca_area_pct;danger_zone_density,,,not_attempted_no_verified_sportsapi_raw_duel_schema,static_tactical_session_absent,2026-08-22T00:00:00+00:00
1031319,Amirhossein Hosseinzadeh,2022/2023,league,8,,cca_area_pct;danger_zone_density,,,not_attempted_no_verified_sportsapi_raw_duel_schema,static_tactical_session_absent,2026-08-22T00:00:00+00:00
1130889,Anderson,2022/2023,league,8,,final_third_possessions_won;cca_area_pct;danger_zone_density,,,not_attempted_no_verified_sportsapi_raw_duel_schema,static_tactical_session_absent,2026-08-22T00:00:00+00:00
876734,Anderson Silva,2022/2023,league,8,,cca_area_pct;danger_zone_density,,,not_attempted_no_verified_sportsapi_raw_duel_schema,static_tactical_session_absent,2026-08-22T00:00:00+00:00
816235,Andre Pereira,2022/2023,league,8,,cca_area_pct;danger_zone_density,,,not_attempted_no_verified_sportsapi_raw_duel_schema,static_tactical_session_absent,2026-08-22T00:00:00+00:00
919919,André,2022/2023,league,8,,cca_area_pct;danger_zone_density,,,not_attempted_no_verified_sportsapi_raw_duel_schema,static_tactical_session_absent,2026-08-22T00:00:00+00:00
1218555,André Amaro,2022/2023,league,8,,final_third_possessions_won;cca_area_pct;danger_zone_density,,,not_attempted_no_verified_sportsapi_raw_duel_schema,static_tactical_session_absent,2026-08-22T00:00:00+00:00
1080684,André Franco,2022/2023,league,8,,cca_area_pct;danger_zone_density,,,not_attempted_no_verified_sportsapi_raw_duel_schema,static_tactical_session_absent,2026-08-22T00:00:00+00:00
819916,André Vidigal,2022/2023,league,8,,cca_area_pct;danger_zone_density,,,not_attempted_no_verified_sportsapi_raw_duel_schema,static_tactical_session_absent,2026-08-22T00:00:00+00:00
210282,Anthony Lozano,2022/2023,league,8,,cca_area_pct;danger_zone_density,,,not_attempted_no_verified_sportsapi_raw_duel_schema,static_tactical_session_absent,2026-08-22T00:00:00+00:00
1248736,Antony,2022/2023,league,8,,cca_area_pct;danger_zone_density,,,not_attempted_no_verified_sportsapi_raw_duel_schema,static_tactical_session_absent,2026-08-22T00:00:00+00:00
1292092,António Silva,2022/2023,league,8,,cca_area_pct;danger_zone_density,,,not_attempted_no_verified_sportsapi_raw_duel_schema,static_tactical_session_absent,2026-08-22T00:00:00+00:00
301023,Armando Izzo,2022/2023,league,8,,final_third_possessions_won,,,not_attempted_no_verified_sportsapi_raw_duel_schema,static_source_field_absent,2026-08-22T00:00:00+00:00
689051,Arthur,2022/2023,league,8,,cca_area_pct;danger_zone_density,,,not_attempted_no_verified_sportsapi_raw_duel_schema,static_tactical_session_absent,2026-08-22T00:00:00+00:00
680011,Bart Nieuwkoop,2022/2023,league,8,,cca_area_pct;danger_zone_density,,,not_attempted_no_verified_sportsapi_raw_duel_schema,static_tactical_session_absent,2026-08-22T00:00:00+00:00
1100315,Billel Messaoudi,2022/2023,league,8,,cca_area_pct;danger_zone_density,,,not_attempted_no_verified_sportsapi_raw_duel_schema,static_tactical_session_absent,2026-08-22T00:00:00+00:00
1256178,Bjorn Meijer,2022/2023,league,8,,cca_area_pct;danger_zone_density,,,not_attempted_no_verified_sportsapi_raw_duel_schema,static_tactical_session_absent,2026-08-22T00:00:00+00:00
262550,Bobby Reid,2022/2023,league,8,,cca_area_pct;danger_zone_density,,,not_attempted_no_verified_sportsapi_raw_duel_schema,static_tactical_session_absent,2026-08-22T00:00:00+00:00
1280127,Boris Popovic,2022/2023,league,8,,cca_area_pct;danger_zone_density,,,not_attempted_no_verified_sportsapi_raw_duel_schema,static_tactical_session_absent,2026-08-22T00:00:00+00:00
208929,Brecht Dejaeghere,2022/2023,league,8,,cca_area_pct;danger_zone_density,,,not_attempted_no_verified_sportsapi_raw_duel_schema,static_tactical_session_absent,2026-08-22T00:00:00+00:00
1052464,Bruno Lourenço,2022/2023,league,8,,cca_area_pct;danger_zone_density,,,not_attempted_no_verified_sportsapi_raw_duel_schema,static_tactical_session_absent,2026-08-22T00:00:00+00:00
562961,Bryan Róchez,2022/2023,league,8,,cca_area_pct;danger_zone_density,,,not_attempted_no_verified_sportsapi_raw_duel_schema,static_tactical_session_absent,2026-08-22T00:00:00+00:00
816001,Carvalho,2022/2023,league,8,,cca_area_pct;danger_zone_density,,,not_attempted_no_verified_sportsapi_raw_duel_schema,static_tactical_session_absent,2026-08-22T00:00:00+00:00
522640,Chico Geraldes,2022/2023,league,8,,cca_area_pct;danger_zone_density,,,not_attempted_no_verified_sportsapi_raw_duel_schema,static_tactical_session_absent,2026-08-22T00:00:00+00:00
332300,Christian Burgess,2022/2023,league,8,,cca_area_pct;danger_zone_density,,,not_attempted_no_verified_sportsapi_raw_duel_schema,static_tactical_session_absent,2026-08-22T00:00:00+00:00
882163,Chukwubuike Adamu,2022/2023,europe,,ucl,cca_area_pct;danger_zone_density,,,not_attempted_no_verified_sportsapi_raw_duel_schema,static_tactical_session_absent,2026-08-22T00:00:00+00:00
1290479,Clayton,2022/2023,league,8,,cca_area_pct;danger_zone_density,,,not_attempted_no_verified_sportsapi_raw_duel_schema,static_tactical_session_absent,2026-08-22T00:00:00+00:00
267368,Cláudio Winck,2022/2023,league,8,,cca_area_pct;danger_zone_density,,,not_attempted_no_verified_sportsapi_raw_duel_schema,static_tactical_session_absent,2026-08-22T00:00:00+00:00
1079456,Costinha,2022/2023,league,8,,cca_area_pct;danger_zone_density,,,not_attempted_no_verified_sportsapi_raw_duel_schema,static_tactical_session_absent,2026-08-22T00:00:00+00:00
188058,Daniel Burn,2022/2023,league,8,,cca_area_pct;danger_zone_density,,,not_attempted_no_verified_sportsapi_raw_duel_schema,static_tactical_session_absent,2026-08-22T00:00:00+00:00
585237,Daniele Verde,2022/2023,league,8,,aerial_duels_won;aerial_duel_attempts_raw,,verified_sportsapi_player_id;exact_tournament_id;exact_season_id;aerial_duels_won; aerial_duel_attempts;count_units,not_attempted_no_verified_sportsapi_raw_duel_schema,static_source_field_absent,2026-08-22T00:00:00+00:00
1138769,David Da Costa,2022/2023,league,8,,cca_area_pct;danger_zone_density,,,not_attempted_no_verified_sportsapi_raw_duel_schema,static_tactical_session_absent,2026-08-22T00:00:00+00:00
793066,David Neres,2022/2023,league,8,,cca_area_pct;danger_zone_density,,,not_attempted_no_verified_sportsapi_raw_duel_schema,static_tactical_session_absent,2026-08-22T00:00:00+00:00
1097467,Dirk Proper,2022/2023,league,8,,cca_area_pct;danger_zone_density,,,not_attempted_no_verified_sportsapi_raw_duel_schema,static_tactical_session_absent,2026-08-22T00:00:00+00:00
862616,Edon Zhegrova,2022/2023,league,8,,aerial_duels_won;aerial_duel_attempts_raw,,verified_sportsapi_player_id;exact_tournament_id;exact_season_id;aerial_duels_won; aerial_duel_attempts;count_units,not_attempted_no_verified_sportsapi_raw_duel_schema,static_source_field_absent,2026-08-22T00:00:00+00:00
561219,Emmanuel Boateng,2022/2023,league,8,,cca_area_pct;danger_zone_density,,,not_attempted_no_verified_sportsapi_raw_duel_schema,static_tactical_session_absent,2026-08-22T00:00:00+00:00
526450,Emmanuel Quartsin Gyasi,2022/2023,league,8,,cca_area_pct;danger_zone_density,,,not_attempted_no_verified_sportsapi_raw_duel_schema,static_tactical_session_absent,2026-08-22T00:00:00+00:00
1137705,Enzo Fernández,2022/2023,league,8,,cca_area_pct;danger_zone_density,,,not_attempted_no_verified_sportsapi_raw_duel_schema,static_tactical_session_absent,2026-08-22T00:00:00+00:00
477362,Euller,2022/2023,league,8,,cca_area_pct;danger_zone_density,,,not_attempted_no_verified_sportsapi_raw_duel_schema,static_tactical_session_absent,2026-08-22T00:00:00+00:00
1098096,Evanilson,2022/2023,league,8,,cca_area_pct;danger_zone_density,,,not_attempted_no_verified_sportsapi_raw_duel_schema,static_tactical_session_absent,2026-08-22T00:00:00+00:00
604870,Faïz Selamani,2022/2023,league,8,,cca_area_pct;danger_zone_density,,,not_attempted_no_verified_sportsapi_raw_duel_schema,static_tactical_session_absent,2026-08-22T00:00:00+00:00
202610,Fidel Chaves,2022/2023,league,8,,cca_area_pct;danger_zone_density,,,not_attempted_no_verified_sportsapi_raw_duel_schema,static_tactical_session_absent,2026-08-22T00:00:00+00:00
178538,Filip Djuricic,2022/2023,league,8,,cca_area_pct;danger_zone_density,,,not_attempted_no_verified_sportsapi_raw_duel_schema,static_tactical_session_absent,2026-08-22T00:00:00+00:00
281012,Filip Kostic,2022/2023,league,8,,cca_area_pct;danger_zone_density,,,not_attempted_no_verified_sportsapi_raw_duel_schema,static_tactical_session_absent,2026-08-22T00:00:00+00:00
1285815,Filipe Relvas,2022/2023,league,8,,cca_area_pct;danger_zone_density,,,not_attempted_no_verified_sportsapi_raw_duel_schema,static_tactical_session_absent,2026-08-22T00:00:00+00:00
184521,Florian Lejeune,2022/2023,league,8,,final_third_possessions_won,,,not_attempted_no_verified_sportsapi_raw_duel_schema,static_source_field_absent,2026-08-22T00:00:00+00:00
1152455,Florian Wirtz,2022/2023,europe,,uel,aerial_duels_won;aerial_duel_attempts_raw,,verified_sportsapi_player_id;exact_tournament_id;exact_season_id;aerial_duels_won; aerial_duel_attempts;count_units,not_attempted_no_verified_sportsapi_raw_duel_schema,static_source_field_absent,2026-08-22T00:00:00+00:00
671855,Fran Navarro,2022/2023,league,8,,cca_area_pct;danger_zone_density,,,not_attempted_no_verified_sportsapi_raw_duel_schema,static_tactical_session_absent,2026-08-22T00:00:00+00:00
310768,Fredrik Aursnes,2022/2023,league,8,,cca_area_pct;danger_zone_density,,,not_attempted_no_verified_sportsapi_raw_duel_schema,static_tactical_session_absent,2026-08-22T00:00:00+00:00
1288115,Fábio Ronaldo,2022/2023,league,8,,cca_area_pct;danger_zone_density,,,not_attempted_no_verified_sportsapi_raw_duel_schema,static_tactical_session_absent,2026-08-22T00:00:00+00:00
795179,Gabriel,2022/2023,league,8,,cca_area_pct;danger_zone_density,,,not_attempted_no_verified_sportsapi_raw_duel_schema,static_tactical_session_absent,2026-08-22T00:00:00+00:00
1173684,Gabriel Silva,2022/2023,league,8,,cca_area_pct;danger_zone_density,,,not_attempted_no_verified_sportsapi_raw_duel_schema,static_tactical_session_absent,2026-08-22T00:00:00+00:00
1075033,Gary Magnée,2022/2023,league,8,,cca_area_pct;danger_zone_density,,,not_attempted_no_verified_sportsapi_raw_duel_schema,static_tactical_session_absent,2026-08-22T00:00:00+00:00
773062,Gaïus Makouta,2022/2023,league,8,,cca_area_pct;danger_zone_density,,,not_attempted_no_verified_sportsapi_raw_duel_schema,static_tactical_session_absent,2026-08-22T00:00:00+00:00
588687,Gianluca Mancini,2022/2023,europe,,uel,xgot,,,not_attempted_no_verified_sportsapi_raw_duel_schema,static_source_field_absent,2026-08-22T00:00:00+00:00
857269,Gleison Bremer,2022/2023,league,8,,cca_area_pct;danger_zone_density,,,not_attempted_no_verified_sportsapi_raw_duel_schema,static_tactical_session_absent,2026-08-22T00:00:00+00:00
940087,Gonçalo Ramos,2022/2023,league,8,,cca_area_pct;danger_zone_density,,,not_attempted_no_verified_sportsapi_raw_duel_schema,static_tactical_session_absent,2026-08-22T00:00:00+00:00
767713,Guga,2022/2023,league,8,,cca_area_pct;danger_zone_density,,,not_attempted_no_verified_sportsapi_raw_duel_schema,static_tactical_session_absent,2026-08-22T00:00:00+00:00
1016093,Gustav Isaksen,2022/2023,europe,,uel,aerial_duels_won;aerial_duel_attempts_raw,,verified_sportsapi_player_id;exact_tournament_id;exact_season_id;aerial_duels_won; aerial_duel_attempts;count_units,not_attempted_no_verified_sportsapi_raw_duel_schema,static_source_field_absent,2026-08-22T00:00:00+00:00
601145,Habibou Mouhamadou Diallo,2022/2023,league,8,,cca_area_pct;danger_zone_density,,,not_attempted_no_verified_sportsapi_raw_duel_schema,static_tactical_session_absent,2026-08-22T00:00:00+00:00
281558,Hernâni,2022/2023,league,8,,aerial_duels_won;aerial_duel_attempts_raw;cca_area_pct;danger_zone_density,,verified_sportsapi_player_id;exact_tournament_id;exact_season_id;aerial_duels_won; aerial_duel_attempts;count_units,not_attempted_no_verified_sportsapi_raw_duel_schema,static_tactical_session_absent,2026-08-22T00:00:00+00:00
915102,Hidemasa Morita,2022/2023,league,8,,cca_area_pct;danger_zone_density,,,not_attempted_no_verified_sportsapi_raw_duel_schema,static_tactical_session_absent,2026-08-22T00:00:00+00:00
925345,Hyun-Seok Hong,2022/2023,league,8,,cca_area_pct;danger_zone_density,,,not_attempted_no_verified_sportsapi_raw_duel_schema,static_tactical_session_absent,2026-08-22T00:00:00+00:00
575229,Héctor Hernández,2022/2023,league,8,,cca_area_pct;danger_zone_density,,,not_attempted_no_verified_sportsapi_raw_duel_schema,static_tactical_session_absent,2026-08-22T00:00:00+00:00
862538,Ibañez,2022/2023,league,8,,cca_area_pct;danger_zone_density,,,not_attempted_no_verified_sportsapi_raw_duel_schema,static_tactical_session_absent,2026-08-22T00:00:00+00:00
862538,Ibañez,2022/2023,europe,,uel,cca_area_pct;danger_zone_density,,,not_attempted_no_verified_sportsapi_raw_duel_schema,static_tactical_session_absent,2026-08-22T00:00:00+00:00
213682,Iiass Bel Hassani,2022/2023,league,8,,cca_area_pct;danger_zone_density,,,not_attempted_no_verified_sportsapi_raw_duel_schema,static_tactical_session_absent,2026-08-22T00:00:00+00:00
825965,Issah Abass,2022/2023,league,8,,cca_area_pct;danger_zone_density,,,not_attempted_no_verified_sportsapi_raw_duel_schema,static_tactical_session_absent,2026-08-22T00:00:00+00:00
361321,Iuri Medeiros,2022/2023,league,8,,cca_area_pct;danger_zone_density,,,not_attempted_no_verified_sportsapi_raw_duel_schema,static_tactical_session_absent,2026-08-22T00:00:00+00:00
388532,Ivo Rodrigues,2022/2023,league,8,,cca_area_pct;danger_zone_density,,,not_attempted_no_verified_sportsapi_raw_duel_schema,static_tactical_session_absent,2026-08-22T00:00:00+00:00
1009832,Iván Jaime,2022/2023,league,8,,cca_area_pct;danger_zone_density,,,not_attempted_no_verified_sportsapi_raw_duel_schema,static_tactical_session_absent,2026-08-22T00:00:00+00:00
80497,Iván Marcano,2022/2023,league,8,,cca_area_pct;danger_zone_density,,,not_attempted_no_verified_sportsapi_raw_duel_schema,static_tactical_session_absent,2026-08-22T00:00:00+00:00
1210943,Jackson Tchatchoua,2022/2023,league,8,,cca_area_pct;danger_zone_density,,,not_attempted_no_verified_sportsapi_raw_duel_schema,static_tactical_session_absent,2026-08-22T00:00:00+00:00
523414,Jhonder Cádiz,2022/2023,league,8,,cca_area_pct;danger_zone_density,,,not_attempted_no_verified_sportsapi_raw_duel_schema,static_tactical_session_absent,2026-08-22T00:00:00+00:00
300916,Joao Mário,2022/2023,league,8,,cca_area_pct;danger_zone_density,,,not_attempted_no_verified_sportsapi_raw_duel_schema,static_tactical_session_absent,2026-08-22T00:00:00+00:00
613714,Jordan Pefok,2022/2023,league,8,,cca_area_pct;danger_zone_density,,,not_attempted_no_verified_sportsapi_raw_duel_schema,static_tactical_session_absent,2026-08-22T00:00:00+00:00
401004,Jordi Vanlerberghe,2022/2023,league,8,,cca_area_pct;danger_zone_density,,,not_attempted_no_verified_sportsapi_raw_duel_schema,static_tactical_session_absent,2026-08-22T00:00:00+00:00
726442,Joseph Okumu,2022/2023,league,8,,cca_area_pct;danger_zone_density,,,not_attempted_no_verified_sportsapi_raw_duel_schema,static_tactical_session_absent,2026-08-22T00:00:00+00:00
474589,José Giménez,2022/2023,league,8,,cca_area_pct;danger_zone_density,,,not_attempted_no_verified_sportsapi_raw_duel_schema,static_tactical_session_absent,2026-08-22T00:00:00+00:00
1114798,Jota Silva,2022/2023,league,8,,cca_area_pct;danger_zone_density,,,not_attempted_no_verified_sportsapi_raw_duel_schema,static_tactical_session_absent,2026-08-22T00:00:00+00:00
793033,João Basso,2022/2023,league,8,,cca_area_pct;danger_zone_density,,,not_attempted_no_verified_sportsapi_raw_duel_schema,static_tactical_session_absent,2026-08-22T00:00:00+00:00
935041,João Carlos,2022/2023,league,8,,cca_area_pct;danger_zone_density,,,not_attempted_no_verified_sportsapi_raw_duel_schema,static_tactical_session_absent,2026-08-22T00:00:00+00:00
874318,João Mendes,2022/2023,league,8,,cca_area_pct;danger_zone_density,,,not_attempted_no_verified_sportsapi_raw_duel_schema,static_tactical_session_absent,2026-08-22T00:00:00+00:00
488140,João Teixeira,2022/2023,league,8,,cca_area_pct;danger_zone_density,,,not_attempted_no_verified_sportsapi_raw_duel_schema,static_tactical_session_absent,2026-08-22T00:00:00+00:00
848051,Juan Manuel Boselli,2022/2023,league,8,,cca_area_pct;danger_zone_density,,,not_attempted_no_verified_sportsapi_raw_duel_schema,static_tactical_session_absent,2026-08-22T00:00:00+00:00
493731,Jubal,2022/2023,league,8,,final_third_possessions_won,,,not_attempted_no_verified_sportsapi_raw_duel_schema,static_source_field_absent,2026-08-22T00:00:00+00:00
728409,Juninho,2022/2023,league,8,,cca_area_pct;danger_zone_density,,,not_attempted_no_verified_sportsapi_raw_duel_schema,static_tactical_session_absent,2026-08-22T00:00:00+00:00
1040889,Junior Dina Ebimbe,2022/2023,league,8,,cca_area_pct;danger_zone_density,,,not_attempted_no_verified_sportsapi_raw_duel_schema,static_tactical_session_absent,2026-08-22T00:00:00+00:00
873236,Jón Thorsteinsson,2022/2023,league,8,,cca_area_pct;danger_zone_density,,,not_attempted_no_verified_sportsapi_raw_duel_schema,static_tactical_session_absent,2026-08-22T00:00:00+00:00
974314,Ken Nkuba,2022/2023,league,8,,cca_area_pct;danger_zone_density,,,not_attempted_no_verified_sportsapi_raw_duel_schema,static_tactical_session_absent,2026-08-22T00:00:00+00:00
643232,Kenji Gorré,2022/2023,league,8,,cca_area_pct;danger_zone_density,,,not_attempted_no_verified_sportsapi_raw_duel_schema,static_tactical_session_absent,2026-08-22T00:00:00+00:00
793670,Kennedy Boateng,2022/2023,league,8,,cca_area_pct;danger_zone_density,,,not_attempted_no_verified_sportsapi_raw_duel_schema,static_tactical_session_absent,2026-08-22T00:00:00+00:00
1150871,Kiko Bondoso,2022/2023,league,8,,cca_area_pct;danger_zone_density,,,not_attempted_no_verified_sportsapi_raw_duel_schema,static_tactical_session_absent,2026-08-22T00:00:00+00:00
586474,Kingsley Ehizibue,2022/2023,league,8,,cca_area_pct;danger_zone_density,,,not_attempted_no_verified_sportsapi_raw_duel_schema,static_tactical_session_absent,2026-08-22T00:00:00+00:00
1027594,Konan N’Dri,2022/2023,league,8,,cca_area_pct;danger_zone_density,,,not_attempted_no_verified_sportsapi_raw_duel_schema,static_tactical_session_absent,2026-08-22T00:00:00+00:00
305791,Konstantinos Laifis,2022/2023,league,8,,cca_area_pct;danger_zone_density,,,not_attempted_no_verified_sportsapi_raw_duel_schema,static_tactical_session_absent,2026-08-22T00:00:00+00:00
802134,Kyosuke Tagawa,2022/2023,league,8,,cca_area_pct;danger_zone_density,,,not_attempted_no_verified_sportsapi_raw_duel_schema,static_tactical_session_absent,2026-08-22T00:00:00+00:00
865040,Kévin Zohi,2022/2023,league,8,,cca_area_pct;danger_zone_density,,,not_attempted_no_verified_sportsapi_raw_duel_schema,static_tactical_session_absent,2026-08-22T00:00:00+00:00
703044,Landry Dimata,2022/2023,league,8,,cca_area_pct;danger_zone_density,,,not_attempted_no_verified_sportsapi_raw_duel_schema,static_tactical_session_absent,2026-08-22T00:00:00+00:00
282671,Laurent Depoitre,2022/2023,league,8,,cca_area_pct;danger_zone_density,,,not_attempted_no_verified_sportsapi_raw_duel_schema,static_tactical_session_absent,2026-08-22T00:00:00+00:00
169586,Leandro Cabrera,2022/2023,league,8,,final_third_possessions_won,,,not_attempted_no_verified_sportsapi_raw_duel_schema,static_source_field_absent,2026-08-22T00:00:00+00:00
343748,Leon Goretzka,2022/2023,europe,,ucl,fouls_won,,,not_attempted_no_verified_sportsapi_raw_duel_schema,static_source_field_absent,2026-08-22T00:00:00+00:00
1281236,Leonardo Lelo,2022/2023,league,8,,cca_area_pct;danger_zone_density,,,not_attempted_no_verified_sportsapi_raw_duel_schema,static_tactical_session_absent,2026-08-22T00:00:00+00:00
643447,Leonardo Ruiz,2022/2023,league,8,,cca_area_pct;danger_zone_density,,,not_attempted_no_verified_sportsapi_raw_duel_schema,static_tactical_session_absent,2026-08-22T00:00:00+00:00
1178319,Louis Patris,2022/2023,league,8,,cca_area_pct;danger_zone_density,,,not_attempted_no_verified_sportsapi_raw_duel_schema,static_tactical_session_absent,2026-08-22T00:00:00+00:00
792303,Luis Suárez,2022/2023,league,8,,cca_area_pct;danger_zone_density,,,not_attempted_no_verified_sportsapi_raw_duel_schema,static_tactical_session_absent,2026-08-22T00:00:00+00:00
109338,Marco Davide Faraoni,2022/2023,league,8,,cca_area_pct;danger_zone_density,,,not_attempted_no_verified_sportsapi_raw_duel_schema,static_tactical_session_absent,2026-08-22T00:00:00+00:00
637744,Marcus Edwards,2022/2023,league,8,,cca_area_pct;danger_zone_density,,,not_attempted_no_verified_sportsapi_raw_duel_schema,static_tactical_session_absent,2026-08-22T00:00:00+00:00
924485,Mark McKenzie,2022/2023,league,8,,cca_area_pct;danger_zone_density,,,not_attempted_no_verified_sportsapi_raw_duel_schema,static_tactical_session_absent,2026-08-22T00:00:00+00:00
1180280,Marlon Fossey,2022/2023,league,8,,cca_area_pct;danger_zone_density,,,not_attempted_no_verified_sportsapi_raw_duel_schema,static_tactical_session_absent,2026-08-22T00:00:00+00:00
240236,Massadio Haïdara,2022/2023,league,8,,xgot,,,not_attempted_no_verified_sportsapi_raw_duel_schema,static_source_field_absent,2026-08-22T00:00:00+00:00
320618,Mateus Uribe,2022/2023,league,8,,cca_area_pct;danger_zone_density,,,not_attempted_no_verified_sportsapi_raw_duel_schema,static_tactical_session_absent,2026-08-22T00:00:00+00:00
320618,Mateus Uribe,2022/2023,europe,,ucl,cca_area_pct;danger_zone_density,,,not_attempted_no_verified_sportsapi_raw_duel_schema,static_tactical_session_absent,2026-08-22T00:00:00+00:00
555646,Mateusz Wieteska,2022/2023,league,8,,cca_area_pct;danger_zone_density,,,not_attempted_no_verified_sportsapi_raw_duel_schema,static_tactical_session_absent,2026-08-22T00:00:00+00:00
1023047,Matheus Babi,2022/2023,league,8,,cca_area_pct;danger_zone_density,,,not_attempted_no_verified_sportsapi_raw_duel_schema,static_tactical_session_absent,2026-08-22T00:00:00+00:00
1134871,Maxim De Cuyper,2022/2023,league,8,,cca_area_pct;danger_zone_density,,,not_attempted_no_verified_sportsapi_raw_duel_schema,static_tactical_session_absent,2026-08-22T00:00:00+00:00
437329,Mbwana Samatta,2022/2023,league,8,,cca_area_pct;danger_zone_density,,,not_attempted_no_verified_sportsapi_raw_duel_schema,static_tactical_session_absent,2026-08-22T00:00:00+00:00
619506,Mehdi Taremi,2022/2023,league,8,,cca_area_pct;danger_zone_density,,,not_attempted_no_verified_sportsapi_raw_duel_schema,static_tactical_session_absent,2026-08-22T00:00:00+00:00
653577,Merveille Bokadi,2022/2023,league,8,,cca_area_pct;danger_zone_density,,,not_attempted_no_verified_sportsapi_raw_duel_schema,static_tactical_session_absent,2026-08-22T00:00:00+00:00
936603,Milutin Osmajic,2022/2023,league,8,,cca_area_pct;danger_zone_density,,,not_attempted_no_verified_sportsapi_raw_duel_schema,static_tactical_session_absent,2026-08-22T00:00:00+00:00
689050,Morlaye Sylla,2022/2023,league,8,,cca_area_pct;danger_zone_density,,,not_attempted_no_verified_sportsapi_raw_duel_schema,static_tactical_session_absent,2026-08-22T00:00:00+00:00
923498,Moussa Diaby,2022/2023,europe,,ucl,aerial_duels_won;aerial_duel_attempts_raw,,verified_sportsapi_player_id;exact_tournament_id;exact_season_id;aerial_duels_won; aerial_duel_attempts;count_units,not_attempted_no_verified_sportsapi_raw_duel_schema,static_source_field_absent,2026-08-22T00:00:00+00:00
1092903,Muhammed Cham,2022/2023,league,8,,cca_area_pct;danger_zone_density,,,not_attempted_no_verified_sportsapi_raw_duel_schema,static_tactical_session_absent,2026-08-22T00:00:00+00:00
586719,Murilo,2022/2023,league,8,,cca_area_pct;danger_zone_density,,,not_attempted_no_verified_sportsapi_raw_duel_schema,static_tactical_session_absent,2026-08-22T00:00:00+00:00
976506,Mykhaylo Mudryk,2022/2023,europe,,ucl,aerial_duels_won;final_third_possessions_won;aerial_duel_attempts_raw;cca_area_pct;danger_zone_density,,verified_sportsapi_player_id;exact_tournament_id;exact_season_id;aerial_duels_won; aerial_duel_attempts;count_units,not_attempted_no_verified_sportsapi_raw_duel_schema,static_tactical_session_absent,2026-08-22T00:00:00+00:00
19533,Neymar,2022/2023,europe,,ucl,aerial_duels_won;aerial_duel_attempts_raw,,verified_sportsapi_player_id;exact_tournament_id;exact_season_id;aerial_duels_won; aerial_duel_attempts;count_units,not_attempted_no_verified_sportsapi_raw_duel_schema,static_source_field_absent,2026-08-22T00:00:00+00:00
1052993,Nico Melamed,2022/2023,league,8,,cca_area_pct;danger_zone_density,,,not_attempted_no_verified_sportsapi_raw_duel_schema,static_tactical_session_absent,2026-08-22T00:00:00+00:00
164031,Nicolás Gaitán,2022/2023,league,8,,cca_area_pct;danger_zone_density,,,not_attempted_no_verified_sportsapi_raw_duel_schema,static_tactical_session_absent,2026-08-22T00:00:00+00:00
174321,Nicolás Otamendi,2022/2023,league,8,,cca_area_pct;danger_zone_density,,,not_attempted_no_verified_sportsapi_raw_duel_schema,static_tactical_session_absent,2026-08-22T00:00:00+00:00
1012783,Nigel Thomas,2022/2023,league,8,,cca_area_pct;danger_zone_density,,,not_attempted_no_verified_sportsapi_raw_duel_schema,static_tactical_session_absent,2026-08-22T00:00:00+00:00
202471,Noë Dussenne,2022/2023,league,8,,cca_area_pct;danger_zone_density,,,not_attempted_no_verified_sportsapi_raw_duel_schema,static_tactical_session_absent,2026-08-22T00:00:00+00:00
1188608,Nuno Moreira,2022/2023,league,8,,cca_area_pct;danger_zone_density,,,not_attempted_no_verified_sportsapi_raw_duel_schema,static_tactical_session_absent,2026-08-22T00:00:00+00:00
554283,Nuno Santos,2022/2023,league,8,,cca_area_pct;danger_zone_density,,,not_attempted_no_verified_sportsapi_raw_duel_schema,static_tactical_session_absent,2026-08-22T00:00:00+00:00
839476,Othman Boussaid,2022/2023,league,8,,cca_area_pct;danger_zone_density,,,not_attempted_no_verified_sportsapi_raw_duel_schema,static_tactical_session_absent,2026-08-22T00:00:00+00:00
397019,Otávio,2022/2023,league,8,,cca_area_pct;danger_zone_density,,,not_attempted_no_verified_sportsapi_raw_duel_schema,static_tactical_session_absent,2026-08-22T00:00:00+00:00
848568,Pape Guèye,2022/2023,league,8,,cca_area_pct;danger_zone_density,,,not_attempted_no_verified_sportsapi_raw_duel_schema,static_tactical_session_absent,2026-08-22T00:00:00+00:00
361377,Paulinho,2022/2023,league,8,,cca_area_pct;danger_zone_density,,,not_attempted_no_verified_sportsapi_raw_duel_schema,static_tactical_session_absent,2026-08-22T00:00:00+00:00
492494,Pawel Bochniewicz,2022/2023,league,8,,final_third_possessions_won,,,not_attempted_no_verified_sportsapi_raw_duel_schema,static_source_field_absent,2026-08-22T00:00:00+00:00
940134,Pedrão,2022/2023,league,8,,cca_area_pct;danger_zone_density,,,not_attempted_no_verified_sportsapi_raw_duel_schema,static_tactical_session_absent,2026-08-22T00:00:00+00:00
850356,Pepê,2022/2023,league,8,,cca_area_pct;danger_zone_density,,,not_attempted_no_verified_sportsapi_raw_duel_schema,static_tactical_session_absent,2026-08-22T00:00:00+00:00
709796,Petar Musa,2022/2023,league,8,,cca_area_pct;danger_zone_density,,,not_attempted_no_verified_sportsapi_raw_duel_schema,static_tactical_session_absent,2026-08-22T00:00:00+00:00
362212,Piotr Zielinski,2022/2023,europe,,ucl,final_third_possessions_won,,,not_attempted_no_verified_sportsapi_raw_duel_schema,static_source_field_absent,2026-08-22T00:00:00+00:00
875133,Pote,2022/2023,league,8,,cca_area_pct;danger_zone_density,,,not_attempted_no_verified_sportsapi_raw_duel_schema,static_tactical_session_absent,2026-08-22T00:00:00+00:00
741103,Rafa Mújica,2022/2023,league,8,,cca_area_pct;danger_zone_density,,,not_attempted_no_verified_sportsapi_raw_duel_schema,static_tactical_session_absent,2026-08-22T00:00:00+00:00
477023,Rafa Silva,2022/2023,league,8,,cca_area_pct;danger_zone_density,,,not_attempted_no_verified_sportsapi_raw_duel_schema,static_tactical_session_absent,2026-08-22T00:00:00+00:00
211118,Rafael Martins,2022/2023,league,8,,cca_area_pct;danger_zone_density,,,not_attempted_no_verified_sportsapi_raw_duel_schema,static_tactical_session_absent,2026-08-22T00:00:00+00:00
500934,Raphael Guzzo,2022/2023,league,8,,cca_area_pct;danger_zone_density,,,not_attempted_no_verified_sportsapi_raw_duel_schema,static_tactical_session_absent,2026-08-22T00:00:00+00:00
662834,Regan Charles-Cook,2022/2023,league,8,,cca_area_pct;danger_zone_density,,,not_attempted_no_verified_sportsapi_raw_duel_schema,static_tactical_session_absent,2026-08-22T00:00:00+00:00
300918,Ricardo Esgaio,2022/2023,league,8,,cca_area_pct;danger_zone_density,,,not_attempted_no_verified_sportsapi_raw_duel_schema,static_tactical_session_absent,2026-08-22T00:00:00+00:00
432591,Ricardo Horta,2022/2023,league,8,,cca_area_pct;danger_zone_density,,,not_attempted_no_verified_sportsapi_raw_duel_schema,static_tactical_session_absent,2026-08-22T00:00:00+00:00
824655,Ricardo Mangas,2022/2023,league,8,,cca_area_pct;danger_zone_density,,,not_attempted_no_verified_sportsapi_raw_duel_schema,static_tactical_session_absent,2026-08-22T00:00:00+00:00
1174629,Rildo,2022/2023,league,8,,cca_area_pct;danger_zone_density,,,not_attempted_no_verified_sportsapi_raw_duel_schema,static_tactical_session_absent,2026-08-22T00:00:00+00:00
259296,Robin Knoche,2022/2023,europe,,uel,final_third_possessions_won,,,not_attempted_no_verified_sportsapi_raw_duel_schema,static_source_field_absent,2026-08-22T00:00:00+00:00
955822,Rodrigo Martins,2022/2023,league,8,,cca_area_pct;danger_zone_density,,,not_attempted_no_verified_sportsapi_raw_duel_schema,static_tactical_session_absent,2026-08-22T00:00:00+00:00
627599,Ruben Lameiras,2022/2023,league,8,,cca_area_pct;danger_zone_density,,,not_attempted_no_verified_sportsapi_raw_duel_schema,static_tactical_session_absent,2026-08-22T00:00:00+00:00
179823,Ryad Nouri,2022/2023,league,8,,cca_area_pct;danger_zone_density,,,not_attempted_no_verified_sportsapi_raw_duel_schema,static_tactical_session_absent,2026-08-22T00:00:00+00:00
922622,Róbert Bozeník,2022/2023,league,8,,cca_area_pct;danger_zone_density,,,not_attempted_no_verified_sportsapi_raw_duel_schema,static_tactical_session_absent,2026-08-22T00:00:00+00:00
614006,Rúben Dias,2022/2023,europe,,ucl,final_third_possessions_won,,,not_attempted_no_verified_sportsapi_raw_duel_schema,static_source_field_absent,2026-08-22T00:00:00+00:00
667952,Samu,2022/2023,league,8,,cca_area_pct;danger_zone_density,,,not_attempted_no_verified_sportsapi_raw_duel_schema,static_tactical_session_absent,2026-08-22T00:00:00+00:00
354175,Sandy Walsh,2022/2023,league,8,,cca_area_pct;danger_zone_density,,,not_attempted_no_verified_sportsapi_raw_duel_schema,static_tactical_session_absent,2026-08-22T00:00:00+00:00
686460,Santiago Colombatto,2022/2023,league,8,,cca_area_pct;danger_zone_density,,,not_attempted_no_verified_sportsapi_raw_duel_schema,static_tactical_session_absent,2026-08-22T00:00:00+00:00
643712,Saviour Godwin,2022/2023,league,8,,cca_area_pct;danger_zone_density,,,not_attempted_no_verified_sportsapi_raw_duel_schema,static_tactical_session_absent,2026-08-22T00:00:00+00:00
309334,Saúl,2022/2023,league,8,,cca_area_pct;danger_zone_density,,,not_attempted_no_verified_sportsapi_raw_duel_schema,static_tactical_session_absent,2026-08-22T00:00:00+00:00
165526,Sebastián Coates,2022/2023,league,8,,cca_area_pct;danger_zone_density,,,not_attempted_no_verified_sportsapi_raw_duel_schema,static_tactical_session_absent,2026-08-22T00:00:00+00:00
385437,Serge Gnabry,2022/2023,europe,,ucl,aerial_duels_won;final_third_possessions_won;fouls_won;aerial_duel_attempts_raw,,verified_sportsapi_player_id;exact_tournament_id;exact_season_id;aerial_duels_won; aerial_duel_attempts;count_units,not_attempted_no_verified_sportsapi_raw_duel_schema,static_source_field_absent,2026-08-22T00:00:00+00:00
959404,Silas Katompa Mvumpa,2022/2023,league,8,,cca_area_pct;danger_zone_density,,,not_attempted_no_verified_sportsapi_raw_duel_schema,static_tactical_session_absent,2026-08-22T00:00:00+00:00
696932,Simon Banza,2022/2023,league,8,,cca_area_pct;danger_zone_density,,,not_attempted_no_verified_sportsapi_raw_duel_schema,static_tactical_session_absent,2026-08-22T00:00:00+00:00
557325,Stefan Posch,2022/2023,league,8,,cca_area_pct;danger_zone_density,,,not_attempted_no_verified_sportsapi_raw_duel_schema,static_tactical_session_absent,2026-08-22T00:00:00+00:00
188555,Stefan de Vrij,2022/2023,league,8,,final_third_possessions_won,,,not_attempted_no_verified_sportsapi_raw_duel_schema,static_source_field_absent,2026-08-22T00:00:00+00:00
816223,Stephen Eustaquio,2022/2023,league,8,,cca_area_pct;danger_zone_density,,,not_attempted_no_verified_sportsapi_raw_duel_schema,static_tactical_session_absent,2026-08-22T00:00:00+00:00
163994,Steven Vitória,2022/2023,league,8,,final_third_possessions_won;cca_area_pct;danger_zone_density,,,not_attempted_no_verified_sportsapi_raw_duel_schema,static_tactical_session_absent,2026-08-22T00:00:00+00:00
1072317,Tiago Gouveia,2022/2023,league,8,,cca_area_pct;danger_zone_density,,,not_attempted_no_verified_sportsapi_raw_duel_schema,static_tactical_session_absent,2026-08-22T00:00:00+00:00
422812,Tiago Silva,2022/2023,league,8,,cca_area_pct;danger_zone_density,,,not_attempted_no_verified_sportsapi_raw_duel_schema,static_tactical_session_absent,2026-08-22T00:00:00+00:00
450980,Timo Werner,2022/2023,europe,,ucl,aerial_duels_won;final_third_possessions_won;aerial_duel_attempts_raw,,verified_sportsapi_player_id;exact_tournament_id;exact_season_id;aerial_duels_won; aerial_duel_attempts;count_units,not_attempted_no_verified_sportsapi_raw_duel_schema,static_source_field_absent,2026-08-22T00:00:00+00:00
160599,Toby Alderweireld,2022/2023,league,8,,cca_area_pct;danger_zone_density,,,not_attempted_no_verified_sportsapi_raw_duel_schema,static_tactical_session_absent,2026-08-22T00:00:00+00:00
640123,Toni Martínez,2022/2023,league,8,,cca_area_pct;danger_zone_density,,,not_attempted_no_verified_sportsapi_raw_duel_schema,static_tactical_session_absent,2026-08-22T00:00:00+00:00
732282,Trincão,2022/2023,league,8,,cca_area_pct;danger_zone_density,,,not_attempted_no_verified_sportsapi_raw_duel_schema,static_tactical_session_absent,2026-08-22T00:00:00+00:00
1023887,Tsuyoshi Watanabe,2022/2023,league,8,,final_third_possessions_won;cca_area_pct;danger_zone_density,,,not_attempted_no_verified_sportsapi_raw_duel_schema,static_tactical_session_absent,2026-08-22T00:00:00+00:00
764624,Uros Racic,2022/2023,league,8,,cca_area_pct;danger_zone_density,,,not_attempted_no_verified_sportsapi_raw_duel_schema,static_tactical_session_absent,2026-08-22T00:00:00+00:00
664533,Vagner,2022/2023,league,8,,cca_area_pct;danger_zone_density,,,not_attempted_no_verified_sportsapi_raw_duel_schema,static_tactical_session_absent,2026-08-22T00:00:00+00:00
209405,Virgil van Dijk,2022/2023,europe,,ucl,final_third_possessions_won;fouls_won,,,not_attempted_no_verified_sportsapi_raw_duel_schema,static_source_field_absent,2026-08-22T00:00:00+00:00
1215057,Vítinha,2022/2023,league,8,,cca_area_pct;danger_zone_density,,,not_attempted_no_verified_sportsapi_raw_duel_schema,static_tactical_session_absent,2026-08-22T00:00:00+00:00
449834,Welinton Júnior,2022/2023,league,8,,cca_area_pct;danger_zone_density,,,not_attempted_no_verified_sportsapi_raw_duel_schema,static_tactical_session_absent,2026-08-22T00:00:00+00:00
776972,Wenderson Galeno,2022/2023,league,8,,cca_area_pct;danger_zone_density,,,not_attempted_no_verified_sportsapi_raw_duel_schema,static_tactical_session_absent,2026-08-22T00:00:00+00:00
774237,Willum Willumsson,2022/2023,league,8,,cca_area_pct;danger_zone_density,,,not_attempted_no_verified_sportsapi_raw_duel_schema,static_tactical_session_absent,2026-08-22T00:00:00+00:00
737814,Xadas,2022/2023,league,8,,cca_area_pct;danger_zone_density,,,not_attempted_no_verified_sportsapi_raw_duel_schema,static_tactical_session_absent,2026-08-22T00:00:00+00:00
1354250,Yago Cariello,2022/2023,league,8,,cca_area_pct;danger_zone_density,,,not_attempted_no_verified_sportsapi_raw_duel_schema,static_tactical_session_absent,2026-08-22T00:00:00+00:00
354467,Yannick Carrasco,2022/2023,europe,,ucl,aerial_duels_won;fouls_won;aerial_duel_attempts_raw,,verified_sportsapi_player_id;exact_tournament_id;exact_season_id;aerial_duels_won; aerial_duel_attempts;count_units,not_attempted_no_verified_sportsapi_raw_duel_schema,static_source_field_absent,2026-08-22T00:00:00+00:00
929781,Yonas Malede,2022/2023,league,8,,cca_area_pct;danger_zone_density,,,not_attempted_no_verified_sportsapi_raw_duel_schema,static_tactical_session_absent,2026-08-22T00:00:00+00:00
1174708,Youssoufa Moukoko,2022/2023,europe,,ucl,final_third_possessions_won,,,not_attempted_no_verified_sportsapi_raw_duel_schema,static_source_field_absent,2026-08-22T00:00:00+00:00
955320,Yuki Soma,2022/2023,league,8,,cca_area_pct;danger_zone_density,,,not_attempted_no_verified_sportsapi_raw_duel_schema,static_tactical_session_absent,2026-08-22T00:00:00+00:00
618933,Yusupha Njie,2022/2023,league,8,,cca_area_pct;danger_zone_density,,,not_attempted_no_verified_sportsapi_raw_duel_schema,static_tactical_session_absent,2026-08-22T00:00:00+00:00
748380,Abel Ruiz,2023/2024,league,8,,cca_area_pct;danger_zone_density,,,not_attempted_no_verified_sportsapi_raw_duel_schema,static_tactical_session_absent,2026-08-22T00:00:00+00:00
892751,Alan,2023/2024,league,8,,cca_area_pct;danger_zone_density,,,not_attempted_no_verified_sportsapi_raw_duel_schema,static_tactical_session_absent,2026-08-22T00:00:00+00:00
952781,Alberto Soro,2023/2024,league,8,,cca_area_pct;danger_zone_density,,,not_attempted_no_verified_sportsapi_raw_duel_schema,static_tactical_session_absent,2026-08-22T00:00:00+00:00
929835,Alejandro Marqués,2023/2024,league,8,,cca_area_pct;danger_zone_density,,,not_attempted_no_verified_sportsapi_raw_duel_schema,static_tactical_session_absent,2026-08-22T00:00:00+00:00
1186553,Alexsandro Ribeiro,2023/2024,league,8,,final_third_possessions_won,,,not_attempted_no_verified_sportsapi_raw_duel_schema,static_source_field_absent,2026-08-22T00:00:00+00:00
129918,Alfred Finnbogason,2023/2024,league,8,,cca_area_pct;danger_zone_density,,,not_attempted_no_verified_sportsapi_raw_duel_schema,static_tactical_session_absent,2026-08-22T00:00:00+00:00
505960,Ali Alipour,2023/2024,league,8,,cca_area_pct;danger_zone_density,,,not_attempted_no_verified_sportsapi_raw_duel_schema,static_tactical_session_absent,2026-08-22T00:00:00+00:00
919919,André,2023/2024,league,8,,cca_area_pct;danger_zone_density,,,not_attempted_no_verified_sportsapi_raw_duel_schema,static_tactical_session_absent,2026-08-22T00:00:00+00:00
1284944,André Luiz,2023/2024,league,8,,cca_area_pct;danger_zone_density,,,not_attempted_no_verified_sportsapi_raw_duel_schema,static_tactical_session_absent,2026-08-22T00:00:00+00:00
611528,Angelo Fulgini,2023/2024,europe,,ucl,final_third_possessions_won,,,not_attempted_no_verified_sportsapi_raw_duel_schema,static_source_field_absent,2026-08-22T00:00:00+00:00
210282,Anthony Lozano,2023/2024,league,8,,cca_area_pct;danger_zone_density,,,not_attempted_no_verified_sportsapi_raw_duel_schema,static_tactical_session_absent,2026-08-22T00:00:00+00:00
11685,Antonio Candreva,2023/2024,league,8,,aerial_duels_won;aerial_duel_attempts_raw,,verified_sportsapi_player_id;exact_tournament_id;exact_season_id;aerial_duels_won; aerial_duel_attempts;count_units,not_attempted_no_verified_sportsapi_raw_duel_schema,static_source_field_absent,2026-08-22T00:00:00+00:00
1292092,António Silva,2023/2024,league,8,,cca_area_pct;danger_zone_density,,,not_attempted_no_verified_sportsapi_raw_duel_schema,static_tactical_session_absent,2026-08-22T00:00:00+00:00
670948,Arthur Cabral,2023/2024,league,8,,cca_area_pct;danger_zone_density,,,not_attempted_no_verified_sportsapi_raw_duel_schema,static_tactical_session_absent,2026-08-22T00:00:00+00:00
919330,Bahlul Mustafazada,2023/2024,europe,,uel,final_third_possessions_won,,,not_attempted_no_verified_sportsapi_raw_duel_schema,static_source_field_absent,2026-08-22T00:00:00+00:00
1080657,Benaissa Benamar,2023/2024,league,8,,final_third_possessions_won,,,not_attempted_no_verified_sportsapi_raw_duel_schema,static_source_field_absent,2026-08-22T00:00:00+00:00
1256178,Bjorn Meijer,2023/2024,league,8,,cca_area_pct;danger_zone_density,,,not_attempted_no_verified_sportsapi_raw_duel_schema,static_tactical_session_absent,2026-08-22T00:00:00+00:00
262550,Bobby Reid,2023/2024,league,8,,cca_area_pct;danger_zone_density,,,not_attempted_no_verified_sportsapi_raw_duel_schema,static_tactical_session_absent,2026-08-22T00:00:00+00:00
750027,Brahim Díaz,2023/2024,europe,,ucl,aerial_duels_won;aerial_duel_attempts_raw,,verified_sportsapi_player_id;exact_tournament_id;exact_season_id;aerial_duels_won; aerial_duel_attempts;count_units,not_attempted_no_verified_sportsapi_raw_duel_schema,static_source_field_absent,2026-08-22T00:00:00+00:00
445873,Brandon Mechele,2023/2024,league,8,,cca_area_pct;danger_zone_density,,,not_attempted_no_verified_sportsapi_raw_duel_schema,static_tactical_session_absent,2026-08-22T00:00:00+00:00
361322,Bruma,2023/2024,league,8,,cca_area_pct;danger_zone_density,,,not_attempted_no_verified_sportsapi_raw_duel_schema,static_tactical_session_absent,2026-08-22T00:00:00+00:00
951043,Bruno Duarte,2023/2024,league,8,,cca_area_pct;danger_zone_density,,,not_attempted_no_verified_sportsapi_raw_duel_schema,static_tactical_session_absent,2026-08-22T00:00:00+00:00
1052464,Bruno Lourenço,2023/2024,league,8,,cca_area_pct;danger_zone_density,,,not_attempted_no_verified_sportsapi_raw_duel_schema,static_tactical_session_absent,2026-08-22T00:00:00+00:00
358676,Carlinhos,2023/2024,league,8,,cca_area_pct;danger_zone_density,,,not_attempted_no_verified_sportsapi_raw_duel_schema,static_tactical_session_absent,2026-08-22T00:00:00+00:00
1186529,Carlos Forbs,2023/2024,league,8,,aerial_duels_won;aerial_duel_attempts_raw,,verified_sportsapi_player_id;exact_tournament_id;exact_season_id;aerial_duels_won; aerial_duel_attempts;count_units,not_attempted_no_verified_sportsapi_raw_duel_schema,static_source_field_absent,2026-08-22T00:00:00+00:00
1102240,Casper Tengstedt,2023/2024,league,8,,cca_area_pct;danger_zone_density,,,not_attempted_no_verified_sportsapi_raw_duel_schema,static_tactical_session_absent,2026-08-22T00:00:00+00:00
387525,Cassiano,2023/2024,league,8,,cca_area_pct;danger_zone_density,,,not_attempted_no_verified_sportsapi_raw_duel_schema,static_tactical_session_absent,2026-08-22T00:00:00+00:00
277761,Chancel Mbemba,2023/2024,europe,,uel,final_third_possessions_won,,,not_attempted_no_verified_sportsapi_raw_duel_schema,static_source_field_absent,2026-08-22T00:00:00+00:00
950967,Cheikh Sabaly,2023/2024,league,8,,cca_area_pct;danger_zone_density,,,not_attempted_no_verified_sportsapi_raw_duel_schema,static_tactical_session_absent,2026-08-22T00:00:00+00:00
1127007,Chiquinho,2023/2024,league,8,,cca_area_pct;danger_zone_density,,,not_attempted_no_verified_sportsapi_raw_duel_schema,static_tactical_session_absent,2026-08-22T00:00:00+00:00
332300,Christian Burgess,2023/2024,league,8,,cca_area_pct;danger_zone_density,,,not_attempted_no_verified_sportsapi_raw_duel_schema,static_tactical_session_absent,2026-08-22T00:00:00+00:00
1452385,Christopher Bonsu Baah,2023/2024,league,8,,cca_area_pct;danger_zone_density,,,not_attempted_no_verified_sportsapi_raw_duel_schema,static_tactical_session_absent,2026-08-22T00:00:00+00:00
891059,Christopher Ramos,2023/2024,league,8,,cca_area_pct;danger_zone_density,,,not_attempted_no_verified_sportsapi_raw_duel_schema,static_tactical_session_absent,2026-08-22T00:00:00+00:00
1290479,Clayton,2023/2024,league,8,,cca_area_pct;danger_zone_density,,,not_attempted_no_verified_sportsapi_raw_duel_schema,static_tactical_session_absent,2026-08-22T00:00:00+00:00
864779,Cláudio Falcão,2023/2024,league,8,,cca_area_pct;danger_zone_density,,,not_attempted_no_verified_sportsapi_raw_duel_schema,static_tactical_session_absent,2026-08-22T00:00:00+00:00
1079456,Costinha,2023/2024,league,8,,cca_area_pct;danger_zone_density,,,not_attempted_no_verified_sportsapi_raw_duel_schema,static_tactical_session_absent,2026-08-22T00:00:00+00:00
573784,Cristo González,2023/2024,league,8,,cca_area_pct;danger_zone_density,,,not_attempted_no_verified_sportsapi_raw_duel_schema,static_tactical_session_absent,2026-08-22T00:00:00+00:00
188058,Daniel Burn,2023/2024,league,8,,cca_area_pct;danger_zone_density,,,not_attempted_no_verified_sportsapi_raw_duel_schema,static_tactical_session_absent,2026-08-22T00:00:00+00:00
470399,David Bates,2023/2024,league,8,,cca_area_pct;danger_zone_density,,,not_attempted_no_verified_sportsapi_raw_duel_schema,static_tactical_session_absent,2026-08-22T00:00:00+00:00
1138769,David Da Costa,2023/2024,league,8,,cca_area_pct;danger_zone_density,,,not_attempted_no_verified_sportsapi_raw_duel_schema,static_tactical_session_absent,2026-08-22T00:00:00+00:00
793066,David Neres,2023/2024,league,8,,cca_area_pct;danger_zone_density,,,not_attempted_no_verified_sportsapi_raw_duel_schema,static_tactical_session_absent,2026-08-22T00:00:00+00:00
892709,Dennis Eckert,2023/2024,league,8,,cca_area_pct;danger_zone_density,,,not_attempted_no_verified_sportsapi_raw_duel_schema,static_tactical_session_absent,2026-08-22T00:00:00+00:00
1243913,Dion Sahi,2023/2024,league,8,,cca_area_pct;danger_zone_density,,,not_attempted_no_verified_sportsapi_raw_duel_schema,static_tactical_session_absent,2026-08-22T00:00:00+00:00
1097467,Dirk Proper,2023/2024,league,8,,cca_area_pct;danger_zone_density,,,not_attempted_no_verified_sportsapi_raw_duel_schema,static_tactical_session_absent,2026-08-22T00:00:00+00:00
783619,Elves,2023/2024,league,8,,cca_area_pct;danger_zone_density,,,not_attempted_no_verified_sportsapi_raw_duel_schema,static_tactical_session_absent,2026-08-22T00:00:00+00:00
519890,Emil Hansson,2023/2024,league,8,,aerial_duels_won;aerial_duel_attempts_raw,,verified_sportsapi_player_id;exact_tournament_id;exact_season_id;aerial_duels_won; aerial_duel_attempts;count_units,not_attempted_no_verified_sportsapi_raw_duel_schema,static_source_field_absent,2026-08-22T00:00:00+00:00
561219,Emmanuel Boateng,2023/2024,league,8,,cca_area_pct;danger_zone_density,,,not_attempted_no_verified_sportsapi_raw_duel_schema,static_tactical_session_absent,2026-08-22T00:00:00+00:00
526450,Emmanuel Quartsin Gyasi,2023/2024,league,8,,cca_area_pct;danger_zone_density,,,not_attempted_no_verified_sportsapi_raw_duel_schema,static_tactical_session_absent,2026-08-22T00:00:00+00:00
1098096,Evanilson,2023/2024,league,8,,cca_area_pct;danger_zone_density,,,not_attempted_no_verified_sportsapi_raw_duel_schema,static_tactical_session_absent,2026-08-22T00:00:00+00:00
784510,Federico Chiesa,2023/2024,league,8,,aerial_duels_won;aerial_duel_attempts_raw,,verified_sportsapi_player_id;exact_tournament_id;exact_season_id;aerial_duels_won; aerial_duel_attempts;count_units,not_attempted_no_verified_sportsapi_raw_duel_schema,static_source_field_absent,2026-08-22T00:00:00+00:00
916351,Felippe Cardoso,2023/2024,league,8,,cca_area_pct;danger_zone_density,,,not_attempted_no_verified_sportsapi_raw_duel_schema,static_tactical_session_absent,2026-08-22T00:00:00+00:00
1185336,Francisco Conceição,2023/2024,league,8,,cca_area_pct;danger_zone_density,,,not_attempted_no_verified_sportsapi_raw_duel_schema,static_tactical_session_absent,2026-08-22T00:00:00+00:00
310768,Fredrik Aursnes,2023/2024,league,8,,cca_area_pct;danger_zone_density,,,not_attempted_no_verified_sportsapi_raw_duel_schema,static_tactical_session_absent,2026-08-22T00:00:00+00:00
1288115,Fábio Ronaldo,2023/2024,league,8,,cca_area_pct;danger_zone_density,,,not_attempted_no_verified_sportsapi_raw_duel_schema,static_tactical_session_absent,2026-08-22T00:00:00+00:00
942358,Félix Correia,2023/2024,league,8,,cca_area_pct;danger_zone_density,,,not_attempted_no_verified_sportsapi_raw_duel_schema,static_tactical_session_absent,2026-08-22T00:00:00+00:00
795179,Gabriel,2023/2024,league,8,,cca_area_pct;danger_zone_density,,,not_attempted_no_verified_sportsapi_raw_duel_schema,static_tactical_session_absent,2026-08-22T00:00:00+00:00
1288187,Gabriel Pereira,2023/2024,league,8,,cca_area_pct;danger_zone_density,,,not_attempted_no_verified_sportsapi_raw_duel_schema,static_tactical_session_absent,2026-08-22T00:00:00+00:00
1075033,Gary Magnée,2023/2024,league,8,,cca_area_pct;danger_zone_density,,,not_attempted_no_verified_sportsapi_raw_duel_schema,static_tactical_session_absent,2026-08-22T00:00:00+00:00
773062,Gaïus Makouta,2023/2024,league,8,,cca_area_pct;danger_zone_density,,,not_attempted_no_verified_sportsapi_raw_duel_schema,static_tactical_session_absent,2026-08-22T00:00:00+00:00
1088753,Geny Catamo,2023/2024,league,8,,cca_area_pct;danger_zone_density,,,not_attempted_no_verified_sportsapi_raw_duel_schema,static_tactical_session_absent,2026-08-22T00:00:00+00:00
1165710,Gonçalo Inácio,2023/2024,europe,,uel,final_third_possessions_won,,,not_attempted_no_verified_sportsapi_raw_duel_schema,static_source_field_absent,2026-08-22T00:00:00+00:00
1395482,Gustavo Sá,2023/2024,league,8,,cca_area_pct;danger_zone_density,,,not_attempted_no_verified_sportsapi_raw_duel_schema,static_tactical_session_absent,2026-08-22T00:00:00+00:00
435151,Hayao Kawabe,2023/2024,league,8,,cca_area_pct;danger_zone_density,,,not_attempted_no_verified_sportsapi_raw_duel_schema,static_tactical_session_absent,2026-08-22T00:00:00+00:00
915102,Hidemasa Morita,2023/2024,league,8,,cca_area_pct;danger_zone_density,,,not_attempted_no_verified_sportsapi_raw_duel_schema,static_tactical_session_absent,2026-08-22T00:00:00+00:00
925345,Hyun-Seok Hong,2023/2024,league,8,,cca_area_pct;danger_zone_density,,,not_attempted_no_verified_sportsapi_raw_duel_schema,static_tactical_session_absent,2026-08-22T00:00:00+00:00
575229,Héctor Hernández,2023/2024,league,8,,cca_area_pct;danger_zone_density,,,not_attempted_no_verified_sportsapi_raw_duel_schema,static_tactical_session_absent,2026-08-22T00:00:00+00:00
1524518,Hélio Varela,2023/2024,league,8,,cca_area_pct;danger_zone_density,,,not_attempted_no_verified_sportsapi_raw_duel_schema,static_tactical_session_absent,2026-08-22T00:00:00+00:00
1473998,Ilay Camara,2023/2024,league,8,,cca_area_pct;danger_zone_density,,,not_attempted_no_verified_sportsapi_raw_duel_schema,static_tactical_session_absent,2026-08-22T00:00:00+00:00
802245,Jacob Brown,2023/2024,league,8,,cca_area_pct;danger_zone_density,,,not_attempted_no_verified_sportsapi_raw_duel_schema,static_tactical_session_absent,2026-08-22T00:00:00+00:00
1098607,Jake O'Brien,2023/2024,league,8,,final_third_possessions_won,,,not_attempted_no_verified_sportsapi_raw_duel_schema,static_source_field_absent,2026-08-22T00:00:00+00:00
1119643,Jan Thielmann,2023/2024,league,8,,cca_area_pct;danger_zone_density,,,not_attempted_no_verified_sportsapi_raw_duel_schema,static_tactical_session_absent,2026-08-22T00:00:00+00:00
451984,Jason,2023/2024,league,8,,cca_area_pct;danger_zone_density,,,not_attempted_no_verified_sportsapi_raw_duel_schema,static_tactical_session_absent,2026-08-22T00:00:00+00:00
616531,Javi Muñoz,2023/2024,league,8,,cca_area_pct;danger_zone_density,,,not_attempted_no_verified_sportsapi_raw_duel_schema,static_tactical_session_absent,2026-08-22T00:00:00+00:00
523414,Jhonder Cádiz,2023/2024,league,8,,cca_area_pct;danger_zone_density,,,not_attempted_no_verified_sportsapi_raw_duel_schema,static_tactical_session_absent,2026-08-22T00:00:00+00:00
694773,Jo,2023/2024,league,8,,cca_area_pct;danger_zone_density,,,not_attempted_no_verified_sportsapi_raw_duel_schema,static_tactical_session_absent,2026-08-22T00:00:00+00:00
300916,Joao Mário,2023/2024,league,8,,cca_area_pct;danger_zone_density,,,not_attempted_no_verified_sportsapi_raw_duel_schema,static_tactical_session_absent,2026-08-22T00:00:00+00:00
566470,Joca,2023/2024,league,8,,cca_area_pct;danger_zone_density,,,not_attempted_no_verified_sportsapi_raw_duel_schema,static_tactical_session_absent,2026-08-22T00:00:00+00:00
278831,John Anthony Brooks,2023/2024,league,8,,final_third_possessions_won;cca_area_pct;danger_zone_density,,,not_attempted_no_verified_sportsapi_raw_duel_schema,static_tactical_session_absent,2026-08-22T00:00:00+00:00
331542,Jonas Hofmann,2023/2024,europe,,uel,aerial_duels_won;fouls_won;aerial_duel_attempts_raw,,verified_sportsapi_player_id;exact_tournament_id;exact_season_id;aerial_duels_won; aerial_duel_attempts;count_units,not_attempted_no_verified_sportsapi_raw_duel_schema,static_source_field_absent,2026-08-22T00:00:00+00:00
737073,Jonatan Braut Brunes,2023/2024,league,8,,cca_area_pct;danger_zone_density,,,not_attempted_no_verified_sportsapi_raw_duel_schema,static_tactical_session_absent,2026-08-22T00:00:00+00:00
1316930,Jordan Bos,2023/2024,league,8,,cca_area_pct;danger_zone_density,,,not_attempted_no_verified_sportsapi_raw_duel_schema,static_tactical_session_absent,2026-08-22T00:00:00+00:00
613714,Jordan Pefok,2023/2024,league,8,,cca_area_pct;danger_zone_density,,,not_attempted_no_verified_sportsapi_raw_duel_schema,static_tactical_session_absent,2026-08-22T00:00:00+00:00
166681,Joren Dom,2023/2024,league,8,,cca_area_pct;danger_zone_density,,,not_attempted_no_verified_sportsapi_raw_duel_schema,static_tactical_session_absent,2026-08-22T00:00:00+00:00
1114798,Jota Silva,2023/2024,league,8,,cca_area_pct;danger_zone_density,,,not_attempted_no_verified_sportsapi_raw_duel_schema,static_tactical_session_absent,2026-08-22T00:00:00+00:00
435902,João Camacho,2023/2024,league,8,,cca_area_pct;danger_zone_density,,,not_attempted_no_verified_sportsapi_raw_duel_schema,static_tactical_session_absent,2026-08-22T00:00:00+00:00
666950,João Correia,2023/2024,league,8,,cca_area_pct;danger_zone_density,,,not_attempted_no_verified_sportsapi_raw_duel_schema,static_tactical_session_absent,2026-08-22T00:00:00+00:00
1428671,João Marques,2023/2024,league,8,,cca_area_pct;danger_zone_density,,,not_attempted_no_verified_sportsapi_raw_duel_schema,static_tactical_session_absent,2026-08-22T00:00:00+00:00
874318,João Mendes,2023/2024,league,8,,cca_area_pct;danger_zone_density,,,not_attempted_no_verified_sportsapi_raw_duel_schema,static_tactical_session_absent,2026-08-22T00:00:00+00:00
974753,Julián Álvarez,2023/2024,europe,,ucl,fouls_won,,,not_attempted_no_verified_sportsapi_raw_duel_schema,static_source_field_absent,2026-08-22T00:00:00+00:00
1040889,Junior Dina Ebimbe,2023/2024,league,8,,cca_area_pct;danger_zone_density,,,not_attempted_no_verified_sportsapi_raw_duel_schema,static_tactical_session_absent,2026-08-22T00:00:00+00:00
942368,Jérémy Doku,2023/2024,europe,,ucl,aerial_duels_won;aerial_duel_attempts_raw,,verified_sportsapi_player_id;exact_tournament_id;exact_season_id;aerial_duels_won; aerial_duel_attempts;count_units,not_attempted_no_verified_sportsapi_raw_duel_schema,static_source_field_absent,2026-08-22T00:00:00+00:00
873236,Jón Thorsteinsson,2023/2024,league,8,,cca_area_pct;danger_zone_density,,,not_attempted_no_verified_sportsapi_raw_duel_schema,static_tactical_session_absent,2026-08-22T00:00:00+00:00
923400,Kamal Sowah,2023/2024,league,8,,cca_area_pct;danger_zone_density,,,not_attempted_no_verified_sportsapi_raw_duel_schema,static_tactical_session_absent,2026-08-22T00:00:00+00:00
924315,Kanya Fujimoto,2023/2024,league,8,,cca_area_pct;danger_zone_density,,,not_attempted_no_verified_sportsapi_raw_duel_schema,static_tactical_session_absent,2026-08-22T00:00:00+00:00
957181,Kikas,2023/2024,league,8,,cca_area_pct;danger_zone_density,,,not_attempted_no_verified_sportsapi_raw_duel_schema,static_tactical_session_absent,2026-08-22T00:00:00+00:00
1124533,Kilian Sildillia,2023/2024,europe,,uel,cca_area_pct;danger_zone_density,,,not_attempted_no_verified_sportsapi_raw_duel_schema,static_tactical_session_absent,2026-08-22T00:00:00+00:00
671899,Kobamelo Kodisang,2023/2024,league,8,,cca_area_pct;danger_zone_density,,,not_attempted_no_verified_sportsapi_raw_duel_schema,static_tactical_session_absent,2026-08-22T00:00:00+00:00
727817,Koki Machida,2023/2024,league,8,,cca_area_pct;danger_zone_density,,,not_attempted_no_verified_sportsapi_raw_duel_schema,static_tactical_session_absent,2026-08-22T00:00:00+00:00
843767,Kornelius Hansen,2023/2024,league,8,,cca_area_pct;danger_zone_density,,,not_attempted_no_verified_sportsapi_raw_duel_schema,static_tactical_session_absent,2026-08-22T00:00:00+00:00
1110376,Kyan Vaesen,2023/2024,league,8,,cca_area_pct;danger_zone_density,,,not_attempted_no_verified_sportsapi_raw_duel_schema,static_tactical_session_absent,2026-08-22T00:00:00+00:00
701154,Kylian Mbappé,2023/2024,league,8,,aerial_duels_won;aerial_duel_attempts_raw,,verified_sportsapi_player_id;exact_tournament_id;exact_season_id;aerial_duels_won; aerial_duel_attempts;count_units,not_attempted_no_verified_sportsapi_raw_duel_schema,static_source_field_absent,2026-08-22T00:00:00+00:00
826089,Kyogo Furuhashi,2023/2024,europe,,ucl,aerial_duels_won;final_third_possessions_won;aerial_duel_attempts_raw,,verified_sportsapi_player_id;exact_tournament_id;exact_season_id;aerial_duels_won; aerial_duel_attempts;count_units,not_attempted_no_verified_sportsapi_raw_duel_schema,static_source_field_absent,2026-08-22T00:00:00+00:00
1165261,Leandro Sanca,2023/2024,league,8,,cca_area_pct;danger_zone_density,,,not_attempted_no_verified_sportsapi_raw_duel_schema,static_tactical_session_absent,2026-08-22T00:00:00+00:00
530859,Leroy Sané,2023/2024,europe,,ucl,aerial_duels_won;aerial_duel_attempts_raw,,verified_sportsapi_player_id;exact_tournament_id;exact_season_id;aerial_duels_won; aerial_duel_attempts;count_units,not_attempted_no_verified_sportsapi_raw_duel_schema,static_source_field_absent,2026-08-22T00:00:00+00:00
201690,Lewis Dunk,2023/2024,league,8,,final_third_possessions_won,,,not_attempted_no_verified_sportsapi_raw_duel_schema,static_source_field_absent,2026-08-22T00:00:00+00:00
693171,Ludovic Blas,2023/2024,europe,,uel,aerial_duels_won;aerial_duel_attempts_raw,,verified_sportsapi_player_id;exact_tournament_id;exact_season_id;aerial_duels_won; aerial_duel_attempts;count_units,not_attempted_no_verified_sportsapi_raw_duel_schema,static_source_field_absent,2026-08-22T00:00:00+00:00
1079235,Léo Cordeiro,2023/2024,league,8,,cca_area_pct;danger_zone_density,,,not_attempted_no_verified_sportsapi_raw_duel_schema,static_tactical_session_absent,2026-08-22T00:00:00+00:00
796803,Léo Jabá,2023/2024,league,8,,cca_area_pct;danger_zone_density,,,not_attempted_no_verified_sportsapi_raw_duel_schema,static_tactical_session_absent,2026-08-22T00:00:00+00:00
1116481,Madson,2023/2024,league,8,,cca_area_pct;danger_zone_density,,,not_attempted_no_verified_sportsapi_raw_duel_schema,static_tactical_session_absent,2026-08-22T00:00:00+00:00
40946,Marco Matias,2023/2024,league,8,,cca_area_pct;danger_zone_density,,,not_attempted_no_verified_sportsapi_raw_duel_schema,static_tactical_session_absent,2026-08-22T00:00:00+00:00
637744,Marcus Edwards,2023/2024,league,8,,cca_area_pct;danger_zone_density,,,not_attempted_no_verified_sportsapi_raw_duel_schema,static_tactical_session_absent,2026-08-22T00:00:00+00:00
637744,Marcus Edwards,2023/2024,europe,,uel,aerial_duels_won;aerial_duel_attempts_raw,,verified_sportsapi_player_id;exact_tournament_id;exact_season_id;aerial_duels_won; aerial_duel_attempts;count_units,not_attempted_no_verified_sportsapi_raw_duel_schema,static_source_field_absent,2026-08-22T00:00:00+00:00
770136,Martin Terrier,2023/2024,europe,,uel,final_third_possessions_won,,,not_attempted_no_verified_sportsapi_raw_duel_schema,static_source_field_absent,2026-08-22T00:00:00+00:00
1187623,Matheus Pereira,2023/2024,league,8,,cca_area_pct;danger_zone_density,,,not_attempted_no_verified_sportsapi_raw_duel_schema,static_tactical_session_absent,2026-08-22T00:00:00+00:00
323380,Mattheus,2023/2024,league,8,,cca_area_pct;danger_zone_density,,,not_attempted_no_verified_sportsapi_raw_duel_schema,static_tactical_session_absent,2026-08-22T00:00:00+00:00
1134871,Maxim De Cuyper,2023/2024,league,8,,cca_area_pct;danger_zone_density,,,not_attempted_no_verified_sportsapi_raw_duel_schema,static_tactical_session_absent,2026-08-22T00:00:00+00:00
520450,Maxime Dominguez,2023/2024,league,8,,cca_area_pct;danger_zone_density,,,not_attempted_no_verified_sportsapi_raw_duel_schema,static_tactical_session_absent,2026-08-22T00:00:00+00:00
619506,Mehdi Taremi,2023/2024,league,8,,cca_area_pct;danger_zone_density,,,not_attempted_no_verified_sportsapi_raw_duel_schema,static_tactical_session_absent,2026-08-22T00:00:00+00:00
442277,Miguel Almirón,2023/2024,europe,,ucl,aerial_duels_won;aerial_duel_attempts_raw,,verified_sportsapi_player_id;exact_tournament_id;exact_season_id;aerial_duels_won; aerial_duel_attempts;count_units,not_attempted_no_verified_sportsapi_raw_duel_schema,static_source_field_absent,2026-08-22T00:00:00+00:00
872405,Miguel Reisinho,2023/2024,league,8,,cca_area_pct;danger_zone_density,,,not_attempted_no_verified_sportsapi_raw_duel_schema,static_tactical_session_absent,2026-08-22T00:00:00+00:00
1231090,Mohamed Belloumi,2023/2024,league,8,,cca_area_pct;danger_zone_density,,,not_attempted_no_verified_sportsapi_raw_duel_schema,static_tactical_session_absent,2026-08-22T00:00:00+00:00
689050,Morlaye Sylla,2023/2024,league,8,,cca_area_pct;danger_zone_density,,,not_attempted_no_verified_sportsapi_raw_duel_schema,static_tactical_session_absent,2026-08-22T00:00:00+00:00
869780,Mory Konaté,2023/2024,league,8,,cca_area_pct;danger_zone_density,,,not_attempted_no_verified_sportsapi_raw_duel_schema,static_tactical_session_absent,2026-08-22T00:00:00+00:00
1092903,Muhammed Cham,2023/2024,league,8,,cca_area_pct;danger_zone_density,,,not_attempted_no_verified_sportsapi_raw_duel_schema,static_tactical_session_absent,2026-08-22T00:00:00+00:00
586719,Murilo,2023/2024,league,8,,cca_area_pct;danger_zone_density,,,not_attempted_no_verified_sportsapi_raw_duel_schema,static_tactical_session_absent,2026-08-22T00:00:00+00:00
976506,Mykhaylo Mudryk,2023/2024,league,8,,cca_area_pct;danger_zone_density,,,not_attempted_no_verified_sportsapi_raw_duel_schema,static_tactical_session_absent,2026-08-22T00:00:00+00:00
1385771,Nachon Nsingi,2023/2024,league,8,,cca_area_pct;danger_zone_density,,,not_attempted_no_verified_sportsapi_raw_duel_schema,static_tactical_session_absent,2026-08-22T00:00:00+00:00
961306,Nathan Collins,2023/2024,league,8,,final_third_possessions_won,,,not_attempted_no_verified_sportsapi_raw_duel_schema,static_source_field_absent,2026-08-22T00:00:00+00:00
1280132,Nico González,2023/2024,league,8,,cca_area_pct;danger_zone_density,,,not_attempted_no_verified_sportsapi_raw_duel_schema,static_tactical_session_absent,2026-08-22T00:00:00+00:00
174321,Nicolás Otamendi,2023/2024,league,8,,cca_area_pct;danger_zone_density,,,not_attempted_no_verified_sportsapi_raw_duel_schema,static_tactical_session_absent,2026-08-22T00:00:00+00:00
1188608,Nuno Moreira,2023/2024,league,8,,cca_area_pct;danger_zone_density,,,not_attempted_no_verified_sportsapi_raw_duel_schema,static_tactical_session_absent,2026-08-22T00:00:00+00:00
554283,Nuno Santos,2023/2024,league,8,,cca_area_pct;danger_zone_density,,,not_attempted_no_verified_sportsapi_raw_duel_schema,static_tactical_session_absent,2026-08-22T00:00:00+00:00
935409,Orkun Kökcü,2023/2024,league,8,,cca_area_pct;danger_zone_density,,,not_attempted_no_verified_sportsapi_raw_duel_schema,static_tactical_session_absent,2026-08-22T00:00:00+00:00
1337911,Oscar Gloukh,2023/2024,europe,,ucl,aerial_duels_won;final_third_possessions_won;aerial_duel_attempts_raw,,verified_sportsapi_player_id;exact_tournament_id;exact_season_id;aerial_duels_won; aerial_duel_attempts;count_units,not_attempted_no_verified_sportsapi_raw_duel_schema,static_source_field_absent,2026-08-22T00:00:00+00:00
839476,Othman Boussaid,2023/2024,league,8,,cca_area_pct;danger_zone_density,,,not_attempted_no_verified_sportsapi_raw_duel_schema,static_tactical_session_absent,2026-08-22T00:00:00+00:00
423624,Patrick Mainka,2023/2024,league,8,,final_third_possessions_won,,,not_attempted_no_verified_sportsapi_raw_duel_schema,static_source_field_absent,2026-08-22T00:00:00+00:00
540097,Patrik Schick,2023/2024,europe,,uel,recoveries;final_third_possessions_won,,,not_attempted_no_verified_sportsapi_raw_duel_schema,static_source_field_absent,2026-08-22T00:00:00+00:00
361377,Paulinho,2023/2024,league,8,,cca_area_pct;danger_zone_density,,,not_attempted_no_verified_sportsapi_raw_duel_schema,static_tactical_session_absent,2026-08-22T00:00:00+00:00
164053,Pedro Tiba,2023/2024,league,8,,cca_area_pct;danger_zone_density,,,not_attempted_no_verified_sportsapi_raw_duel_schema,static_tactical_session_absent,2026-08-22T00:00:00+00:00
940134,Pedrão,2023/2024,league,8,,cca_area_pct;danger_zone_density,,,not_attempted_no_verified_sportsapi_raw_duel_schema,static_tactical_session_absent,2026-08-22T00:00:00+00:00
850356,Pepê,2023/2024,league,8,,cca_area_pct;danger_zone_density,,,not_attempted_no_verified_sportsapi_raw_duel_schema,static_tactical_session_absent,2026-08-22T00:00:00+00:00
875133,Pote,2023/2024,league,8,,cca_area_pct;danger_zone_density,,,not_attempted_no_verified_sportsapi_raw_duel_schema,static_tactical_session_absent,2026-08-22T00:00:00+00:00
875133,Pote,2023/2024,europe,,uel,cca_area_pct;danger_zone_density,,,not_attempted_no_verified_sportsapi_raw_duel_schema,static_tactical_session_absent,2026-08-22T00:00:00+00:00
741103,Rafa Mújica,2023/2024,league,8,,cca_area_pct;danger_zone_density,,,not_attempted_no_verified_sportsapi_raw_duel_schema,static_tactical_session_absent,2026-08-22T00:00:00+00:00
477023,Rafa Silva,2023/2024,league,8,,cca_area_pct;danger_zone_density,,,not_attempted_no_verified_sportsapi_raw_duel_schema,static_tactical_session_absent,2026-08-22T00:00:00+00:00
814869,Rafik Guitane,2023/2024,league,8,,aerial_duels_won;aerial_duel_attempts_raw;cca_area_pct;danger_zone_density,,verified_sportsapi_player_id;exact_tournament_id;exact_season_id;aerial_duels_won; aerial_duel_attempts;count_units,not_attempted_no_verified_sportsapi_raw_duel_schema,static_tactical_session_absent,2026-08-22T00:00:00+00:00
1107547,Ravil Tagir,2023/2024,league,8,,final_third_possessions_won;cca_area_pct;danger_zone_density,,,not_attempted_no_verified_sportsapi_raw_duel_schema,static_tactical_session_absent,2026-08-22T00:00:00+00:00
1094778,Raúl García,2023/2024,league,8,,cca_area_pct;danger_zone_density,,,not_attempted_no_verified_sportsapi_raw_duel_schema,static_tactical_session_absent,2026-08-22T00:00:00+00:00
662834,Regan Charles-Cook,2023/2024,league,8,,cca_area_pct;danger_zone_density,,,not_attempted_no_verified_sportsapi_raw_duel_schema,static_tactical_session_absent,2026-08-22T00:00:00+00:00
1300483,Regis N'Do,2023/2024,league,8,,cca_area_pct;danger_zone_density,,,not_attempted_no_verified_sportsapi_raw_duel_schema,static_tactical_session_absent,2026-08-22T00:00:00+00:00
432591,Ricardo Horta,2023/2024,league,8,,cca_area_pct;danger_zone_density,,,not_attempted_no_verified_sportsapi_raw_duel_schema,static_tactical_session_absent,2026-08-22T00:00:00+00:00
432591,Ricardo Horta,2023/2024,europe,,ucl,aerial_duels_won;aerial_duel_attempts_raw,,verified_sportsapi_player_id;exact_tournament_id;exact_season_id;aerial_duels_won; aerial_duel_attempts;count_units,not_attempted_no_verified_sportsapi_raw_duel_schema,static_source_field_absent,2026-08-22T00:00:00+00:00
824655,Ricardo Mangas,2023/2024,league,8,,cca_area_pct;danger_zone_density,,,not_attempted_no_verified_sportsapi_raw_duel_schema,static_tactical_session_absent,2026-08-22T00:00:00+00:00
874482,Roberto González,2023/2024,league,8,,cca_area_pct;danger_zone_density,,,not_attempted_no_verified_sportsapi_raw_duel_schema,static_tactical_session_absent,2026-08-22T00:00:00+00:00
1192166,Rodrigo Gomes,2023/2024,league,8,,cca_area_pct;danger_zone_density,,,not_attempted_no_verified_sportsapi_raw_duel_schema,static_tactical_session_absent,2026-08-22T00:00:00+00:00
1070776,Rodrigo Zalazar,2023/2024,league,8,,cca_area_pct;danger_zone_density,,,not_attempted_no_verified_sportsapi_raw_duel_schema,static_tactical_session_absent,2026-08-22T00:00:00+00:00
1260020,Ronald Pereira,2023/2024,league,8,,cca_area_pct;danger_zone_density,,,not_attempted_no_verified_sportsapi_raw_duel_schema,static_tactical_session_absent,2026-08-22T00:00:00+00:00
717260,Ronaldo Tavares,2023/2024,league,8,,cca_area_pct;danger_zone_density,,,not_attempted_no_verified_sportsapi_raw_duel_schema,static_tactical_session_absent,2026-08-22T00:00:00+00:00
860287,Ronie Carrillo,2023/2024,league,8,,cca_area_pct;danger_zone_density,,,not_attempted_no_verified_sportsapi_raw_duel_schema,static_tactical_session_absent,2026-08-22T00:00:00+00:00
768266,Ross Sykes,2023/2024,league,8,,cca_area_pct;danger_zone_density,,,not_attempted_no_verified_sportsapi_raw_duel_schema,static_tactical_session_absent,2026-08-22T00:00:00+00:00
776568,Rui Costa,2023/2024,league,8,,cca_area_pct;danger_zone_density,,,not_attempted_no_verified_sportsapi_raw_duel_schema,static_tactical_session_absent,2026-08-22T00:00:00+00:00
922622,Róbert Bozeník,2023/2024,league,8,,cca_area_pct;danger_zone_density,,,not_attempted_no_verified_sportsapi_raw_duel_schema,static_tactical_session_absent,2026-08-22T00:00:00+00:00
214449,Salvador Agra,2023/2024,league,8,,cca_area_pct;danger_zone_density,,,not_attempted_no_verified_sportsapi_raw_duel_schema,static_tactical_session_absent,2026-08-22T00:00:00+00:00
667952,Samu,2023/2024,league,8,,cca_area_pct;danger_zone_density,,,not_attempted_no_verified_sportsapi_raw_duel_schema,static_tactical_session_absent,2026-08-22T00:00:00+00:00
958232,Samuel Essende,2023/2024,league,8,,cca_area_pct;danger_zone_density,,,not_attempted_no_verified_sportsapi_raw_duel_schema,static_tactical_session_absent,2026-08-22T00:00:00+00:00
354175,Sandy Walsh,2023/2024,league,8,,cca_area_pct;danger_zone_density,,,not_attempted_no_verified_sportsapi_raw_duel_schema,static_tactical_session_absent,2026-08-22T00:00:00+00:00
165526,Sebastián Coates,2023/2024,league,8,,cca_area_pct;danger_zone_density,,,not_attempted_no_verified_sportsapi_raw_duel_schema,static_tactical_session_absent,2026-08-22T00:00:00+00:00
608125,Sheyi Ojo,2023/2024,league,8,,cca_area_pct;danger_zone_density,,,not_attempted_no_verified_sportsapi_raw_duel_schema,static_tactical_session_absent,2026-08-22T00:00:00+00:00
1061133,Shuto Abe,2023/2024,league,8,,cca_area_pct;danger_zone_density,,,not_attempted_no_verified_sportsapi_raw_duel_schema,static_tactical_session_absent,2026-08-22T00:00:00+00:00
959404,Silas Katompa Mvumpa,2023/2024,league,8,,cca_area_pct;danger_zone_density,,,not_attempted_no_verified_sportsapi_raw_duel_schema,static_tactical_session_absent,2026-08-22T00:00:00+00:00
696932,Simon Banza,2023/2024,league,8,,cca_area_pct;danger_zone_density,,,not_attempted_no_verified_sportsapi_raw_duel_schema,static_tactical_session_absent,2026-08-22T00:00:00+00:00
1098807,Sylvester Jasper,2023/2024,league,8,,cca_area_pct;danger_zone_density,,,not_attempted_no_verified_sportsapi_raw_duel_schema,static_tactical_session_absent,2026-08-22T00:00:00+00:00
278838,Thomas Lam,2023/2024,league,8,,final_third_possessions_won,,,not_attempted_no_verified_sportsapi_raw_duel_schema,static_source_field_absent,2026-08-22T00:00:00+00:00
116772,Thomas Müller,2023/2024,europe,,ucl,aerial_duels_won;aerial_duel_attempts_raw,,verified_sportsapi_player_id;exact_tournament_id;exact_season_id;aerial_duels_won; aerial_duel_attempts;count_units,not_attempted_no_verified_sportsapi_raw_duel_schema,static_source_field_absent,2026-08-22T00:00:00+00:00
1187392,Tiago Morais,2023/2024,league,8,,cca_area_pct;danger_zone_density,,,not_attempted_no_verified_sportsapi_raw_duel_schema,static_tactical_session_absent,2026-08-22T00:00:00+00:00
422812,Tiago Silva,2023/2024,league,8,,cca_area_pct;danger_zone_density,,,not_attempted_no_verified_sportsapi_raw_duel_schema,static_tactical_session_absent,2026-08-22T00:00:00+00:00
1436985,Tidjany Touré,2023/2024,league,8,,cca_area_pct;danger_zone_density,,,not_attempted_no_verified_sportsapi_raw_duel_schema,static_tactical_session_absent,2026-08-22T00:00:00+00:00
160599,Toby Alderweireld,2023/2024,league,8,,cca_area_pct;danger_zone_density,,,not_attempted_no_verified_sportsapi_raw_duel_schema,static_tactical_session_absent,2026-08-22T00:00:00+00:00
640123,Toni Martínez,2023/2024,league,8,,cca_area_pct;danger_zone_density,,,not_attempted_no_verified_sportsapi_raw_duel_schema,static_tactical_session_absent,2026-08-22T00:00:00+00:00
732282,Trincão,2023/2024,league,8,,cca_area_pct;danger_zone_density,,,not_attempted_no_verified_sportsapi_raw_duel_schema,static_tactical_session_absent,2026-08-22T00:00:00+00:00
1023887,Tsuyoshi Watanabe,2023/2024,league,8,,cca_area_pct;danger_zone_density,,,not_attempted_no_verified_sportsapi_raw_duel_schema,static_tactical_session_absent,2026-08-22T00:00:00+00:00
1035208,Victor Okoh Boniface,2023/2024,europe,,uel,final_third_possessions_won,,,not_attempted_no_verified_sportsapi_raw_duel_schema,static_source_field_absent,2026-08-22T00:00:00+00:00
161937,Victor Pálsson,2023/2024,league,8,,final_third_possessions_won;cca_area_pct;danger_zone_density,,,not_attempted_no_verified_sportsapi_raw_duel_schema,static_tactical_session_absent,2026-08-22T00:00:00+00:00
664500,Viktor Gyökeres,2023/2024,league,8,,cca_area_pct;danger_zone_density,,,not_attempted_no_verified_sportsapi_raw_duel_schema,static_tactical_session_absent,2026-08-22T00:00:00+00:00
623540,Václav Cerny,2023/2024,league,8,,fouls_won,,,not_attempted_no_verified_sportsapi_raw_duel_schema,static_source_field_absent,2026-08-22T00:00:00+00:00
776972,Wenderson Galeno,2023/2024,league,8,,cca_area_pct;danger_zone_density,,,not_attempted_no_verified_sportsapi_raw_duel_schema,static_tactical_session_absent,2026-08-22T00:00:00+00:00
774237,Willum Willumsson,2023/2024,league,8,,cca_area_pct;danger_zone_density,,,not_attempted_no_verified_sportsapi_raw_duel_schema,static_tactical_session_absent,2026-08-22T00:00:00+00:00
1053689,Youssouph Badji,2023/2024,league,8,,cca_area_pct;danger_zone_density,,,not_attempted_no_verified_sportsapi_raw_duel_schema,static_tactical_session_absent,2026-08-22T00:00:00+00:00
955320,Yuki Soma,2023/2024,league,8,,cca_area_pct;danger_zone_density,,,not_attempted_no_verified_sportsapi_raw_duel_schema,static_tactical_session_absent,2026-08-22T00:00:00+00:00
1287871,Zakaria El Ouahdi,2023/2024,league,8,,cca_area_pct;danger_zone_density,,,not_attempted_no_verified_sportsapi_raw_duel_schema,static_tactical_session_absent,2026-08-22T00:00:00+00:00
1355668,Álvaro Djaló,2023/2024,league,8,,cca_area_pct;danger_zone_density,,,not_attempted_no_verified_sportsapi_raw_duel_schema,static_tactical_session_absent,2026-08-22T00:00:00+00:00
46509,Ángel Di Maria,2023/2024,league,8,,cca_area_pct;danger_zone_density,,,not_attempted_no_verified_sportsapi_raw_duel_schema,static_tactical_session_absent,2026-08-22T00:00:00+00:00
547710,Adama Traoré,2024/2025,europe,,uel,cca_area_pct;danger_zone_density,,,not_attempted_no_verified_sportsapi_raw_duel_schema,static_tactical_session_absent,2026-08-22T00:00:00+00:00
892751,Alan,2024/2025,league,8,,cca_area_pct;danger_zone_density,,,not_attempted_no_verified_sportsapi_raw_duel_schema,static_tactical_session_absent,2026-08-22T00:00:00+00:00
814663,Alejandro Catena,2024/2025,league,8,,final_third_possessions_won,,,not_attempted_no_verified_sportsapi_raw_duel_schema,static_source_field_absent,2026-08-22T00:00:00+00:00
929835,Alejandro Marqués,2024/2025,league,8,,cca_area_pct;danger_zone_density,,,not_attempted_no_verified_sportsapi_raw_duel_schema,static_tactical_session_absent,2026-08-22T00:00:00+00:00
1139353,Alfonso Trezza,2024/2025,league,8,,cca_area_pct;danger_zone_density,,,not_attempted_no_verified_sportsapi_raw_duel_schema,static_tactical_session_absent,2026-08-22T00:00:00+00:00
1123505,Amine El Ouazzani,2024/2025,league,8,,cca_area_pct;danger_zone_density,,,not_attempted_no_verified_sportsapi_raw_duel_schema,static_tactical_session_absent,2026-08-22T00:00:00+00:00
1228558,Andreas Schjelderup,2024/2025,league,8,,cca_area_pct;danger_zone_density,,,not_attempted_no_verified_sportsapi_raw_duel_schema,static_tactical_session_absent,2026-08-22T00:00:00+00:00
1254302,André Lacximicant,2024/2025,league,8,,cca_area_pct;danger_zone_density,,,not_attempted_no_verified_sportsapi_raw_duel_schema,static_tactical_session_absent,2026-08-22T00:00:00+00:00
1284944,André Luiz,2024/2025,league,8,,cca_area_pct;danger_zone_density,,,not_attempted_no_verified_sportsapi_raw_duel_schema,static_tactical_session_absent,2026-08-22T00:00:00+00:00
1286190,Anselmo MacNulty,2024/2025,league,8,,final_third_possessions_won;cca_area_pct;danger_zone_density,,,not_attempted_no_verified_sportsapi_raw_duel_schema,static_tactical_session_absent,2026-08-22T00:00:00+00:00
1292092,António Silva,2024/2025,league,8,,cca_area_pct;danger_zone_density,,,not_attempted_no_verified_sportsapi_raw_duel_schema,static_tactical_session_absent,2026-08-22T00:00:00+00:00
1284404,Babatunde Akinsola,2024/2025,league,8,,cca_area_pct;danger_zone_density,,,not_attempted_no_verified_sportsapi_raw_duel_schema,static_tactical_session_absent,2026-08-22T00:00:00+00:00
1316088,Benja Domínguez,2024/2025,league,8,,cca_area_pct;danger_zone_density,,,not_attempted_no_verified_sportsapi_raw_duel_schema,static_tactical_session_absent,2026-08-22T00:00:00+00:00
260964,Berat Djimsiti,2024/2025,europe,,ucl,final_third_possessions_won,,,not_attempted_no_verified_sportsapi_raw_duel_schema,static_source_field_absent,2026-08-22T00:00:00+00:00
776606,Bernardo Martins,2024/2025,league,8,,cca_area_pct;danger_zone_density,,,not_attempted_no_verified_sportsapi_raw_duel_schema,static_tactical_session_absent,2026-08-22T00:00:00+00:00
488139,Bernardo Silva,2024/2025,europe,,ucl,aerial_duels_won;aerial_duel_attempts_raw,,verified_sportsapi_player_id;exact_tournament_id;exact_season_id;aerial_duels_won; aerial_duel_attempts;count_units,not_attempted_no_verified_sportsapi_raw_duel_schema,static_source_field_absent,2026-08-22T00:00:00+00:00
1431105,Bilal Bafdili,2024/2025,league,8,,cca_area_pct;danger_zone_density,,,not_attempted_no_verified_sportsapi_raw_duel_schema,static_tactical_session_absent,2026-08-22T00:00:00+00:00
445873,Brandon Mechele,2024/2025,league,8,,cca_area_pct;danger_zone_density,,,not_attempted_no_verified_sportsapi_raw_duel_schema,static_tactical_session_absent,2026-08-22T00:00:00+00:00
361322,Bruma,2024/2025,league,8,,cca_area_pct;danger_zone_density,,,not_attempted_no_verified_sportsapi_raw_duel_schema,static_tactical_session_absent,2026-08-22T00:00:00+00:00
961995,Bukayo Saka,2024/2025,europe,,ucl,aerial_duels_won;aerial_duel_attempts_raw,,verified_sportsapi_player_id;exact_tournament_id;exact_season_id;aerial_duels_won; aerial_duel_attempts;count_units,not_attempted_no_verified_sportsapi_raw_duel_schema,static_source_field_absent,2026-08-22T00:00:00+00:00
387525,Cassiano,2024/2025,league,8,,cca_area_pct;danger_zone_density,,,not_attempted_no_verified_sportsapi_raw_duel_schema,static_tactical_session_absent,2026-08-22T00:00:00+00:00
1452385,Christopher Bonsu Baah,2024/2025,league,8,,cca_area_pct;danger_zone_density,,,not_attempted_no_verified_sportsapi_raw_duel_schema,static_tactical_session_absent,2026-08-22T00:00:00+00:00
1075457,Chuchu Ramírez,2024/2025,league,8,,cca_area_pct;danger_zone_density,,,not_attempted_no_verified_sportsapi_raw_duel_schema,static_tactical_session_absent,2026-08-22T00:00:00+00:00
882163,Chukwubuike Adamu,2024/2025,league,8,,cca_area_pct;danger_zone_density,,,not_attempted_no_verified_sportsapi_raw_duel_schema,static_tactical_session_absent,2026-08-22T00:00:00+00:00
1290479,Clayton,2024/2025,league,8,,cca_area_pct;danger_zone_density,,,not_attempted_no_verified_sportsapi_raw_duel_schema,static_tactical_session_absent,2026-08-22T00:00:00+00:00
1482294,Conrad Harder,2024/2025,league,8,,cca_area_pct;danger_zone_density,,,not_attempted_no_verified_sportsapi_raw_duel_schema,static_tactical_session_absent,2026-08-22T00:00:00+00:00
1311985,César Tárrega,2024/2025,league,8,,final_third_possessions_won,,,not_attempted_no_verified_sportsapi_raw_duel_schema,static_source_field_absent,2026-08-22T00:00:00+00:00
1022649,Dan Ndoye,2024/2025,europe,,ucl,xgot,,,not_attempted_no_verified_sportsapi_raw_duel_schema,static_source_field_absent,2026-08-22T00:00:00+00:00
1014980,Daniel Bragança,2024/2025,league,8,,cca_area_pct;danger_zone_density,,,not_attempted_no_verified_sportsapi_raw_duel_schema,static_tactical_session_absent,2026-08-22T00:00:00+00:00
1014980,Daniel Bragança,2024/2025,europe,,ucl,final_third_possessions_won,,,not_attempted_no_verified_sportsapi_raw_duel_schema,static_source_field_absent,2026-08-22T00:00:00+00:00
813810,Daniel Penha,2024/2025,league,8,,cca_area_pct;danger_zone_density,,,not_attempted_no_verified_sportsapi_raw_duel_schema,static_tactical_session_absent,2026-08-22T00:00:00+00:00
817724,Danny Namaso,2024/2025,league,8,,cca_area_pct;danger_zone_density,,,not_attempted_no_verified_sportsapi_raw_duel_schema,static_tactical_session_absent,2026-08-22T00:00:00+00:00
892709,Dennis Eckert,2024/2025,league,8,,cca_area_pct;danger_zone_density,,,not_attempted_no_verified_sportsapi_raw_duel_schema,static_tactical_session_absent,2026-08-22T00:00:00+00:00
640279,Dinis Almeida,2024/2025,europe,,uel,final_third_possessions_won,,,not_attempted_no_verified_sportsapi_raw_duel_schema,static_source_field_absent,2026-08-22T00:00:00+00:00
46104,Dries Mertens,2024/2025,europe,,uel,aerial_duels_won;aerial_duel_attempts_raw,,verified_sportsapi_player_id;exact_tournament_id;exact_season_id;aerial_duels_won; aerial_duel_attempts;count_units,not_attempted_no_verified_sportsapi_raw_duel_schema,static_source_field_absent,2026-08-22T00:00:00+00:00
1252093,Dudu Teodora,2024/2025,league,8,,cca_area_pct;danger_zone_density,,,not_attempted_no_verified_sportsapi_raw_duel_schema,static_tactical_session_absent,2026-08-22T00:00:00+00:00
557799,Duje Caleta-Car,2024/2025,league,8,,final_third_possessions_won,,,not_attempted_no_verified_sportsapi_raw_duel_schema,static_source_field_absent,2026-08-22T00:00:00+00:00
526450,Emmanuel Quartsin Gyasi,2024/2025,league,8,,cca_area_pct;danger_zone_density,,,not_attempted_no_verified_sportsapi_raw_duel_schema,static_tactical_session_absent,2026-08-22T00:00:00+00:00
1050859,Enzo Millot,2024/2025,europe,,ucl,aerial_duels_won;aerial_duel_attempts_raw,,verified_sportsapi_player_id;exact_tournament_id;exact_season_id;aerial_duels_won; aerial_duel_attempts;count_units,not_attempted_no_verified_sportsapi_raw_duel_schema,static_source_field_absent,2026-08-22T00:00:00+00:00
1122232,Faisel Al-Ghamdi,2024/2025,league,8,,cca_area_pct;danger_zone_density,,,not_attempted_no_verified_sportsapi_raw_duel_schema,static_tactical_session_absent,2026-08-22T00:00:00+00:00
1189288,Federico Gatti,2024/2025,league,8,,final_third_possessions_won,,,not_attempted_no_verified_sportsapi_raw_duel_schema,static_source_field_absent,2026-08-22T00:00:00+00:00
522203,Federico Ricca,2024/2025,league,8,,cca_area_pct;danger_zone_density,,,not_attempted_no_verified_sportsapi_raw_duel_schema,static_tactical_session_absent,2026-08-22T00:00:00+00:00
1404415,Fermín López,2024/2025,europe,,ucl,aerial_duels_won;aerial_duel_attempts_raw,,verified_sportsapi_player_id;exact_tournament_id;exact_season_id;aerial_duels_won; aerial_duel_attempts;count_units,not_attempted_no_verified_sportsapi_raw_duel_schema,static_source_field_absent,2026-08-22T00:00:00+00:00
184521,Florian Lejeune,2024/2025,league,8,,final_third_possessions_won,,,not_attempted_no_verified_sportsapi_raw_duel_schema,static_source_field_absent,2026-08-22T00:00:00+00:00
310768,Fredrik Aursnes,2024/2025,league,8,,cca_area_pct;danger_zone_density,,,not_attempted_no_verified_sportsapi_raw_duel_schema,static_tactical_session_absent,2026-08-22T00:00:00+00:00
638622,Frenkie de Jong,2024/2025,europe,,ucl,xgot,,,not_attempted_no_verified_sportsapi_raw_duel_schema,static_source_field_absent,2026-08-22T00:00:00+00:00
1025462,Fábio Vieira,2024/2025,league,8,,cca_area_pct;danger_zone_density,,,not_attempted_no_verified_sportsapi_raw_duel_schema,static_tactical_session_absent,2026-08-22T00:00:00+00:00
942358,Félix Correia,2024/2025,league,8,,cca_area_pct;danger_zone_density,,,not_attempted_no_verified_sportsapi_raw_duel_schema,static_tactical_session_absent,2026-08-22T00:00:00+00:00
1287941,Gabri Martínez,2024/2025,league,8,,cca_area_pct;danger_zone_density,,,not_attempted_no_verified_sportsapi_raw_duel_schema,static_tactical_session_absent,2026-08-22T00:00:00+00:00
795179,Gabriel,2024/2025,league,8,,cca_area_pct;danger_zone_density,,,not_attempted_no_verified_sportsapi_raw_duel_schema,static_tactical_session_absent,2026-08-22T00:00:00+00:00
795179,Gabriel,2024/2025,europe,,ucl,final_third_possessions_won;cca_area_pct;danger_zone_density,,,not_attempted_no_verified_sportsapi_raw_duel_schema,static_tactical_session_absent,2026-08-22T00:00:00+00:00
1173684,Gabriel Silva,2024/2025,league,8,,cca_area_pct;danger_zone_density,,,not_attempted_no_verified_sportsapi_raw_duel_schema,static_tactical_session_absent,2026-08-22T00:00:00+00:00
824456,Gabrielzinho,2024/2025,league,8,,cca_area_pct;danger_zone_density,,,not_attempted_no_verified_sportsapi_raw_duel_schema,static_tactical_session_absent,2026-08-22T00:00:00+00:00
1088753,Geny Catamo,2024/2025,league,8,,cca_area_pct;danger_zone_density,,,not_attempted_no_verified_sportsapi_raw_duel_schema,static_tactical_session_absent,2026-08-22T00:00:00+00:00
1530314,Geovany Quenda,2024/2025,league,8,,cca_area_pct;danger_zone_density,,,not_attempted_no_verified_sportsapi_raw_duel_schema,static_tactical_session_absent,2026-08-22T00:00:00+00:00
1215014,Giannis Konstantelias,2024/2025,europe,,uel,aerial_duels_won;aerial_duel_attempts_raw,,verified_sportsapi_player_id;exact_tournament_id;exact_season_id;aerial_duels_won; aerial_duel_attempts;count_units,not_attempted_no_verified_sportsapi_raw_duel_schema,static_source_field_absent,2026-08-22T00:00:00+00:00
566467,Gil Dias,2024/2025,league,8,,cca_area_pct;danger_zone_density,,,not_attempted_no_verified_sportsapi_raw_duel_schema,static_tactical_session_absent,2026-08-22T00:00:00+00:00
1165710,Gonçalo Inácio,2024/2025,league,8,,cca_area_pct;danger_zone_density,,,not_attempted_no_verified_sportsapi_raw_duel_schema,static_tactical_session_absent,2026-08-22T00:00:00+00:00
797896,Guilherme Schettine,2024/2025,league,8,,cca_area_pct;danger_zone_density,,,not_attempted_no_verified_sportsapi_raw_duel_schema,static_tactical_session_absent,2026-08-22T00:00:00+00:00
1039551,Gustavo Assunção,2024/2025,league,8,,cca_area_pct;danger_zone_density,,,not_attempted_no_verified_sportsapi_raw_duel_schema,static_tactical_session_absent,2026-08-22T00:00:00+00:00
1393510,Gustavo Silva,2024/2025,league,8,,cca_area_pct;danger_zone_density,,,not_attempted_no_verified_sportsapi_raw_duel_schema,static_tactical_session_absent,2026-08-22T00:00:00+00:00
1395482,Gustavo Sá,2024/2025,league,8,,cca_area_pct;danger_zone_density,,,not_attempted_no_verified_sportsapi_raw_duel_schema,static_tactical_session_absent,2026-08-22T00:00:00+00:00
950417,Güven Yalcin,2024/2025,league,8,,cca_area_pct;danger_zone_density,,,not_attempted_no_verified_sportsapi_raw_duel_schema,static_tactical_session_absent,2026-08-22T00:00:00+00:00
875672,Hamed Traorè,2024/2025,league,8,,cca_area_pct;danger_zone_density,,,not_attempted_no_verified_sportsapi_raw_duel_schema,static_tactical_session_absent,2026-08-22T00:00:00+00:00
255610,Harry Maguire,2024/2025,europe,,uel,final_third_possessions_won,,,not_attempted_no_verified_sportsapi_raw_duel_schema,static_source_field_absent,2026-08-22T00:00:00+00:00
1192386,Henrique Araújo,2024/2025,league,8,,cca_area_pct;danger_zone_density,,,not_attempted_no_verified_sportsapi_raw_duel_schema,static_tactical_session_absent,2026-08-22T00:00:00+00:00
212867,Heung-Min Son,2024/2025,europe,,uel,aerial_duels_won;aerial_duel_attempts_raw,,verified_sportsapi_player_id;exact_tournament_id;exact_season_id;aerial_duels_won; aerial_duel_attempts;count_units,not_attempted_no_verified_sportsapi_raw_duel_schema,static_source_field_absent,2026-08-22T00:00:00+00:00
625337,Ilija Vukotic,2024/2025,league,8,,cca_area_pct;danger_zone_density,,,not_attempted_no_verified_sportsapi_raw_duel_schema,static_tactical_session_absent,2026-08-22T00:00:00+00:00
1459741,Isaac Aguiar,2024/2025,league,8,,cca_area_pct;danger_zone_density,,,not_attempted_no_verified_sportsapi_raw_duel_schema,static_tactical_session_absent,2026-08-22T00:00:00+00:00
1244924,Ismaël Gharbi,2024/2025,league,8,,cca_area_pct;danger_zone_density,,,not_attempted_no_verified_sportsapi_raw_duel_schema,static_tactical_session_absent,2026-08-22T00:00:00+00:00
844432,Jann-Fiete Arp,2024/2025,league,8,,cca_area_pct;danger_zone_density,,,not_attempted_no_verified_sportsapi_raw_duel_schema,static_tactical_session_absent,2026-08-22T00:00:00+00:00
451984,Jason,2024/2025,league,8,,cca_area_pct;danger_zone_density,,,not_attempted_no_verified_sportsapi_raw_duel_schema,static_tactical_session_absent,2026-08-22T00:00:00+00:00
867080,Jeff Chabot,2024/2025,league,8,,final_third_possessions_won,,,not_attempted_no_verified_sportsapi_raw_duel_schema,static_source_field_absent,2026-08-22T00:00:00+00:00
1210947,Jeremy Antonisse,2024/2025,league,8,,cca_area_pct;danger_zone_density,,,not_attempted_no_verified_sportsapi_raw_duel_schema,static_tactical_session_absent,2026-08-22T00:00:00+00:00
1354085,Joel Ordóñez,2024/2025,league,8,,cca_area_pct;danger_zone_density,,,not_attempted_no_verified_sportsapi_raw_duel_schema,static_tactical_session_absent,2026-08-22T00:00:00+00:00
1109100,John Mercado,2024/2025,league,8,,cca_area_pct;danger_zone_density,,,not_attempted_no_verified_sportsapi_raw_duel_schema,static_tactical_session_absent,2026-08-22T00:00:00+00:00
613714,Jordan Pefok,2024/2025,league,8,,cca_area_pct;danger_zone_density,,,not_attempted_no_verified_sportsapi_raw_duel_schema,static_tactical_session_absent,2026-08-22T00:00:00+00:00
1203824,Jorge Aguirre,2024/2025,league,8,,cca_area_pct;danger_zone_density,,,not_attempted_no_verified_sportsapi_raw_duel_schema,static_tactical_session_absent,2026-08-22T00:00:00+00:00
785716,Jovane Cabral,2024/2025,league,8,,cca_area_pct;danger_zone_density,,,not_attempted_no_verified_sportsapi_raw_duel_schema,static_tactical_session_absent,2026-08-22T00:00:00+00:00
1402621,João Costa,2024/2025,league,8,,cca_area_pct;danger_zone_density,,,not_attempted_no_verified_sportsapi_raw_duel_schema,static_tactical_session_absent,2026-08-22T00:00:00+00:00
874318,João Mendes,2024/2025,league,8,,cca_area_pct;danger_zone_density,,,not_attempted_no_verified_sportsapi_raw_duel_schema,static_tactical_session_absent,2026-08-22T00:00:00+00:00
934156,Jurgen Ekkelenkamp,2024/2025,league,8,,cca_area_pct;danger_zone_density,,,not_attempted_no_verified_sportsapi_raw_duel_schema,static_tactical_session_absent,2026-08-22T00:00:00+00:00
697190,Jérémy Livolant,2024/2025,league,8,,cca_area_pct;danger_zone_density,,,not_attempted_no_verified_sportsapi_raw_duel_schema,static_tactical_session_absent,2026-08-22T00:00:00+00:00
766160,Kady Malinowski,2024/2025,europe,,uel,aerial_duels_won;aerial_duel_attempts_raw;cca_area_pct;danger_zone_density,,verified_sportsapi_player_id;exact_tournament_id;exact_season_id;aerial_duels_won; aerial_duel_attempts;count_units,not_attempted_no_verified_sportsapi_raw_duel_schema,static_tactical_session_absent,2026-08-22T00:00:00+00:00
1395944,Kaio,2024/2025,league,8,,cca_area_pct;danger_zone_density,,,not_attempted_no_verified_sportsapi_raw_duel_schema,static_tactical_session_absent,2026-08-22T00:00:00+00:00
924315,Kanya Fujimoto,2024/2025,league,8,,cca_area_pct;danger_zone_density,,,not_attempted_no_verified_sportsapi_raw_duel_schema,static_tactical_session_absent,2026-08-22T00:00:00+00:00
1117570,Kerem Aktürkoglu,2024/2025,league,8,,cca_area_pct;danger_zone_density,,,not_attempted_no_verified_sportsapi_raw_duel_schema,static_tactical_session_absent,2026-08-22T00:00:00+00:00
957181,Kikas,2024/2025,league,8,,cca_area_pct;danger_zone_density,,,not_attempted_no_verified_sportsapi_raw_duel_schema,static_tactical_session_absent,2026-08-22T00:00:00+00:00
888167,Kike Pérez,2024/2025,league,8,,final_third_possessions_won,,,not_attempted_no_verified_sportsapi_raw_duel_schema,static_source_field_absent,2026-08-22T00:00:00+00:00
1150871,Kiko Bondoso,2024/2025,league,8,,cca_area_pct;danger_zone_density,,,not_attempted_no_verified_sportsapi_raw_duel_schema,static_tactical_session_absent,2026-08-22T00:00:00+00:00
1027594,Konan N’Dri,2024/2025,league,8,,cca_area_pct;danger_zone_density,,,not_attempted_no_verified_sportsapi_raw_duel_schema,static_tactical_session_absent,2026-08-22T00:00:00+00:00
843767,Kornelius Hansen,2024/2025,league,8,,cca_area_pct;danger_zone_density,,,not_attempted_no_verified_sportsapi_raw_duel_schema,static_tactical_session_absent,2026-08-22T00:00:00+00:00
930065,Leandro Barreiro,2024/2025,league,8,,cca_area_pct;danger_zone_density,,,not_attempted_no_verified_sportsapi_raw_duel_schema,static_tactical_session_absent,2026-08-22T00:00:00+00:00
1178319,Louis Patris,2024/2025,league,8,,cca_area_pct;danger_zone_density,,,not_attempted_no_verified_sportsapi_raw_duel_schema,static_tactical_session_absent,2026-08-22T00:00:00+00:00
1283034,Loum Tchaouna,2024/2025,europe,,uel,final_third_possessions_won,,,not_attempted_no_verified_sportsapi_raw_duel_schema,static_source_field_absent,2026-08-22T00:00:00+00:00
267380,Lucas Piazón,2024/2025,league,8,,cca_area_pct;danger_zone_density,,,not_attempted_no_verified_sportsapi_raw_duel_schema,static_tactical_session_absent,2026-08-22T00:00:00+00:00
1088749,Luis Asué,2024/2025,league,8,,cca_area_pct;danger_zone_density,,,not_attempted_no_verified_sportsapi_raw_duel_schema,static_tactical_session_absent,2026-08-22T00:00:00+00:00
1114635,Luis Henrique,2024/2025,league,8,,aerial_duels_won;aerial_duel_attempts_raw,,verified_sportsapi_player_id;exact_tournament_id;exact_season_id;aerial_duels_won; aerial_duel_attempts;count_units,not_attempted_no_verified_sportsapi_raw_duel_schema,static_source_field_absent,2026-08-22T00:00:00+00:00
1413996,Luka Vuskovic,2024/2025,league,8,,cca_area_pct;danger_zone_density,,,not_attempted_no_verified_sportsapi_raw_duel_schema,static_tactical_session_absent,2026-08-22T00:00:00+00:00
1222175,Luís Esteves,2024/2025,league,8,,cca_area_pct;danger_zone_density,,,not_attempted_no_verified_sportsapi_raw_duel_schema,static_tactical_session_absent,2026-08-22T00:00:00+00:00
1396064,Léandre Kuavita,2024/2025,league,8,,cca_area_pct;danger_zone_density,,,not_attempted_no_verified_sportsapi_raw_duel_schema,static_tactical_session_absent,2026-08-22T00:00:00+00:00
40946,Marco Matias,2024/2025,league,8,,cca_area_pct;danger_zone_density,,,not_attempted_no_verified_sportsapi_raw_duel_schema,static_tactical_session_absent,2026-08-22T00:00:00+00:00
914964,Marios Vrousai,2024/2025,league,8,,cca_area_pct;danger_zone_density,,,not_attempted_no_verified_sportsapi_raw_duel_schema,static_tactical_session_absent,2026-08-22T00:00:00+00:00
1199722,Max Svensson,2024/2025,league,8,,cca_area_pct;danger_zone_density,,,not_attempted_no_verified_sportsapi_raw_duel_schema,static_tactical_session_absent,2026-08-22T00:00:00+00:00
950485,Maxence Lacroix,2024/2025,league,8,,final_third_possessions_won,,,not_attempted_no_verified_sportsapi_raw_duel_schema,static_source_field_absent,2026-08-22T00:00:00+00:00
1031656,Maxi Araújo,2024/2025,league,8,,cca_area_pct;danger_zone_density,,,not_attempted_no_verified_sportsapi_raw_duel_schema,static_tactical_session_absent,2026-08-22T00:00:00+00:00
1134871,Maxim De Cuyper,2024/2025,league,8,,cca_area_pct;danger_zone_density,,,not_attempted_no_verified_sportsapi_raw_duel_schema,static_tactical_session_absent,2026-08-22T00:00:00+00:00
872405,Miguel Reisinho,2024/2025,league,8,,cca_area_pct;danger_zone_density,,,not_attempted_no_verified_sportsapi_raw_duel_schema,static_tactical_session_absent,2026-08-22T00:00:00+00:00
264860,Mike van der Hoorn,2024/2025,league,8,,final_third_possessions_won,,,not_attempted_no_verified_sportsapi_raw_duel_schema,static_source_field_absent,2026-08-22T00:00:00+00:00
689050,Morlaye Sylla,2024/2025,league,8,,cca_area_pct;danger_zone_density,,,not_attempted_no_verified_sportsapi_raw_duel_schema,static_tactical_session_absent,2026-08-22T00:00:00+00:00
950199,Morten Hjulmand,2024/2025,league,8,,cca_area_pct;danger_zone_density,,,not_attempted_no_verified_sportsapi_raw_duel_schema,static_tactical_session_absent,2026-08-22T00:00:00+00:00
617310,Nayef Aguerd,2024/2025,league,8,,final_third_possessions_won,,,not_attempted_no_verified_sportsapi_raw_duel_schema,static_source_field_absent,2026-08-22T00:00:00+00:00
34633,Nenê,2024/2025,league,8,,cca_area_pct;danger_zone_density,,,not_attempted_no_verified_sportsapi_raw_duel_schema,static_tactical_session_absent,2026-08-22T00:00:00+00:00
1280132,Nico González,2024/2025,league,8,,cca_area_pct;danger_zone_density,,,not_attempted_no_verified_sportsapi_raw_duel_schema,static_tactical_session_absent,2026-08-22T00:00:00+00:00
174321,Nicolás Otamendi,2024/2025,league,8,,cca_area_pct;danger_zone_density,,,not_attempted_no_verified_sportsapi_raw_duel_schema,static_tactical_session_absent,2026-08-22T00:00:00+00:00
1188608,Nuno Moreira,2024/2025,league,8,,cca_area_pct;danger_zone_density,,,not_attempted_no_verified_sportsapi_raw_duel_schema,static_tactical_session_absent,2026-08-22T00:00:00+00:00
867395,Nuno Santos,2024/2025,league,8,,cca_area_pct;danger_zone_density,,,not_attempted_no_verified_sportsapi_raw_duel_schema,static_tactical_session_absent,2026-08-22T00:00:00+00:00
156556,Nélson Oliveira,2024/2025,league,8,,cca_area_pct;danger_zone_density,,,not_attempted_no_verified_sportsapi_raw_duel_schema,static_tactical_session_absent,2026-08-22T00:00:00+00:00
935409,Orkun Kökcü,2024/2025,league,8,,cca_area_pct;danger_zone_density,,,not_attempted_no_verified_sportsapi_raw_duel_schema,static_tactical_session_absent,2026-08-22T00:00:00+00:00
988160,Osame Sahraoui,2024/2025,league,8,,aerial_duels_won;aerial_duel_attempts_raw,,verified_sportsapi_player_id;exact_tournament_id;exact_season_id;aerial_duels_won; aerial_duel_attempts;count_units,not_attempted_no_verified_sportsapi_raw_duel_schema,static_source_field_absent,2026-08-22T00:00:00+00:00
1227326,Pablo,2024/2025,league,8,,cca_area_pct;danger_zone_density,,,not_attempted_no_verified_sportsapi_raw_duel_schema,static_tactical_session_absent,2026-08-22T00:00:00+00:00
1293912,Pablo Marín,2024/2025,europe,,uel,final_third_possessions_won,,,not_attempted_no_verified_sportsapi_raw_duel_schema,static_source_field_absent,2026-08-22T00:00:00+00:00
193927,Paulo Oliveira,2024/2025,league,8,,final_third_possessions_won;cca_area_pct;danger_zone_density,,,not_attempted_no_verified_sportsapi_raw_duel_schema,static_tactical_session_absent,2026-08-22T00:00:00+00:00
850356,Pepê,2024/2025,league,8,,cca_area_pct;danger_zone_density,,,not_attempted_no_verified_sportsapi_raw_duel_schema,static_tactical_session_absent,2026-08-22T00:00:00+00:00
362212,Piotr Zielinski,2024/2025,europe,,ucl,aerial_duels_won;aerial_duel_attempts_raw,,verified_sportsapi_player_id;exact_tournament_id;exact_season_id;aerial_duels_won; aerial_duel_attempts;count_units,not_attempted_no_verified_sportsapi_raw_duel_schema,static_source_field_absent,2026-08-22T00:00:00+00:00
1220633,Prince Adu,2024/2025,europe,,uel,cca_area_pct;danger_zone_density,,,not_attempted_no_verified_sportsapi_raw_duel_schema,static_tactical_session_absent,2026-08-22T00:00:00+00:00
1094778,Raúl García,2024/2025,league,8,,cca_area_pct;danger_zone_density,,,not_attempted_no_verified_sportsapi_raw_duel_schema,static_tactical_session_absent,2026-08-22T00:00:00+00:00
1195451,Ricardinho,2024/2025,league,8,,cca_area_pct;danger_zone_density,,,not_attempted_no_verified_sportsapi_raw_duel_schema,static_tactical_session_absent,2026-08-22T00:00:00+00:00
432591,Ricardo Horta,2024/2025,league,8,,cca_area_pct;danger_zone_density,,,not_attempted_no_verified_sportsapi_raw_duel_schema,static_tactical_session_absent,2026-08-22T00:00:00+00:00
1252373,Roberto Fernández,2024/2025,league,8,,cca_area_pct;danger_zone_density,,,not_attempted_no_verified_sportsapi_raw_duel_schema,static_tactical_session_absent,2026-08-22T00:00:00+00:00
874482,Roberto González,2024/2025,league,8,,cca_area_pct;danger_zone_density,,,not_attempted_no_verified_sportsapi_raw_duel_schema,static_tactical_session_absent,2026-08-22T00:00:00+00:00
1525065,Rodrigo Mora,2024/2025,league,8,,cca_area_pct;danger_zone_density,,,not_attempted_no_verified_sportsapi_raw_duel_schema,static_tactical_session_absent,2026-08-22T00:00:00+00:00
667962,Rodrigo Pinho,2024/2025,league,8,,cca_area_pct;danger_zone_density,,,not_attempted_no_verified_sportsapi_raw_duel_schema,static_tactical_session_absent,2026-08-22T00:00:00+00:00
1343749,Rodrigo Ribeiro,2024/2025,league,8,,cca_area_pct;danger_zone_density,,,not_attempted_no_verified_sportsapi_raw_duel_schema,static_tactical_session_absent,2026-08-22T00:00:00+00:00
1070776,Rodrigo Zalazar,2024/2025,league,8,,cca_area_pct;danger_zone_density,,,not_attempted_no_verified_sportsapi_raw_duel_schema,static_tactical_session_absent,2026-08-22T00:00:00+00:00
1283094,Roger Fernandes,2024/2025,league,8,,cca_area_pct;danger_zone_density,,,not_attempted_no_verified_sportsapi_raw_duel_schema,static_tactical_session_absent,2026-08-22T00:00:00+00:00
1386551,Ryan Flamingo,2024/2025,league,8,,final_third_possessions_won,,,not_attempted_no_verified_sportsapi_raw_duel_schema,static_source_field_absent,2026-08-22T00:00:00+00:00
1386551,Ryan Flamingo,2024/2025,europe,,ucl,final_third_possessions_won,,,not_attempted_no_verified_sportsapi_raw_duel_schema,static_source_field_absent,2026-08-22T00:00:00+00:00
727419,Ryoya Ogawa,2024/2025,league,8,,cca_area_pct;danger_zone_density,,,not_attempted_no_verified_sportsapi_raw_duel_schema,static_tactical_session_absent,2026-08-22T00:00:00+00:00
922622,Róbert Bozeník,2024/2025,league,8,,cca_area_pct;danger_zone_density,,,not_attempted_no_verified_sportsapi_raw_duel_schema,static_tactical_session_absent,2026-08-22T00:00:00+00:00
554295,Rúben Macedo,2024/2025,league,8,,cca_area_pct;danger_zone_density,,,not_attempted_no_verified_sportsapi_raw_duel_schema,static_tactical_session_absent,2026-08-22T00:00:00+00:00
667952,Samu,2024/2025,league,8,,cca_area_pct;danger_zone_density,,,not_attempted_no_verified_sportsapi_raw_duel_schema,static_tactical_session_absent,2026-08-22T00:00:00+00:00
1414859,Samuel Aghehowa,2024/2025,league,8,,cca_area_pct;danger_zone_density,,,not_attempted_no_verified_sportsapi_raw_duel_schema,static_tactical_session_absent,2026-08-22T00:00:00+00:00
309334,Saúl,2024/2025,league,8,,cca_area_pct;danger_zone_density,,,not_attempted_no_verified_sportsapi_raw_duel_schema,static_tactical_session_absent,2026-08-22T00:00:00+00:00
304345,Sead Kolasinac,2024/2025,europe,,ucl,final_third_possessions_won,,,not_attempted_no_verified_sportsapi_raw_duel_schema,static_source_field_absent,2026-08-22T00:00:00+00:00
1355837,Serginho,2024/2025,league,8,,cca_area_pct;danger_zone_density,,,not_attempted_no_verified_sportsapi_raw_duel_schema,static_tactical_session_absent,2026-08-22T00:00:00+00:00
1522438,Shiloh Zand,2024/2025,league,8,,cca_area_pct;danger_zone_density,,,not_attempted_no_verified_sportsapi_raw_duel_schema,static_tactical_session_absent,2026-08-22T00:00:00+00:00
959404,Silas Katompa Mvumpa,2024/2025,europe,,ucl,cca_area_pct;danger_zone_density,,,not_attempted_no_verified_sportsapi_raw_duel_schema,static_tactical_session_absent,2026-08-22T00:00:00+00:00
1257305,Sorriso,2024/2025,league,8,,cca_area_pct;danger_zone_density,,,not_attempted_no_verified_sportsapi_raw_duel_schema,static_tactical_session_absent,2026-08-22T00:00:00+00:00
1110862,Stélios Andreou,2024/2025,league,8,,cca_area_pct;danger_zone_density,,,not_attempted_no_verified_sportsapi_raw_duel_schema,static_tactical_session_absent,2026-08-22T00:00:00+00:00
1165477,Telmo Arcanjo,2024/2025,league,8,,cca_area_pct;danger_zone_density,,,not_attempted_no_verified_sportsapi_raw_duel_schema,static_tactical_session_absent,2026-08-22T00:00:00+00:00
1398392,Thierno Barry,2024/2025,league,8,,cca_area_pct;danger_zone_density,,,not_attempted_no_verified_sportsapi_raw_duel_schema,static_tactical_session_absent,2026-08-22T00:00:00+00:00
1187392,Tiago Morais,2024/2025,league,8,,cca_area_pct;danger_zone_density,,,not_attempted_no_verified_sportsapi_raw_duel_schema,static_tactical_session_absent,2026-08-22T00:00:00+00:00
422812,Tiago Silva,2024/2025,league,8,,cca_area_pct;danger_zone_density,,,not_attempted_no_verified_sportsapi_raw_duel_schema,static_tactical_session_absent,2026-08-22T00:00:00+00:00
212695,Tomané,2024/2025,league,8,,cca_area_pct;danger_zone_density,,,not_attempted_no_verified_sportsapi_raw_duel_schema,static_tactical_session_absent,2026-08-22T00:00:00+00:00
732282,Trincão,2024/2025,league,8,,cca_area_pct;danger_zone_density,,,not_attempted_no_verified_sportsapi_raw_duel_schema,static_tactical_session_absent,2026-08-22T00:00:00+00:00
1119168,Tural Bayramov,2024/2025,europe,,uel,cca_area_pct;danger_zone_density,,,not_attempted_no_verified_sportsapi_raw_duel_schema,static_tactical_session_absent,2026-08-22T00:00:00+00:00
1276501,Tuur Rommens,2024/2025,league,8,,cca_area_pct;danger_zone_density,,,not_attempted_no_verified_sportsapi_raw_duel_schema,static_tactical_session_absent,2026-08-22T00:00:00+00:00
637749,Vangelis Pavlidis,2024/2025,league,8,,cca_area_pct;danger_zone_density,,,not_attempted_no_verified_sportsapi_raw_duel_schema,static_tactical_session_absent,2026-08-22T00:00:00+00:00
664500,Viktor Gyökeres,2024/2025,league,8,,cca_area_pct;danger_zone_density,,,not_attempted_no_verified_sportsapi_raw_duel_schema,static_tactical_session_absent,2026-08-22T00:00:00+00:00
664500,Viktor Gyökeres,2024/2025,europe,,ucl,final_third_possessions_won,,,not_attempted_no_verified_sportsapi_raw_duel_schema,static_source_field_absent,2026-08-22T00:00:00+00:00
1037548,Vinicius Zanocelo,2024/2025,league,8,,cca_area_pct;danger_zone_density,,,not_attempted_no_verified_sportsapi_raw_duel_schema,static_tactical_session_absent,2026-08-22T00:00:00+00:00
1044194,Vinícius,2024/2025,league,8,,cca_area_pct;danger_zone_density,,,not_attempted_no_verified_sportsapi_raw_duel_schema,static_tactical_session_absent,2026-08-22T00:00:00+00:00
1460591,Wagner Pina,2024/2025,league,8,,cca_area_pct;danger_zone_density,,,not_attempted_no_verified_sportsapi_raw_duel_schema,static_tactical_session_absent,2026-08-22T00:00:00+00:00
776972,Wenderson Galeno,2024/2025,league,8,,cca_area_pct;danger_zone_density,,,not_attempted_no_verified_sportsapi_raw_duel_schema,static_tactical_session_absent,2026-08-22T00:00:00+00:00
1288907,Yacine Titraoui,2024/2025,league,8,,cca_area_pct;danger_zone_density,,,not_attempted_no_verified_sportsapi_raw_duel_schema,static_tactical_session_absent,2026-08-22T00:00:00+00:00
933639,Yanis Begraoui,2024/2025,league,8,,cca_area_pct;danger_zone_density,,,not_attempted_no_verified_sportsapi_raw_duel_schema,static_tactical_session_absent,2026-08-22T00:00:00+00:00
889535,Yann Aurel Bisseck,2024/2025,league,8,,cca_area_pct;danger_zone_density,,,not_attempted_no_verified_sportsapi_raw_duel_schema,static_tactical_session_absent,2026-08-22T00:00:00+00:00
1287871,Zakaria El Ouahdi,2024/2025,league,8,,cca_area_pct;danger_zone_density,,,not_attempted_no_verified_sportsapi_raw_duel_schema,static_tactical_session_absent,2026-08-22T00:00:00+00:00
813549,Zaydou Youssouf,2024/2025,league,8,,cca_area_pct;danger_zone_density,,,not_attempted_no_verified_sportsapi_raw_duel_schema,static_tactical_session_absent,2026-08-22T00:00:00+00:00
1067168,Zeki Amdouni,2024/2025,league,8,,cca_area_pct;danger_zone_density,,,not_attempted_no_verified_sportsapi_raw_duel_schema,static_tactical_session_absent,2026-08-22T00:00:00+00:00
306167,Zé Luis,2024/2025,league,8,,cca_area_pct;danger_zone_density,,,not_attempted_no_verified_sportsapi_raw_duel_schema,static_tactical_session_absent,2026-08-22T00:00:00+00:00
1256692,Zé Vítor,2024/2025,league,8,,final_third_possessions_won;cca_area_pct;danger_zone_density,,,not_attempted_no_verified_sportsapi_raw_duel_schema,static_tactical_session_absent,2026-08-22T00:00:00+00:00
432950,Ángel Correa,2024/2025,europe,,ucl,aerial_duels_won;aerial_duel_attempts_raw,,verified_sportsapi_player_id;exact_tournament_id;exact_season_id;aerial_duels_won; aerial_duel_attempts;count_units,not_attempted_no_verified_sportsapi_raw_duel_schema,static_source_field_absent,2026-08-22T00:00:00+00:00
46509,Ángel Di Maria,2024/2025,league,8,,aerial_duels_won;aerial_duel_attempts_raw;cca_area_pct;danger_zone_density,,verified_sportsapi_player_id;exact_tournament_id;exact_season_id;aerial_duels_won; aerial_duel_attempts;count_units,not_attempted_no_verified_sportsapi_raw_duel_schema,static_tactical_session_absent,2026-08-22T00:00:00+00:00
1208987,Óscar Aranda,2024/2025,league,8,,cca_area_pct;danger_zone_density,,,not_attempted_no_verified_sportsapi_raw_duel_schema,static_tactical_session_absent,2026-08-22T00:00:00+00:00
1668205,Abdoul Traoré,2025/2026,league,8,,cca_area_pct;danger_zone_density,,,not_attempted_no_verified_sportsapi_raw_duel_schema,static_tactical_session_absent,2026-08-22T00:00:00+00:00
324910,Abdul Rahman Baba,2025/2026,europe,,uel,cca_area_pct;danger_zone_density,,,not_attempted_no_verified_sportsapi_raw_duel_schema,static_tactical_session_absent,2026-08-22T00:00:00+00:00
1060604,Abner,2025/2026,europe,,uel,cca_area_pct;danger_zone_density,,,not_attempted_no_verified_sportsapi_raw_duel_schema,static_tactical_session_absent,2026-08-22T00:00:00+00:00
1187131,Abraham Marcus,2025/2026,league,8,,cca_area_pct;danger_zone_density,,,not_attempted_no_verified_sportsapi_raw_duel_schema,static_tactical_session_absent,2026-08-22T00:00:00+00:00
1469852,Agustín Moreira,2025/2026,league,8,,cca_area_pct;danger_zone_density,,,not_attempted_no_verified_sportsapi_raw_duel_schema,static_tactical_session_absent,2026-08-22T00:00:00+00:00
956576,Aiham Ousou,2025/2026,league,8,,cca_area_pct;danger_zone_density,,,not_attempted_no_verified_sportsapi_raw_duel_schema,static_tactical_session_absent,2026-08-22T00:00:00+00:00
892751,Alan,2025/2026,league,8,,cca_area_pct;danger_zone_density,,,not_attempted_no_verified_sportsapi_raw_duel_schema,static_tactical_session_absent,2026-08-22T00:00:00+00:00
1186684,Alan Varela,2025/2026,league,8,,cca_area_pct;danger_zone_density,,,not_attempted_no_verified_sportsapi_raw_duel_schema,static_tactical_session_absent,2026-08-22T00:00:00+00:00
929835,Alejandro Marqués,2025/2026,league,8,,cca_area_pct;danger_zone_density,,,not_attempted_no_verified_sportsapi_raw_duel_schema,static_tactical_session_absent,2026-08-22T00:00:00+00:00
924300,Alemão,2025/2026,league,8,,cca_area_pct;danger_zone_density,,,not_attempted_no_verified_sportsapi_raw_duel_schema,static_tactical_session_absent,2026-08-22T00:00:00+00:00
1139353,Alfonso Trezza,2025/2026,league,8,,cca_area_pct;danger_zone_density,,,not_attempted_no_verified_sportsapi_raw_duel_schema,static_tactical_session_absent,2026-08-22T00:00:00+00:00
1190493,Alioune Ndoye,2025/2026,league,8,,cca_area_pct;danger_zone_density,,,not_attempted_no_verified_sportsapi_raw_duel_schema,static_tactical_session_absent,2026-08-22T00:00:00+00:00
1228558,Andreas Schjelderup,2025/2026,league,8,,cca_area_pct;danger_zone_density,,,not_attempted_no_verified_sportsapi_raw_duel_schema,static_tactical_session_absent,2026-08-22T00:00:00+00:00
1047670,Andrej Ilic,2025/2026,league,8,,cca_area_pct;danger_zone_density,,,not_attempted_no_verified_sportsapi_raw_duel_schema,static_tactical_session_absent,2026-08-22T00:00:00+00:00
1254302,André Lacximicant,2025/2026,league,8,,cca_area_pct;danger_zone_density,,,not_attempted_no_verified_sportsapi_raw_duel_schema,static_tactical_session_absent,2026-08-22T00:00:00+00:00
1284944,André Luiz,2025/2026,league,8,,cca_area_pct;danger_zone_density,,,not_attempted_no_verified_sportsapi_raw_duel_schema,static_tactical_session_absent,2026-08-22T00:00:00+00:00
1576876,Anis Hadj Moussa,2025/2026,europe,,uel,aerial_duels_won;aerial_duel_attempts_raw,,verified_sportsapi_player_id;exact_tournament_id;exact_season_id;aerial_duels_won; aerial_duel_attempts;count_units,not_attempted_no_verified_sportsapi_raw_duel_schema,static_source_field_absent,2026-08-22T00:00:00+00:00
906937,Anthony Gordon,2025/2026,europe,,ucl,aerial_duels_won;aerial_duel_attempts_raw,,verified_sportsapi_player_id;exact_tournament_id;exact_season_id;aerial_duels_won; aerial_duel_attempts;count_units,not_attempted_no_verified_sportsapi_raw_duel_schema,static_source_field_absent,2026-08-22T00:00:00+00:00
1110599,Anton Tanghe,2025/2026,league,8,,final_third_possessions_won;cca_area_pct;danger_zone_density,,,not_attempted_no_verified_sportsapi_raw_duel_schema,static_tactical_session_absent,2026-08-22T00:00:00+00:00
474448,Antonio Sanabria,2025/2026,league,8,,final_third_possessions_won,,,not_attempted_no_verified_sportsapi_raw_duel_schema,static_source_field_absent,2026-08-22T00:00:00+00:00
1227813,Atsuki Ito,2025/2026,league,8,,cca_area_pct;danger_zone_density,,,not_attempted_no_verified_sportsapi_raw_duel_schema,static_tactical_session_absent,2026-08-22T00:00:00+00:00
1284404,Babatunde Akinsola,2025/2026,league,8,,cca_area_pct;danger_zone_density,,,not_attempted_no_verified_sportsapi_raw_duel_schema,static_tactical_session_absent,2026-08-22T00:00:00+00:00
1388070,Badredine Bouanani,2025/2026,europe,,uel,aerial_duels_won;aerial_duel_attempts_raw,,verified_sportsapi_player_id;exact_tournament_id;exact_season_id;aerial_duels_won; aerial_duel_attempts;count_units,not_attempted_no_verified_sportsapi_raw_duel_schema,static_source_field_absent,2026-08-22T00:00:00+00:00
1027396,Barbero,2025/2026,league,8,,cca_area_pct;danger_zone_density,,,not_attempted_no_verified_sportsapi_raw_duel_schema,static_tactical_session_absent,2026-08-22T00:00:00+00:00
833979,Bebeto,2025/2026,league,8,,cca_area_pct;danger_zone_density,,,not_attempted_no_verified_sportsapi_raw_duel_schema,static_tactical_session_absent,2026-08-22T00:00:00+00:00
609505,Borja Iglesias,2025/2026,europe,,uel,final_third_possessions_won,,,not_attempted_no_verified_sportsapi_raw_duel_schema,static_source_field_absent,2026-08-22T00:00:00+00:00
1083204,Borja Sainz,2025/2026,league,8,,cca_area_pct;danger_zone_density,,,not_attempted_no_verified_sportsapi_raw_duel_schema,static_tactical_session_absent,2026-08-22T00:00:00+00:00
445873,Brandon Mechele,2025/2026,league,8,,cca_area_pct;danger_zone_density,,,not_attempted_no_verified_sportsapi_raw_duel_schema,static_tactical_session_absent,2026-08-22T00:00:00+00:00
1466127,Brayan Medina,2025/2026,league,8,,cca_area_pct;danger_zone_density,,,not_attempted_no_verified_sportsapi_raw_duel_schema,static_tactical_session_absent,2026-08-22T00:00:00+00:00
1525452,Brenner,2025/2026,league,8,,cca_area_pct;danger_zone_density,,,not_attempted_no_verified_sportsapi_raw_duel_schema,static_tactical_session_absent,2026-08-22T00:00:00+00:00
924446,Bryan Reynolds,2025/2026,league,8,,cca_area_pct;danger_zone_density,,,not_attempted_no_verified_sportsapi_raw_duel_schema,static_tactical_session_absent,2026-08-22T00:00:00+00:00
1208040,Caio,2025/2026,europe,,uel,cca_area_pct;danger_zone_density,,,not_attempted_no_verified_sportsapi_raw_duel_schema,static_tactical_session_absent,2026-08-22T00:00:00+00:00
1159831,Casper Widell,2025/2026,league,8,,final_third_possessions_won,,,not_attempted_no_verified_sportsapi_raw_duel_schema,static_source_field_absent,2026-08-22T00:00:00+00:00
387525,Cassiano,2025/2026,league,8,,cca_area_pct;danger_zone_density,,,not_attempted_no_verified_sportsapi_raw_duel_schema,static_tactical_session_absent,2026-08-22T00:00:00+00:00
1186444,Charlie Cresswell,2025/2026,league,8,,final_third_possessions_won,,,not_attempted_no_verified_sportsapi_raw_duel_schema,static_source_field_absent,2026-08-22T00:00:00+00:00
1406567,Cheick Keita,2025/2026,league,8,,cca_area_pct;danger_zone_density,,,not_attempted_no_verified_sportsapi_raw_duel_schema,static_tactical_session_absent,2026-08-22T00:00:00+00:00
1127007,Chiquinho,2025/2026,league,8,,cca_area_pct;danger_zone_density,,,not_attempted_no_verified_sportsapi_raw_duel_schema,static_tactical_session_absent,2026-08-22T00:00:00+00:00
892679,Chris Führich,2025/2026,europe,,uel,aerial_duels_won;aerial_duel_attempts_raw,,verified_sportsapi_player_id;exact_tournament_id;exact_season_id;aerial_duels_won; aerial_duel_attempts;count_units,not_attempted_no_verified_sportsapi_raw_duel_schema,static_source_field_absent,2026-08-22T00:00:00+00:00
950829,Chris Richards,2025/2026,league,8,,final_third_possessions_won,,,not_attempted_no_verified_sportsapi_raw_duel_schema,static_source_field_absent,2026-08-22T00:00:00+00:00
1075457,Chuchu Ramírez,2025/2026,league,8,,cca_area_pct;danger_zone_density,,,not_attempted_no_verified_sportsapi_raw_duel_schema,static_tactical_session_absent,2026-08-22T00:00:00+00:00
882163,Chukwubuike Adamu,2025/2026,europe,,uel,cca_area_pct;danger_zone_density,,,not_attempted_no_verified_sportsapi_raw_duel_schema,static_tactical_session_absent,2026-08-22T00:00:00+00:00
1290479,Clayton,2025/2026,league,8,,cca_area_pct;danger_zone_density,,,not_attempted_no_verified_sportsapi_raw_duel_schema,static_tactical_session_absent,2026-08-22T00:00:00+00:00
1096353,Cole Palmer,2025/2026,league,8,,aerial_duels_won;aerial_duel_attempts_raw,,verified_sportsapi_player_id;exact_tournament_id;exact_season_id;aerial_duels_won; aerial_duel_attempts;count_units,not_attempted_no_verified_sportsapi_raw_duel_schema,static_source_field_absent,2026-08-22T00:00:00+00:00
1067806,Dario Spikic,2025/2026,league,8,,cca_area_pct;danger_zone_density,,,not_attempted_no_verified_sportsapi_raw_duel_schema,static_tactical_session_absent,2026-08-22T00:00:00+00:00
815431,Davide Frattesi,2025/2026,league,8,,final_third_possessions_won,,,not_attempted_no_verified_sportsapi_raw_duel_schema,static_source_field_absent,2026-08-22T00:00:00+00:00
1406300,Deniz Gül,2025/2026,league,8,,cca_area_pct;danger_zone_density,,,not_attempted_no_verified_sportsapi_raw_duel_schema,static_tactical_session_absent,2026-08-22T00:00:00+00:00
892709,Dennis Eckert,2025/2026,league,8,,cca_area_pct;danger_zone_density,,,not_attempted_no_verified_sportsapi_raw_duel_schema,static_tactical_session_absent,2026-08-22T00:00:00+00:00
1108882,Diego Duarte,2025/2026,league,8,,cca_area_pct;danger_zone_density,,,not_attempted_no_verified_sportsapi_raw_duel_schema,static_tactical_session_absent,2026-08-22T00:00:00+00:00
1693611,Diogo Bezerra,2025/2026,league,8,,cca_area_pct;danger_zone_density,,,not_attempted_no_verified_sportsapi_raw_duel_schema,static_tactical_session_absent,2026-08-22T00:00:00+00:00
1521234,Diogo Travassos,2025/2026,league,8,,cca_area_pct;danger_zone_density,,,not_attempted_no_verified_sportsapi_raw_duel_schema,static_tactical_session_absent,2026-08-22T00:00:00+00:00
688876,Dodi Lukébakio,2025/2026,league,8,,cca_area_pct;danger_zone_density,,,not_attempted_no_verified_sportsapi_raw_duel_schema,static_tactical_session_absent,2026-08-22T00:00:00+00:00
660301,Donyell Malen,2025/2026,europe,,uel,final_third_possessions_won,,,not_attempted_no_verified_sportsapi_raw_duel_schema,static_source_field_absent,2026-08-22T00:00:00+00:00
1350681,Dylan Nandín,2025/2026,league,8,,cca_area_pct;danger_zone_density,,,not_attempted_no_verified_sportsapi_raw_duel_schema,static_tactical_session_absent,2026-08-22T00:00:00+00:00
1114123,Emin Bayram,2025/2026,league,8,,cca_area_pct;danger_zone_density,,,not_attempted_no_verified_sportsapi_raw_duel_schema,static_tactical_session_absent,2026-08-22T00:00:00+00:00
965823,Ewoud Pletinckx,2025/2026,league,8,,final_third_possessions_won;cca_area_pct;danger_zone_density,,,not_attempted_no_verified_sportsapi_raw_duel_schema,static_tactical_session_absent,2026-08-22T00:00:00+00:00
1307394,Fabio Ferraro,2025/2026,league,8,,cca_area_pct;danger_zone_density,,,not_attempted_no_verified_sportsapi_raw_duel_schema,static_tactical_session_absent,2026-08-22T00:00:00+00:00
671855,Fran Navarro,2025/2026,league,8,,cca_area_pct;danger_zone_density,,,not_attempted_no_verified_sportsapi_raw_duel_schema,static_tactical_session_absent,2026-08-22T00:00:00+00:00
1185336,Francisco Conceição,2025/2026,europe,,ucl,aerial_duels_won;aerial_duel_attempts_raw,,verified_sportsapi_player_id;exact_tournament_id;exact_season_id;aerial_duels_won; aerial_duel_attempts;count_units,not_attempted_no_verified_sportsapi_raw_duel_schema,static_source_field_absent,2026-08-22T00:00:00+00:00
1406419,Franjo Ivanovic,2025/2026,league,8,,cca_area_pct;danger_zone_density,,,not_attempted_no_verified_sportsapi_raw_duel_schema,static_tactical_session_absent,2026-08-22T00:00:00+00:00
310768,Fredrik Aursnes,2025/2026,league,8,,cca_area_pct;danger_zone_density,,,not_attempted_no_verified_sportsapi_raw_duel_schema,static_tactical_session_absent,2026-08-22T00:00:00+00:00
1287941,Gabri Martínez,2025/2026,league,8,,cca_area_pct;danger_zone_density,,,not_attempted_no_verified_sportsapi_raw_duel_schema,static_tactical_session_absent,2026-08-22T00:00:00+00:00
1287941,Gabri Martínez,2025/2026,europe,,uel,cca_area_pct;danger_zone_density,,,not_attempted_no_verified_sportsapi_raw_duel_schema,static_tactical_session_absent,2026-08-22T00:00:00+00:00
795179,Gabriel,2025/2026,league,8,,cca_area_pct;danger_zone_density,,,not_attempted_no_verified_sportsapi_raw_duel_schema,static_tactical_session_absent,2026-08-22T00:00:00+00:00
1173684,Gabriel Silva,2025/2026,league,8,,cca_area_pct;danger_zone_density,,,not_attempted_no_verified_sportsapi_raw_duel_schema,static_tactical_session_absent,2026-08-22T00:00:00+00:00
1116734,Gabriel Veiga,2025/2026,league,8,,cca_area_pct;danger_zone_density,,,not_attempted_no_verified_sportsapi_raw_duel_schema,static_tactical_session_absent,2026-08-22T00:00:00+00:00
802329,Gaizka Larrazabal,2025/2026,league,8,,cca_area_pct;danger_zone_density,,,not_attempted_no_verified_sportsapi_raw_duel_schema,static_tactical_session_absent,2026-08-22T00:00:00+00:00
1075033,Gary Magnée,2025/2026,league,8,,cca_area_pct;danger_zone_density,,,not_attempted_no_verified_sportsapi_raw_duel_schema,static_tactical_session_absent,2026-08-22T00:00:00+00:00
1088753,Geny Catamo,2025/2026,league,8,,cca_area_pct;danger_zone_density,,,not_attempted_no_verified_sportsapi_raw_duel_schema,static_tactical_session_absent,2026-08-22T00:00:00+00:00
1088753,Geny Catamo,2025/2026,europe,,ucl,final_third_possessions_won,,,not_attempted_no_verified_sportsapi_raw_duel_schema,static_source_field_absent,2026-08-22T00:00:00+00:00
1192398,Georgiy Sudakov,2025/2026,league,8,,cca_area_pct;danger_zone_density,,,not_attempted_no_verified_sportsapi_raw_duel_schema,static_tactical_session_absent,2026-08-22T00:00:00+00:00
1363660,Gianluca Prestianni,2025/2026,league,8,,cca_area_pct;danger_zone_density,,,not_attempted_no_verified_sportsapi_raw_duel_schema,static_tactical_session_absent,2026-08-22T00:00:00+00:00
721089,Gianluca Scamacca,2025/2026,europe,,ucl,final_third_possessions_won,,,not_attempted_no_verified_sportsapi_raw_duel_schema,static_source_field_absent,2026-08-22T00:00:00+00:00
566467,Gil Dias,2025/2026,league,8,,cca_area_pct;danger_zone_density,,,not_attempted_no_verified_sportsapi_raw_duel_schema,static_tactical_session_absent,2026-08-22T00:00:00+00:00
1355574,Giovane Nascimento,2025/2026,league,8,,cca_area_pct;danger_zone_density,,,not_attempted_no_verified_sportsapi_raw_duel_schema,static_tactical_session_absent,2026-08-22T00:00:00+00:00
857269,Gleison Bremer,2025/2026,league,8,,cca_area_pct;danger_zone_density,,,not_attempted_no_verified_sportsapi_raw_duel_schema,static_tactical_session_absent,2026-08-22T00:00:00+00:00
1420317,Guilherme Neiva,2025/2026,league,8,,cca_area_pct;danger_zone_density,,,not_attempted_no_verified_sportsapi_raw_duel_schema,static_tactical_session_absent,2026-08-22T00:00:00+00:00
919848,Gustaf Lagerbielke,2025/2026,league,8,,cca_area_pct;danger_zone_density,,,not_attempted_no_verified_sportsapi_raw_duel_schema,static_tactical_session_absent,2026-08-22T00:00:00+00:00
1393510,Gustavo Silva,2025/2026,league,8,,cca_area_pct;danger_zone_density,,,not_attempted_no_verified_sportsapi_raw_duel_schema,static_tactical_session_absent,2026-08-22T00:00:00+00:00
1395482,Gustavo Sá,2025/2026,league,8,,cca_area_pct;danger_zone_density,,,not_attempted_no_verified_sportsapi_raw_duel_schema,static_tactical_session_absent,2026-08-22T00:00:00+00:00
1585676,Gustavo Varela,2025/2026,league,8,,cca_area_pct;danger_zone_density,,,not_attempted_no_verified_sportsapi_raw_duel_schema,static_tactical_session_absent,2026-08-22T00:00:00+00:00
601145,Habibou Mouhamadou Diallo,2025/2026,league,8,,cca_area_pct;danger_zone_density,,,not_attempted_no_verified_sportsapi_raw_duel_schema,static_tactical_session_absent,2026-08-22T00:00:00+00:00
1374503,Hugo Félix,2025/2026,league,8,,cca_area_pct;danger_zone_density,,,not_attempted_no_verified_sportsapi_raw_duel_schema,static_tactical_session_absent,2026-08-22T00:00:00+00:00
1328820,Hyun-Ju Lee,2025/2026,league,8,,cca_area_pct;danger_zone_density,,,not_attempted_no_verified_sportsapi_raw_duel_schema,static_tactical_session_absent,2026-08-22T00:00:00+00:00
174472,Iago Aspas,2025/2026,europe,,uel,aerial_duels_won;aerial_duel_attempts_raw,,verified_sportsapi_player_id;exact_tournament_id;exact_season_id;aerial_duels_won; aerial_duel_attempts;count_units,not_attempted_no_verified_sportsapi_raw_duel_schema,static_source_field_absent,2026-08-22T00:00:00+00:00
957122,Ianis Stoica,2025/2026,league,8,,cca_area_pct;danger_zone_density,,,not_attempted_no_verified_sportsapi_raw_duel_schema,static_tactical_session_absent,2026-08-22T00:00:00+00:00
1047662,Ibe Hautekiet,2025/2026,league,8,,cca_area_pct;danger_zone_density,,,not_attempted_no_verified_sportsapi_raw_duel_schema,static_tactical_session_absent,2026-08-22T00:00:00+00:00
1785898,Ibrahima Diaby,2025/2026,league,8,,cca_area_pct;danger_zone_density,,,not_attempted_no_verified_sportsapi_raw_duel_schema,static_tactical_session_absent,2026-08-22T00:00:00+00:00
1119643,Jan Thielmann,2025/2026,league,8,,cca_area_pct;danger_zone_density,,,not_attempted_no_verified_sportsapi_raw_duel_schema,static_tactical_session_absent,2026-08-22T00:00:00+00:00
613260,Jean-Luc Dompé,2025/2026,league,8,,aerial_duels_won;aerial_duel_attempts_raw,,verified_sportsapi_player_id;exact_tournament_id;exact_season_id;aerial_duels_won; aerial_duel_attempts;count_units,not_attempted_no_verified_sportsapi_raw_duel_schema,static_source_field_absent,2026-08-22T00:00:00+00:00
1379196,Jones El-Abdellaoui,2025/2026,europe,,uel,aerial_duels_won;aerial_duel_attempts_raw,,verified_sportsapi_player_id;exact_tournament_id;exact_season_id;aerial_duels_won; aerial_duel_attempts;count_units,not_attempted_no_verified_sportsapi_raw_duel_schema,static_source_field_absent,2026-08-22T00:00:00+00:00
613714,Jordan Pefok,2025/2026,league,8,,cca_area_pct;danger_zone_density,,,not_attempted_no_verified_sportsapi_raw_duel_schema,static_tactical_session_absent,2026-08-22T00:00:00+00:00
785716,Jovane Cabral,2025/2026,league,8,,cca_area_pct;danger_zone_density,,,not_attempted_no_verified_sportsapi_raw_duel_schema,static_tactical_session_absent,2026-08-22T00:00:00+00:00
603808,João Carvalho,2025/2026,league,8,,cca_area_pct;danger_zone_density,,,not_attempted_no_verified_sportsapi_raw_duel_schema,static_tactical_session_absent,2026-08-22T00:00:00+00:00
37549,João Moutinho,2025/2026,league,8,,cca_area_pct;danger_zone_density,,,not_attempted_no_verified_sportsapi_raw_duel_schema,static_tactical_session_absent,2026-08-22T00:00:00+00:00
852071,Juan Hernández,2025/2026,league,8,,cca_area_pct;danger_zone_density,,,not_attempted_no_verified_sportsapi_raw_duel_schema,static_tactical_session_absent,2026-08-22T00:00:00+00:00
852071,Juan Hernández,2025/2026,europe,,uel,final_third_possessions_won;cca_area_pct;danger_zone_density,,,not_attempted_no_verified_sportsapi_raw_duel_schema,static_tactical_session_absent,2026-08-22T00:00:00+00:00
1040889,Junior Dina Ebimbe,2025/2026,league,8,,cca_area_pct;danger_zone_density,,,not_attempted_no_verified_sportsapi_raw_duel_schema,static_tactical_session_absent,2026-08-22T00:00:00+00:00
969711,Justin De Haas,2025/2026,league,8,,final_third_possessions_won;cca_area_pct;danger_zone_density,,,not_attempted_no_verified_sportsapi_raw_duel_schema,static_tactical_session_absent,2026-08-22T00:00:00+00:00
942368,Jérémy Doku,2025/2026,europe,,ucl,aerial_duels_won;aerial_duel_attempts_raw,,verified_sportsapi_player_id;exact_tournament_id;exact_season_id;aerial_duels_won; aerial_duel_attempts;count_units,not_attempted_no_verified_sportsapi_raw_duel_schema,static_source_field_absent,2026-08-22T00:00:00+00:00
697190,Jérémy Livolant,2025/2026,league,8,,cca_area_pct;danger_zone_density,,,not_attempted_no_verified_sportsapi_raw_duel_schema,static_tactical_session_absent,2026-08-22T00:00:00+00:00
1320170,Kaiky Naves,2025/2026,league,8,,cca_area_pct;danger_zone_density,,,not_attempted_no_verified_sportsapi_raw_duel_schema,static_tactical_session_absent,2026-08-22T00:00:00+00:00
1166344,Kevin Carlos,2025/2026,europe,,uel,cca_area_pct;danger_zone_density,,,not_attempted_no_verified_sportsapi_raw_duel_schema,static_tactical_session_absent,2026-08-22T00:00:00+00:00
728290,Kevin Mac Allister,2025/2026,league,8,,cca_area_pct;danger_zone_density,,,not_attempted_no_verified_sportsapi_raw_duel_schema,static_tactical_session_absent,2026-08-22T00:00:00+00:00
957181,Kikas,2025/2026,league,8,,cca_area_pct;danger_zone_density,,,not_attempted_no_verified_sportsapi_raw_duel_schema,static_tactical_session_absent,2026-08-22T00:00:00+00:00
1124533,Kilian Sildillia,2025/2026,league,8,,cca_area_pct;danger_zone_density,,,not_attempted_no_verified_sportsapi_raw_duel_schema,static_tactical_session_absent,2026-08-22T00:00:00+00:00
364430,Kiril Despodov,2025/2026,europe,,uel,aerial_duels_won;aerial_duel_attempts_raw,,verified_sportsapi_player_id;exact_tournament_id;exact_season_id;aerial_duels_won; aerial_duel_attempts;count_units,not_attempted_no_verified_sportsapi_raw_duel_schema,static_source_field_absent,2026-08-22T00:00:00+00:00
1110376,Kyan Vaesen,2025/2026,league,8,,cca_area_pct;danger_zone_density,,,not_attempted_no_verified_sportsapi_raw_duel_schema,static_tactical_session_absent,2026-08-22T00:00:00+00:00
820792,Kévin Van Den Kerkhof,2025/2026,league,8,,cca_area_pct;danger_zone_density,,,not_attempted_no_verified_sportsapi_raw_duel_schema,static_tactical_session_absent,2026-08-22T00:00:00+00:00
1467236,Lamine Yamal,2025/2026,league,8,,aerial_duels_won;aerial_duel_attempts_raw,,verified_sportsapi_player_id;exact_tournament_id;exact_season_id;aerial_duels_won; aerial_duel_attempts;count_units,not_attempted_no_verified_sportsapi_raw_duel_schema,static_source_field_absent,2026-08-22T00:00:00+00:00
1467236,Lamine Yamal,2025/2026,europe,,ucl,aerial_duels_won;aerial_duel_attempts_raw,,verified_sportsapi_player_id;exact_tournament_id;exact_season_id;aerial_duels_won; aerial_duel_attempts;count_units,not_attempted_no_verified_sportsapi_raw_duel_schema,static_source_field_absent,2026-08-22T00:00:00+00:00
930065,Leandro Barreiro,2025/2026,league,8,,cca_area_pct;danger_zone_density,,,not_attempted_no_verified_sportsapi_raw_duel_schema,static_tactical_session_absent,2026-08-22T00:00:00+00:00
1737700,Lennart Karl,2025/2026,europe,,ucl,aerial_duels_won;fouls_won;aerial_duel_attempts_raw,,verified_sportsapi_player_id;exact_tournament_id;exact_season_id;aerial_duels_won; aerial_duel_attempts;count_units,not_attempted_no_verified_sportsapi_raw_duel_schema,static_source_field_absent,2026-08-22T00:00:00+00:00
604396,Leonardo Lopes,2025/2026,league,8,,cca_area_pct;danger_zone_density,,,not_attempted_no_verified_sportsapi_raw_duel_schema,static_tactical_session_absent,2026-08-22T00:00:00+00:00
637589,Lincoln,2025/2026,league,8,,cca_area_pct;danger_zone_density,,,not_attempted_no_verified_sportsapi_raw_duel_schema,static_tactical_session_absent,2026-08-22T00:00:00+00:00
747767,Loïs Openda,2025/2026,league,8,,cca_area_pct;danger_zone_density,,,not_attempted_no_verified_sportsapi_raw_duel_schema,static_tactical_session_absent,2026-08-22T00:00:00+00:00
1130711,Lucas Figueiredo,2025/2026,league,8,,cca_area_pct;danger_zone_density,,,not_attempted_no_verified_sportsapi_raw_duel_schema,static_tactical_session_absent,2026-08-22T00:00:00+00:00
792303,Luis Suárez,2025/2026,league,8,,cca_area_pct;danger_zone_density,,,not_attempted_no_verified_sportsapi_raw_duel_schema,static_tactical_session_absent,2026-08-22T00:00:00+00:00
1222175,Luís Esteves,2025/2026,league,8,,cca_area_pct;danger_zone_density,,,not_attempted_no_verified_sportsapi_raw_duel_schema,static_tactical_session_absent,2026-08-22T00:00:00+00:00
1342756,Luís Semedo,2025/2026,league,8,,cca_area_pct;danger_zone_density,,,not_attempted_no_verified_sportsapi_raw_duel_schema,static_tactical_session_absent,2026-08-22T00:00:00+00:00
1233935,Makan Aiko,2025/2026,league,8,,cca_area_pct;danger_zone_density,,,not_attempted_no_verified_sportsapi_raw_duel_schema,static_tactical_session_absent,2026-08-22T00:00:00+00:00
1137407,Malick Thiaw,2025/2026,league,8,,final_third_possessions_won,,,not_attempted_no_verified_sportsapi_raw_duel_schema,static_source_field_absent,2026-08-22T00:00:00+00:00
1613999,Maranhão,2025/2026,league,8,,cca_area_pct;danger_zone_density,,,not_attempted_no_verified_sportsapi_raw_duel_schema,static_tactical_session_absent,2026-08-22T00:00:00+00:00
355356,Marc-Oliver Kempf,2025/2026,league,8,,cca_area_pct;danger_zone_density,,,not_attempted_no_verified_sportsapi_raw_duel_schema,static_tactical_session_absent,2026-08-22T00:00:00+00:00
1284376,Marezi,2025/2026,league,8,,cca_area_pct;danger_zone_density,,,not_attempted_no_verified_sportsapi_raw_duel_schema,static_tactical_session_absent,2026-08-22T00:00:00+00:00
914964,Marios Vrousai,2025/2026,league,8,,cca_area_pct;danger_zone_density,,,not_attempted_no_verified_sportsapi_raw_duel_schema,static_tactical_session_absent,2026-08-22T00:00:00+00:00
950473,Mason Greenwood,2025/2026,europe,,ucl,aerial_duels_won;aerial_duel_attempts_raw,,verified_sportsapi_player_id;exact_tournament_id;exact_season_id;aerial_duels_won; aerial_duel_attempts;count_units,not_attempted_no_verified_sportsapi_raw_duel_schema,static_source_field_absent,2026-08-22T00:00:00+00:00
1527142,Mathias De Amorim,2025/2026,league,8,,cca_area_pct;danger_zone_density,,,not_attempted_no_verified_sportsapi_raw_duel_schema,static_tactical_session_absent,2026-08-22T00:00:00+00:00
1031656,Maxi Araújo,2025/2026,league,8,,cca_area_pct;danger_zone_density,,,not_attempted_no_verified_sportsapi_raw_duel_schema,static_tactical_session_absent,2026-08-22T00:00:00+00:00
437329,Mbwana Samatta,2025/2026,league,8,,cca_area_pct;danger_zone_density,,,not_attempted_no_verified_sportsapi_raw_duel_schema,static_tactical_session_absent,2026-08-22T00:00:00+00:00
936164,Michel Ndary Adopo,2025/2026,league,8,,cca_area_pct;danger_zone_density,,,not_attempted_no_verified_sportsapi_raw_duel_schema,static_tactical_session_absent,2026-08-22T00:00:00+00:00
1097466,Micky van de Ven,2025/2026,league,8,,final_third_possessions_won,,,not_attempted_no_verified_sportsapi_raw_duel_schema,static_source_field_absent,2026-08-22T00:00:00+00:00
1396372,Mika Godts,2025/2026,europe,,ucl,aerial_duels_won;aerial_duel_attempts_raw,,verified_sportsapi_player_id;exact_tournament_id;exact_season_id;aerial_duels_won; aerial_duel_attempts;count_units,not_attempted_no_verified_sportsapi_raw_duel_schema,static_source_field_absent,2026-08-22T00:00:00+00:00
1202239,Mohamed Bamba,2025/2026,league,8,,cca_area_pct;danger_zone_density,,,not_attempted_no_verified_sportsapi_raw_duel_schema,static_tactical_session_absent,2026-08-22T00:00:00+00:00
950199,Morten Hjulmand,2025/2026,league,8,,cca_area_pct;danger_zone_density,,,not_attempted_no_verified_sportsapi_raw_duel_schema,static_tactical_session_absent,2026-08-22T00:00:00+00:00
939427,Mujaid Sadick,2025/2026,league,8,,final_third_possessions_won;cca_area_pct;danger_zone_density,,,not_attempted_no_verified_sportsapi_raw_duel_schema,static_tactical_session_absent,2026-08-22T00:00:00+00:00
586719,Murilo,2025/2026,league,8,,cca_area_pct;danger_zone_density,,,not_attempted_no_verified_sportsapi_raw_duel_schema,static_tactical_session_absent,2026-08-22T00:00:00+00:00
940443,Nabili Touaizi,2025/2026,league,8,,cca_area_pct;danger_zone_density,,,not_attempted_no_verified_sportsapi_raw_duel_schema,static_tactical_session_absent,2026-08-22T00:00:00+00:00
1216798,Nathan Saliba,2025/2026,league,8,,cca_area_pct;danger_zone_density,,,not_attempted_no_verified_sportsapi_raw_duel_schema,static_tactical_session_absent,2026-08-22T00:00:00+00:00
770328,Naïs Djouahra,2025/2026,league,8,,cca_area_pct;danger_zone_density,,,not_attempted_no_verified_sportsapi_raw_duel_schema,static_tactical_session_absent,2026-08-22T00:00:00+00:00
276791,Niclas Füllkrug,2025/2026,league,8,,cca_area_pct;danger_zone_density,,,not_attempted_no_verified_sportsapi_raw_duel_schema,static_tactical_session_absent,2026-08-22T00:00:00+00:00
766611,Nikola Milenkovic,2025/2026,europe,,uel,final_third_possessions_won,,,not_attempted_no_verified_sportsapi_raw_duel_schema,static_source_field_absent,2026-08-22T00:00:00+00:00
1793475,Noah Saviolo,2025/2026,league,8,,cca_area_pct;danger_zone_density,,,not_attempted_no_verified_sportsapi_raw_duel_schema,static_tactical_session_absent,2026-08-22T00:00:00+00:00
156556,Nélson Oliveira,2025/2026,league,8,,cca_area_pct;danger_zone_density,,,not_attempted_no_verified_sportsapi_raw_duel_schema,static_tactical_session_absent,2026-08-22T00:00:00+00:00
1337911,Oscar Gloukh,2025/2026,league,8,,aerial_duels_won;aerial_duel_attempts_raw,,verified_sportsapi_player_id;exact_tournament_id;exact_season_id;aerial_duels_won; aerial_duel_attempts;count_units,not_attempted_no_verified_sportsapi_raw_duel_schema,static_source_field_absent,2026-08-22T00:00:00+00:00
1692879,Oumar Camara,2025/2026,league,8,,cca_area_pct;danger_zone_density,,,not_attempted_no_verified_sportsapi_raw_duel_schema,static_tactical_session_absent,2026-08-22T00:00:00+00:00
692984,Ousmane Dembélé,2025/2026,europe,,ucl,aerial_duels_won;aerial_duel_attempts_raw,,verified_sportsapi_player_id;exact_tournament_id;exact_season_id;aerial_duels_won; aerial_duel_attempts;count_units,not_attempted_no_verified_sportsapi_raw_duel_schema,static_source_field_absent,2026-08-22T00:00:00+00:00
1118703,Pablo Gozálbez,2025/2026,league,8,,cca_area_pct;danger_zone_density,,,not_attempted_no_verified_sportsapi_raw_duel_schema,static_tactical_session_absent,2026-08-22T00:00:00+00:00
1159237,Pau Víctor,2025/2026,league,8,,cca_area_pct;danger_zone_density,,,not_attempted_no_verified_sportsapi_raw_duel_schema,static_tactical_session_absent,2026-08-22T00:00:00+00:00
882631,Paulinho Bóia,2025/2026,league,8,,cca_area_pct;danger_zone_density,,,not_attempted_no_verified_sportsapi_raw_duel_schema,static_tactical_session_absent,2026-08-22T00:00:00+00:00
1459257,Pedro Lima,2025/2026,league,8,,cca_area_pct;danger_zone_density,,,not_attempted_no_verified_sportsapi_raw_duel_schema,static_tactical_session_absent,2026-08-22T00:00:00+00:00
1174640,Pedro Maranhão,2025/2026,league,8,,cca_area_pct;danger_zone_density,,,not_attempted_no_verified_sportsapi_raw_duel_schema,static_tactical_session_absent,2026-08-22T00:00:00+00:00
850356,Pepê,2025/2026,league,8,,cca_area_pct;danger_zone_density,,,not_attempted_no_verified_sportsapi_raw_duel_schema,static_tactical_session_absent,2026-08-22T00:00:00+00:00
875133,Pote,2025/2026,league,8,,cca_area_pct;danger_zone_density,,,not_attempted_no_verified_sportsapi_raw_duel_schema,static_tactical_session_absent,2026-08-22T00:00:00+00:00
875133,Pote,2025/2026,europe,,ucl,cca_area_pct;danger_zone_density,,,not_attempted_no_verified_sportsapi_raw_duel_schema,static_tactical_session_absent,2026-08-22T00:00:00+00:00
292313,Raul Jiménez,2025/2026,league,8,,cca_area_pct;danger_zone_density,,,not_attempted_no_verified_sportsapi_raw_duel_schema,static_tactical_session_absent,2026-08-22T00:00:00+00:00
1104053,Rayan Cherki,2025/2026,europe,,ucl,aerial_duels_won;aerial_duel_attempts_raw,,verified_sportsapi_player_id;exact_tournament_id;exact_season_id;aerial_duels_won; aerial_duel_attempts;count_units,not_attempted_no_verified_sportsapi_raw_duel_schema,static_source_field_absent,2026-08-22T00:00:00+00:00
1094778,Raúl García,2025/2026,league,8,,cca_area_pct;danger_zone_density,,,not_attempted_no_verified_sportsapi_raw_duel_schema,static_tactical_session_absent,2026-08-22T00:00:00+00:00
1342516,Rein Van Helden,2025/2026,league,8,,final_third_possessions_won;cca_area_pct;danger_zone_density,,,not_attempted_no_verified_sportsapi_raw_duel_schema,static_tactical_session_absent,2026-08-22T00:00:00+00:00
1098366,Ricard Sánchez,2025/2026,league,8,,cca_area_pct;danger_zone_density,,,not_attempted_no_verified_sportsapi_raw_duel_schema,static_tactical_session_absent,2026-08-22T00:00:00+00:00
432591,Ricardo Horta,2025/2026,league,8,,cca_area_pct;danger_zone_density,,,not_attempted_no_verified_sportsapi_raw_duel_schema,static_tactical_session_absent,2026-08-22T00:00:00+00:00
1174630,Richard Ríos,2025/2026,league,8,,cca_area_pct;danger_zone_density,,,not_attempted_no_verified_sportsapi_raw_duel_schema,static_tactical_session_absent,2026-08-22T00:00:00+00:00
1525065,Rodrigo Mora,2025/2026,league,8,,cca_area_pct;danger_zone_density,,,not_attempted_no_verified_sportsapi_raw_duel_schema,static_tactical_session_absent,2026-08-22T00:00:00+00:00
667962,Rodrigo Pinho,2025/2026,league,8,,cca_area_pct;danger_zone_density,,,not_attempted_no_verified_sportsapi_raw_duel_schema,static_tactical_session_absent,2026-08-22T00:00:00+00:00
1070776,Rodrigo Zalazar,2025/2026,league,8,,cca_area_pct;danger_zone_density,,,not_attempted_no_verified_sportsapi_raw_duel_schema,static_tactical_session_absent,2026-08-22T00:00:00+00:00
895362,Rodrygo,2025/2026,league,8,,aerial_duels_won;aerial_duel_attempts_raw,,verified_sportsapi_player_id;exact_tournament_id;exact_season_id;aerial_duels_won; aerial_duel_attempts;count_units,not_attempted_no_verified_sportsapi_raw_duel_schema,static_source_field_absent,2026-08-22T00:00:00+00:00
768266,Ross Sykes,2025/2026,league,8,,cca_area_pct;danger_zone_density,,,not_attempted_no_verified_sportsapi_raw_duel_schema,static_tactical_session_absent,2026-08-22T00:00:00+00:00
667952,Samu,2025/2026,league,8,,cca_area_pct;danger_zone_density,,,not_attempted_no_verified_sportsapi_raw_duel_schema,static_tactical_session_absent,2026-08-22T00:00:00+00:00
1414859,Samuel Aghehowa,2025/2026,league,8,,cca_area_pct;danger_zone_density,,,not_attempted_no_verified_sportsapi_raw_duel_schema,static_tactical_session_absent,2026-08-22T00:00:00+00:00
1130583,Samú,2025/2026,league,8,,cca_area_pct;danger_zone_density,,,not_attempted_no_verified_sportsapi_raw_duel_schema,static_tactical_session_absent,2026-08-22T00:00:00+00:00
477205,Sandro Lima,2025/2026,league,8,,cca_area_pct;danger_zone_density,,,not_attempted_no_verified_sportsapi_raw_duel_schema,static_tactical_session_absent,2026-08-22T00:00:00+00:00
1470001,Santi García,2025/2026,league,8,,cca_area_pct;danger_zone_density,,,not_attempted_no_verified_sportsapi_raw_duel_schema,static_tactical_session_absent,2026-08-22T00:00:00+00:00
1174337,Savinho,2025/2026,league,8,,aerial_duels_won;aerial_duel_attempts_raw,,verified_sportsapi_player_id;exact_tournament_id;exact_season_id;aerial_duels_won; aerial_duel_attempts;count_units,not_attempted_no_verified_sportsapi_raw_duel_schema,static_source_field_absent,2026-08-22T00:00:00+00:00
385437,Serge Gnabry,2025/2026,league,8,,aerial_duels_won;aerial_duel_attempts_raw,,verified_sportsapi_player_id;exact_tournament_id;exact_season_id;aerial_duels_won; aerial_duel_attempts;count_units,not_attempted_no_verified_sportsapi_raw_duel_schema,static_source_field_absent,2026-08-22T00:00:00+00:00
1355837,Serginho,2025/2026,league,8,,cca_area_pct;danger_zone_density,,,not_attempted_no_verified_sportsapi_raw_duel_schema,static_tactical_session_absent,2026-08-22T00:00:00+00:00
1441786,Sidny Lopes Cabral,2025/2026,league,8,,cca_area_pct;danger_zone_density,,,not_attempted_no_verified_sportsapi_raw_duel_schema,static_tactical_session_absent,2026-08-22T00:00:00+00:00
1178330,Simon Elisor,2025/2026,league,8,,cca_area_pct;danger_zone_density,,,not_attempted_no_verified_sportsapi_raw_duel_schema,static_tactical_session_absent,2026-08-22T00:00:00+00:00
1257305,Sorriso,2025/2026,league,8,,cca_area_pct;danger_zone_density,,,not_attempted_no_verified_sportsapi_raw_duel_schema,static_tactical_session_absent,2026-08-22T00:00:00+00:00
352968,Sébastien Haller,2025/2026,europe,,uel,final_third_possessions_won,,,not_attempted_no_verified_sportsapi_raw_duel_schema,static_source_field_absent,2026-08-22T00:00:00+00:00
816222,Tiago Esgaio,2025/2026,league,8,,cca_area_pct;danger_zone_density,,,not_attempted_no_verified_sportsapi_raw_duel_schema,static_tactical_session_absent,2026-08-22T00:00:00+00:00
1574492,Tiago Gabriel,2025/2026,league,8,,final_third_possessions_won,,,not_attempted_no_verified_sportsapi_raw_duel_schema,static_source_field_absent,2026-08-22T00:00:00+00:00
1525157,Tiago Manso,2025/2026,league,8,,cca_area_pct;danger_zone_density,,,not_attempted_no_verified_sportsapi_raw_duel_schema,static_tactical_session_absent,2026-08-22T00:00:00+00:00
212695,Tomané,2025/2026,league,8,,cca_area_pct;danger_zone_density,,,not_attempted_no_verified_sportsapi_raw_duel_schema,static_tactical_session_absent,2026-08-22T00:00:00+00:00
732282,Trincão,2025/2026,league,8,,cca_area_pct;danger_zone_density,,,not_attempted_no_verified_sportsapi_raw_duel_schema,static_tactical_session_absent,2026-08-22T00:00:00+00:00
1436270,Unai Gómez,2025/2026,league,8,,cca_area_pct;danger_zone_density,,,not_attempted_no_verified_sportsapi_raw_duel_schema,static_tactical_session_absent,2026-08-22T00:00:00+00:00
637749,Vangelis Pavlidis,2025/2026,league,8,,cca_area_pct;danger_zone_density,,,not_attempted_no_verified_sportsapi_raw_duel_schema,static_tactical_session_absent,2026-08-22T00:00:00+00:00
1436856,Victor Froholdt,2025/2026,league,8,,cca_area_pct;danger_zone_density,,,not_attempted_no_verified_sportsapi_raw_duel_schema,static_tactical_session_absent,2026-08-22T00:00:00+00:00
1044194,Vinícius,2025/2026,league,8,,cca_area_pct;danger_zone_density,,,not_attempted_no_verified_sportsapi_raw_duel_schema,static_tactical_session_absent,2026-08-22T00:00:00+00:00
846033,Vinícius Júnior,2025/2026,league,8,,aerial_duels_won;aerial_duel_attempts_raw,,verified_sportsapi_player_id;exact_tournament_id;exact_season_id;aerial_duels_won; aerial_duel_attempts;count_units,not_attempted_no_verified_sportsapi_raw_duel_schema,static_source_field_absent,2026-08-22T00:00:00+00:00
1383534,Weslley Pinto,2025/2026,league,8,,cca_area_pct;danger_zone_density,,,not_attempted_no_verified_sportsapi_raw_duel_schema,static_tactical_session_absent,2026-08-22T00:00:00+00:00
1580427,William Gomes,2025/2026,league,8,,cca_area_pct;danger_zone_density,,,not_attempted_no_verified_sportsapi_raw_duel_schema,static_tactical_session_absent,2026-08-22T00:00:00+00:00
1288907,Yacine Titraoui,2025/2026,league,8,,cca_area_pct;danger_zone_density,,,not_attempted_no_verified_sportsapi_raw_duel_schema,static_tactical_session_absent,2026-08-22T00:00:00+00:00
933639,Yanis Begraoui,2025/2026,league,8,,cca_area_pct;danger_zone_density,,,not_attempted_no_verified_sportsapi_raw_duel_schema,static_tactical_session_absent,2026-08-22T00:00:00+00:00
889535,Yann Aurel Bisseck,2025/2026,league,8,,cca_area_pct;danger_zone_density,,,not_attempted_no_verified_sportsapi_raw_duel_schema,static_tactical_session_absent,2026-08-22T00:00:00+00:00
1200657,Yerson Mosquera,2025/2026,league,8,,final_third_possessions_won,,,not_attempted_no_verified_sportsapi_raw_duel_schema,static_source_field_absent,2026-08-22T00:00:00+00:00
1437306,Yuto Tsunashima,2025/2026,league,8,,final_third_possessions_won;cca_area_pct;danger_zone_density,,,not_attempted_no_verified_sportsapi_raw_duel_schema,static_tactical_session_absent,2026-08-22T00:00:00+00:00
1287871,Zakaria El Ouahdi,2025/2026,league,8,,cca_area_pct;danger_zone_density,,,not_attempted_no_verified_sportsapi_raw_duel_schema,static_tactical_session_absent,2026-08-22T00:00:00+00:00
1256692,Zé Vítor,2025/2026,league,8,,cca_area_pct;danger_zone_density,,,not_attempted_no_verified_sportsapi_raw_duel_schema,static_tactical_session_absent,2026-08-22T00:00:00+00:00
1433034,Óscar Perea,2025/2026,league,8,,cca_area_pct;danger_zone_density,,,not_attempted_no_verified_sportsapi_raw_duel_schema,static_tactical_session_absent,2026-08-22T00:00:00+00:00
