fotmob_player_id,player_name,team_name,competition_name,season_name,reason
1120987,Abdelkahar Kadri,Kortrijk,Belgian Pro League,2021/2022,missing_heatmap_session
865019,Ablie Jallow,RFC Seraing,Belgian Pro League,2021/2022,missing_heatmap_session
725695,Aboubakary Koïta,St.Truiden,Belgian Pro League,2021/2022,missing_heatmap_session
972406,Adem Zorgane,Sporting Charleroi,Belgian Pro League,2021/2022,missing_heatmap_session
748620,Alessio Castro-Montes,Gent,Belgian Pro League,2021/2022,missing_heatmap_session
955195,Alhassan Yusuf,Royal Antwerp,Belgian Pro League,2021/2022,missing_heatmap_session
746018,Ali Gholizadeh,Sporting Charleroi,Belgian Pro League,2021/2022,missing_heatmap_session
643635,Amir Murillo,Anderlecht,Belgian Pro League,2021/2022,missing_heatmap_session
1069536,Anass Zaroury,Sporting Charleroi,Belgian Pro League,2021/2022,missing_heatmap_session
362674,Andrew Hjulsager,Gent,Belgian Pro League,2021/2022,missing_heatmap_session
945883,Antoine Bernier,RFC Seraing,Belgian Pro League,2021/2022,missing_heatmap_session
823293,Aron Dønnum,Standard Liege,Belgian Pro League,2021/2022,missing_heatmap_session
680011,Bart Nieuwkoop,Union St.Gilloise,Belgian Pro League,2021/2022,missing_heatmap_session
289248,Benito Raman,Anderlecht,Belgian Pro League,2021/2022,missing_heatmap_session
95615,Brecht Capon,Oostende,Belgian Pro League,2021/2022,missing_heatmap_session
659493,Bryan Heynen,Genk,Belgian Pro League,2021/2022,missing_heatmap_session
352898,Casper Nielsen,Union St.Gilloise,Belgian Pro League,2021/2022,missing_heatmap_session
688991,Casper de Norre,OH Leuven,Belgian Pro League,2021/2022,missing_heatmap_session
1095432,Charles De Ketelaere,Club Brugge,Belgian Pro League,2021/2022,missing_heatmap_session
67890,Christian Brüls,St.Truiden,Belgian Pro League,2021/2022,missing_heatmap_session
776940,Christian Kouamé,Anderlecht,Belgian Pro League,2021/2022,missing_heatmap_session
1080028,Daichi Hayashi,St.Truiden,Belgian Pro League,2021/2022,missing_heatmap_session
859282,Daniel Muñoz,Genk,Belgian Pro League,2021/2022,missing_heatmap_session
693675,Dante Vanzeir,Union St.Gilloise,Belgian Pro League,2021/2022,missing_heatmap_session
635789,Darko Lemajic,Gent,Belgian Pro League,2021/2022,missing_heatmap_session
875305,Denis Dragus,Standard Liege,Belgian Pro League,2021/2022,missing_heatmap_session
661519,Deniz Undav,Union St.Gilloise,Belgian Pro League,2021/2022,missing_heatmap_session
617396,Dereck Kutesa,Zulte Waregem,Belgian Pro League,2021/2022,missing_heatmap_session
318525,Dino Hotic,Cercle Brugge,Belgian Pro League,2021/2022,missing_heatmap_session
178261,Dorian Dessoleil,Sporting Charleroi,Belgian Pro League,2021/2022,missing_heatmap_session
1022702,Dylan Mbayo,Kortrijk,Belgian Pro League,2021/2022,missing_heatmap_session
1114979,Emmanuel Agbadou,Eupen,Belgian Pro League,2021/2022,missing_heatmap_session
604870,Faïz Selamani,Kortrijk,Belgian Pro League,2021/2022,sportsapi_id_unresolved
911296,Francis Amuzu,Anderlecht,Belgian Pro League,2021/2022,missing_heatmap_session
174747,Geoffry Hairemans,KV Mechelen,Belgian Pro League,2021/2022,missing_heatmap_session
1117069,Georges Mikautadze,RFC Seraing,Belgian Pro League,2021/2022,missing_heatmap_session
203666,Hans Vanaken,Club Brugge,Belgian Pro League,2021/2022,missing_heatmap_session
737974,Hugo Cuypers,KV Mechelen,Belgian Pro League,2021/2022,missing_heatmap_session
351152,Ibrahima Seck,Zulte Waregem,Belgian Pro League,2021/2022,sportsapi_id_unresolved
1173016,Isaac Nuhu,Eupen,Belgian Pro League,2021/2022,missing_heatmap_session
1015306,Ismaël Kandouss,Union St.Gilloise,Belgian Pro League,2021/2022,missing_heatmap_session
640642,Jack Hendry,Oostende,Belgian Pro League,2021/2022,missing_heatmap_session
613260,Jean-Luc Dompé,Zulte Waregem,Belgian Pro League,2021/2022,missing_heatmap_session
38782,Jelle Vossen,Zulte Waregem,Belgian Pro League,2021/2022,missing_heatmap_session
209782,Jens Cools,Eupen,Belgian Pro League,2021/2022,missing_heatmap_session
633094,Jesper Daland,Cercle Brugge,Belgian Pro League,2021/2022,missing_heatmap_session
166681,Joren Dom,Beerschot,Belgian Pro League,2021/2022,missing_heatmap_session
500932,Joris Kayembe Ditu,Sporting Charleroi,Belgian Pro League,2021/2022,sportsapi_id_unresolved
850924,Joseph Paintsil,Genk,Belgian Pro League,2021/2022,missing_heatmap_session
950830,Joshua Zirkzee,Anderlecht,Belgian Pro League,2021/2022,missing_heatmap_session
839021,João Klauss,Standard Liege,Belgian Pro League,2021/2022,missing_heatmap_session
658666,Jules van Cleemput,Sporting Charleroi,Belgian Pro League,2021/2022,missing_heatmap_session
482397,Julien De Sart,Gent,Belgian Pro League,2021/2022,missing_heatmap_session
788711,Julien Ngoy,Eupen,Belgian Pro League,2021/2022,missing_heatmap_session
604044,Junya Ito,Genk,Belgian Pro League,2021/2022,missing_heatmap_session
862608,Kaoru Mitoma,Union St.Gilloise,Belgian Pro League,2021/2022,missing_heatmap_session
528409,Kerim Mrabti,KV Mechelen,Belgian Pro League,2021/2022,missing_heatmap_session
620914,Koji Miyoshi,Royal Antwerp,Belgian Pro League,2021/2022,missing_heatmap_session
1027594,Konan N’Dri,Eupen,Belgian Pro League,2021/2022,sportsapi_id_unresolved
921921,Kristian Thorstvedt,Genk,Belgian Pro League,2021/2022,missing_heatmap_session
820477,Kévin Denkey,Cercle Brugge,Belgian Pro League,2021/2022,missing_heatmap_session
282671,Laurent Depoitre,Gent,Belgian Pro League,2021/2022,missing_heatmap_session
317544,Lawrence Shankland,Beerschot,Belgian Pro League,2021/2022,missing_heatmap_session
768459,Lazare Amani,Union St.Gilloise,Belgian Pro League,2021/2022,missing_heatmap_session
919671,Liberato Cacace,St.Truiden,Belgian Pro League,2021/2022,missing_heatmap_session
14557,Lior Refaelov,Anderlecht,Belgian Pro League,2021/2022,missing_heatmap_session
979756,Loïc Bessilé,Sporting Charleroi,Belgian Pro League,2021/2022,missing_heatmap_session
874630,Loïc Lapoussin,Union St.Gilloise,Belgian Pro League,2021/2022,missing_heatmap_session
1067741,Luca Oyen,Genk,Belgian Pro League,2021/2022,missing_heatmap_session
850925,Majeed Ashimeru,Anderlecht,Belgian Pro League,2021/2022,missing_heatmap_session
949483,Makhtar Gueye,Oostende,Belgian Pro League,2021/2022,missing_heatmap_session
536457,Manuel Benson,Royal Antwerp,Belgian Pro League,2021/2022,missing_heatmap_session
953517,Marius Mouandilmadji,RFC Seraing,Belgian Pro League,2021/2022,missing_heatmap_session
815980,Marius Noubissi,Beerschot,Belgian Pro League,2021/2022,missing_heatmap_session
677249,Marlos Moreno,Kortrijk,Belgian Pro League,2021/2022,missing_heatmap_session
620543,Maryan Shved,KV Mechelen,Belgian Pro League,2021/2022,missing_heatmap_session
497572,Mathieu Maertens,OH Leuven,Belgian Pro League,2021/2022,missing_heatmap_session
1169695,Matisse Samoise,Gent,Belgian Pro League,2021/2022,missing_heatmap_session
178283,Mats Rits,Club Brugge,Belgian Pro League,2021/2022,missing_heatmap_session
437329,Mbwana Samatta,Royal Antwerp,Belgian Pro League,2021/2022,sportsapi_id_unresolved
304860,Michael Frey,Royal Antwerp,Belgian Pro League,2021/2022,missing_heatmap_session
560772,Michael Ngadeu-Ngadjui,Gent,Belgian Pro League,2021/2022,sportsapi_id_unresolved
1173248,Michel-Ange Balikwisha,Royal Antwerp,Belgian Pro League,2021/2022,missing_heatmap_session
963983,Mike Trésor,Genk,Belgian Pro League,2021/2022,missing_heatmap_session
869780,Mory Konaté,St.Truiden,Belgian Pro League,2021/2022,missing_heatmap_session
813055,Mousa Tamari,OH Leuven,Belgian Pro League,2021/2022,missing_heatmap_session
312669,Musashi Suzuki,Beerschot,Belgian Pro League,2021/2022,missing_heatmap_session
1140919,Nick Bätzner,Oostende,Belgian Pro League,2021/2022,missing_heatmap_session
863869,Nicolas Raskin,Standard Liege,Belgian Pro League,2021/2022,missing_heatmap_session
465726,Nikola Storm,KV Mechelen,Belgian Pro League,2021/2022,missing_heatmap_session
837341,Noa Lang,Club Brugge,Belgian Pro League,2021/2022,missing_heatmap_session
470806,Núrio,Gent,Belgian Pro League,2021/2022,sportsapi_id_unresolved
969856,Olivier Deman,Cercle Brugge,Belgian Pro League,2021/2022,missing_heatmap_session
351661,Patrik Hrosovsky,Genk,Belgian Pro League,2021/2022,missing_heatmap_session
412357,Paul Onuachu,Genk,Belgian Pro League,2021/2022,missing_heatmap_session
465746,Pieter Gerkens,Royal Antwerp,Belgian Pro League,2021/2022,missing_heatmap_session
872968,Rabbi Matondo,Cercle Brugge,Belgian Pro League,2021/2022,missing_heatmap_session
41433,Radja Nainggolan,Royal Antwerp,Belgian Pro League,2021/2022,missing_heatmap_session
832400,Ramiro Vaca,Beerschot,Belgian Pro League,2021/2022,missing_heatmap_session
215170,Raphael Holzhauser,Beerschot,Belgian Pro League,2021/2022,missing_heatmap_session
215415,Rob Schoofs,KV Mechelen,Belgian Pro League,2021/2022,missing_heatmap_session
173622,Roman Bezus,Gent,Belgian Pro League,2021/2022,missing_heatmap_session
109061,Ruud Vormer,Club Brugge,Belgian Pro League,2021/2022,missing_heatmap_session
196288,Ryota Morioka,Sporting Charleroi,Belgian Pro League,2021/2022,missing_heatmap_session
354175,Sandy Walsh,KV Mechelen,Belgian Pro League,2021/2022,missing_heatmap_session
844477,Sergio Gómez,Anderlecht,Belgian Pro League,2021/2022,missing_heatmap_session
354494,Siebe Schrijvers,OH Leuven,Belgian Pro League,2021/2022,missing_heatmap_session
554930,Smail Prevljak,Eupen,Belgian Pro League,2021/2022,missing_heatmap_session
822026,Sory Kaba,OH Leuven,Belgian Pro League,2021/2022,missing_heatmap_session
295102,Stef Peeters,Eupen,Belgian Pro League,2021/2022,missing_heatmap_session
922731,Taichi Hara,St.Truiden,Belgian Pro League,2021/2022,missing_heatmap_session
562869,Tarik Tissoudali,Gent,Belgian Pro League,2021/2022,missing_heatmap_session
720733,Teddy Teuma,Union St.Gilloise,Belgian Pro League,2021/2022,missing_heatmap_session
1106599,Thibo Somers,Cercle Brugge,Belgian Pro League,2021/2022,missing_heatmap_session
607120,Thierry Ambrose,Oostende,Belgian Pro League,2021/2022,missing_heatmap_session
466132,Théo Bongonda,Genk,Belgian Pro League,2021/2022,missing_heatmap_session
207021,Trent Sainsbury,Kortrijk,Belgian Pro League,2021/2022,missing_heatmap_session
38366,Vadis Odjidja-Ofoe,Gent,Belgian Pro League,2021/2022,missing_heatmap_session
179513,Xavier Mercier,OH Leuven,Belgian Pro League,2021/2022,missing_heatmap_session
988793,Yari Verschaeren,Anderlecht,Belgian Pro League,2021/2022,missing_heatmap_session
929781,Yonas Malede,Gent,Belgian Pro League,2021/2022,sportsapi_id_unresolved
814619,Youssef Maziz,RFC Seraing,Belgian Pro League,2021/2022,missing_heatmap_session
277772,Zinho Gano,Zulte Waregem,Belgian Pro League,2021/2022,missing_heatmap_session
1093297,Álex Millán,Cercle Brugge,Belgian Pro League,2021/2022,missing_heatmap_session
294859,Alassane Pléa,Borussia Mönchengladbach,Bundesliga,2021/2022,missing_heatmap_session
461357,Alessandro Schöpf,Arminia Bielefeld,Bundesliga,2021/2022,missing_heatmap_session
459000,Alexander Hack,Mainz 05,Bundesliga,2021/2022,missing_heatmap_session
1079557,Amine Adli,Bayer Leverkusen,Bundesliga,2021/2022,missing_heatmap_session
642230,Andi Zeqiri,Augsburg,Bundesliga,2021/2022,missing_heatmap_session
243829,Andre Hahn,Augsburg,Bundesliga,2021/2022,missing_heatmap_session
230907,Andreas Voglsammer,Union Berlin,Bundesliga,2021/2022,missing_heatmap_session
173461,Andrej Kramaric,Hoffenheim,Bundesliga,2021/2022,missing_heatmap_session
388523,André Silva,RB Leipzig,Bundesliga,2021/2022,missing_heatmap_session
210420,Anthony Losilla,Bochum,Bundesliga,2021/2022,missing_heatmap_session
71605,Anthony Modeste,1. FC Köln,Bundesliga,2021/2022,missing_heatmap_session
881735,Anton Stach,Mainz 05,Bundesliga,2021/2022,missing_heatmap_session
1067754,Aster Vranckx,Wolfsburg,Bundesliga,2021/2022,missing_heatmap_session
258245,Branimir Hrgota,Greuther Fürth,Bundesliga,2021/2022,missing_heatmap_session
527103,Breel Embolo,Borussia Mönchengladbach,Bundesliga,2021/2022,missing_heatmap_session
892679,Chris Führich,VfB Stuttgart,Bundesliga,2021/2022,missing_heatmap_session
747718,Christoph Baumgartner,Hoffenheim,Bundesliga,2021/2022,missing_heatmap_session
782361,Christopher Antwi-Adjej,Bochum,Bundesliga,2021/2022,missing_heatmap_session
704523,Christopher Nkunku,RB Leipzig,Bundesliga,2021/2022,missing_heatmap_session
621515,Daichi Kamada,Eintracht Frankfurt,Bundesliga,2021/2022,missing_heatmap_session
188498,Daniel Caligiuri,Augsburg,Bundesliga,2021/2022,missing_heatmap_session
501568,Davie Selke,Hertha BSC,Bundesliga,2021/2022,missing_heatmap_session
688876,Dodi Lukébakio,Hertha BSC,Bundesliga,2021/2022,missing_heatmap_session
846005,Dominik Szoboszlai,RB Leipzig,Bundesliga,2021/2022,missing_heatmap_session
660301,Donyell Malen,Borussia Dortmund,Bundesliga,2021/2022,missing_heatmap_session
794408,Eduard Löwen,Bochum,Bundesliga,2021/2022,missing_heatmap_session
574642,Ellyes Skhiri,1. FC Köln,Bundesliga,2021/2022,missing_heatmap_session
171980,Emil Forsberg,RB Leipzig,Bundesliga,2021/2022,missing_heatmap_session
307021,Emre Can,Borussia Dortmund,Bundesliga,2021/2022,missing_heatmap_session
737066,Erling Haaland,Borussia Dortmund,Bundesliga,2021/2022,missing_heatmap_session
840241,Ermedin Demirovic,Freiburg,Bundesliga,2021/2022,missing_heatmap_session
787242,Evan N'Dicka,Eintracht Frankfurt,Bundesliga,2021/2022,missing_heatmap_session
178831,Fabian Klos,Arminia Bielefeld,Bundesliga,2021/2022,missing_heatmap_session
281012,Filip Kostic,Eintracht Frankfurt,Bundesliga,2021/2022,missing_heatmap_session
187358,Florian Kainz,1. FC Köln,Bundesliga,2021/2022,missing_heatmap_session
764507,Florian Neuhaus,Borussia Mönchengladbach,Bundesliga,2021/2022,missing_heatmap_session
276760,Florian Niederlechner,Augsburg,Bundesliga,2021/2022,missing_heatmap_session
1152455,Florian Wirtz,Bayer Leverkusen,Bundesliga,2021/2022,missing_heatmap_session
166452,Genki Haraguchi,Union Berlin,Bundesliga,2021/2022,missing_heatmap_session
956925,Georginio Rutter,Hoffenheim,Bundesliga,2021/2022,missing_heatmap_session
625091,Gerrit Holtmann,Bochum,Bundesliga,2021/2022,missing_heatmap_session
388514,Gonçalo Paciência,Eintracht Frankfurt,Bundesliga,2021/2022,missing_heatmap_session
625175,Grischa Prömel,Union Berlin,Bundesliga,2021/2022,missing_heatmap_session
171548,Håvard Nielsen,Greuther Fürth,Bundesliga,2021/2022,missing_heatmap_session
458630,Ihlas Bebou,Hoffenheim,Bundesliga,2021/2022,missing_heatmap_session
182106,Ishak Belfodil,Hertha BSC,Bundesliga,2021/2022,missing_heatmap_session
655575,Jacob Bruun Larsen,Hoffenheim,Bundesliga,2021/2022,missing_heatmap_session
523749,Jae-Sung Lee,Mainz 05,Bundesliga,2021/2022,missing_heatmap_session
1156141,Jamal Musiala,Bayern München,Bundesliga,2021/2022,missing_heatmap_session
1074968,Jamie Leweling,Greuther Fürth,Bundesliga,2021/2022,missing_heatmap_session
641597,Janni Serra,Arminia Bielefeld,Bundesliga,2021/2022,missing_heatmap_session
741397,Jens Petter Hauge,Eintracht Frankfurt,Bundesliga,2021/2022,missing_heatmap_session
406267,Jeremy Dudziak,Greuther Fürth,Bundesliga,2021/2022,missing_heatmap_session
958335,Jesper Lindstrøm,Eintracht Frankfurt,Bundesliga,2021/2022,missing_heatmap_session
331542,Jonas Hofmann,Borussia Mönchengladbach,Bundesliga,2021/2022,missing_heatmap_session
947901,Jonathan Burkardt,Mainz 05,Bundesliga,2021/2022,missing_heatmap_session
460632,Joshua Kimmich,Bayern München,Bundesliga,2021/2022,missing_heatmap_session
1070712,Josko Gvardiol,RB Leipzig,Bundesliga,2021/2022,missing_heatmap_session
1077894,Jude Bellingham,Borussia Dortmund,Bundesliga,2021/2022,missing_heatmap_session
516846,Julian Brandt,Borussia Dortmund,Bundesliga,2021/2022,missing_heatmap_session
176953,Karim Onisiwo,Mainz 05,Bundesliga,2021/2022,missing_heatmap_session
331540,Kerem Demirbay,Bayer Leverkusen,Bundesliga,2021/2022,missing_heatmap_session
614923,Kevin Behrens,Union Berlin,Bundesliga,2021/2022,missing_heatmap_session
1083796,Kevin Schade,Freiburg,Bundesliga,2021/2022,missing_heatmap_session
429265,Kingsley Coman,Bayern München,Bundesliga,2021/2022,missing_heatmap_session
526827,Konrad Laimer,RB Leipzig,Bundesliga,2021/2022,missing_heatmap_session
719219,Konstantinos Mavropanos,VfB Stuttgart,Bundesliga,2021/2022,missing_heatmap_session
94916,Lars Stindl,Borussia Mönchengladbach,Bundesliga,2021/2022,missing_heatmap_session
930065,Leandro Barreiro,Mainz 05,Bundesliga,2021/2022,missing_heatmap_session
343748,Leon Goretzka,Bayern München,Bundesliga,2021/2022,missing_heatmap_session
530859,Leroy Sané,Bayern München,Bundesliga,2021/2022,missing_heatmap_session
1155130,Luca Netz,Borussia Mönchengladbach,Bundesliga,2021/2022,missing_heatmap_session
269222,Lucas Alario,Bayer Leverkusen,Bundesliga,2021/2022,missing_heatmap_session
556524,Lucas Höler,Freiburg,Bundesliga,2021/2022,missing_heatmap_session
861197,Lukas Nmecha,Wolfsburg,Bundesliga,2021/2022,missing_heatmap_session
215151,Marcel Sabitzer,RB Leipzig,Bundesliga,2021/2022,missing_heatmap_session
129944,Marco Reus,Borussia Dortmund,Bundesliga,2021/2022,missing_heatmap_session
642418,Marco Richter,Hertha BSC,Bundesliga,2021/2022,missing_heatmap_session
443733,Marcus Ingvartsen,Union Berlin,Bundesliga,2021/2022,missing_heatmap_session
621562,Marcus Thuram,Borussia Mönchengladbach,Bundesliga,2021/2022,missing_heatmap_session
212819,Mark Uth,1. FC Köln,Bundesliga,2021/2022,missing_heatmap_session
647450,Masaya Okugawa,Arminia Bielefeld,Bundesliga,2021/2022,missing_heatmap_session
303912,Matthias Ginter,Borussia Mönchengladbach,Bundesliga,2021/2022,missing_heatmap_session
58346,Max Kruse,Union Berlin,Bundesliga,2021/2022,missing_heatmap_session
198316,Michael Gregoritsch,Augsburg,Bundesliga,2021/2022,missing_heatmap_session
660383,Milos Pantovic,Bochum,Bundesliga,2021/2022,missing_heatmap_session
923498,Moussa Diaby,Bayer Leverkusen,Bundesliga,2021/2022,missing_heatmap_session
592102,Moussa Niakhaté,Mainz 05,Bundesliga,2021/2022,missing_heatmap_session
289472,Munas Dabbur,Hoffenheim,Bundesliga,2021/2022,missing_heatmap_session
1002058,Nico Schlotterbeck,Freiburg,Bundesliga,2021/2022,missing_heatmap_session
212865,Nicolas Höfler,Freiburg,Bundesliga,2021/2022,missing_heatmap_session
359312,Niko Gießelmann,Union Berlin,Bundesliga,2021/2022,missing_heatmap_session
107920,Nils Petersen,Freiburg,Bundesliga,2021/2022,missing_heatmap_session
839204,Omar Marmoush,Wolfsburg,Bundesliga,2021/2022,missing_heatmap_session
350634,Ondrej Duda,1. FC Köln,Bundesliga,2021/2022,missing_heatmap_session
765693,Orel Mangala,VfB Stuttgart,Bundesliga,2021/2022,missing_heatmap_session
1073498,Patrick Wimmer,Arminia Bielefeld,Bundesliga,2021/2022,missing_heatmap_session
540097,Patrik Schick,Bayer Leverkusen,Bundesliga,2021/2022,missing_heatmap_session
857176,Paulinho,Bayer Leverkusen,Bundesliga,2021/2022,missing_heatmap_session
212156,Pavel Kaderábek,Hoffenheim,Bundesliga,2021/2022,missing_heatmap_session
620563,Philipp Förster,VfB Stuttgart,Bundesliga,2021/2022,missing_heatmap_session
643724,Philipp Lienhart,Freiburg,Bundesliga,2021/2022,missing_heatmap_session
533775,Rafael Borré,Eintracht Frankfurt,Bundesliga,2021/2022,missing_heatmap_session
559065,Ramy Bensebaini,Borussia Mönchengladbach,Bundesliga,2021/2022,missing_heatmap_session
352994,Raphaël Guerreiro,Borussia Dortmund,Bundesliga,2021/2022,missing_heatmap_session
575789,Reece Oxford,Augsburg,Bundesliga,2021/2022,missing_heatmap_session
411851,Robert Andrich,Bayer Leverkusen,Bundesliga,2021/2022,missing_heatmap_session
93447,Robert Lewandowski,Bayern München,Bundesliga,2021/2022,missing_heatmap_session
899291,Roberto Massimo,VfB Stuttgart,Bundesliga,2021/2022,sportsapi_id_unresolved
583601,Roland Sallai,Freiburg,Bundesliga,2021/2022,missing_heatmap_session
860752,Rubén Vargas,Augsburg,Bundesliga,2021/2022,missing_heatmap_session
738064,Salih Özcan,1. FC Köln,Bundesliga,2021/2022,missing_heatmap_session
199560,Sebastian Andersson,1. FC Köln,Bundesliga,2021/2022,sportsapi_id_unresolved
178833,Sebastian Polter,Bochum,Bundesliga,2021/2022,missing_heatmap_session
119525,Sebastian Rudy,Hoffenheim,Bundesliga,2021/2022,missing_heatmap_session
385437,Serge Gnabry,Bayern München,Bundesliga,2021/2022,missing_heatmap_session
495222,Sheraldo Becker,Union Berlin,Bundesliga,2021/2022,missing_heatmap_session
275034,Silvan Widmer,Mainz 05,Bundesliga,2021/2022,missing_heatmap_session
92666,Stevan Jovetic,Hertha BSC,Bundesliga,2021/2022,missing_heatmap_session
667790,Suat Serdar,Hertha BSC,Bundesliga,2021/2022,missing_heatmap_session
643717,Taiwo Awoniyi,Union Berlin,Bundesliga,2021/2022,missing_heatmap_session
430856,Takuma Asano,Bochum,Bundesliga,2021/2022,missing_heatmap_session
116772,Thomas Müller,Bayern München,Bundesliga,2021/2022,missing_heatmap_session
264190,Thorgan Hazard,Borussia Dortmund,Bundesliga,2021/2022,missing_heatmap_session
982158,Tuta,Eintracht Frankfurt,Bundesliga,2021/2022,missing_heatmap_session
400625,Vincenzo Grifo,Freiburg,Bundesliga,2021/2022,missing_heatmap_session
664970,Waldemar Anton,VfB Stuttgart,Bundesliga,2021/2022,missing_heatmap_session
202643,Wataru Endo,VfB Stuttgart,Bundesliga,2021/2022,missing_heatmap_session
278856,Willi Orbán,RB Leipzig,Bundesliga,2021/2022,missing_heatmap_session
949673,Woo-Yeong Jeong,Freiburg,Bundesliga,2021/2022,missing_heatmap_session
351999,Wout Weghorst,Wolfsburg,Bundesliga,2021/2022,missing_heatmap_session
450976,Yannick Gerhardt,Wolfsburg,Bundesliga,2021/2022,missing_heatmap_session
266527,Yussuf Poulsen,RB Leipzig,Bundesliga,2021/2022,missing_heatmap_session
594983,Adrián Dalmau,FC Utrecht,Eredivisie,2021/2022,missing_heatmap_session
665188,Albert Gudmundsson,AZ Alkmaar,Eredivisie,2021/2022,missing_heatmap_session
952022,Ali Akman,NEC Nijmegen,Eredivisie,2021/2022,missing_heatmap_session
466890,Alireza Jahanbakhsh,Feyenoord,Eredivisie,2021/2022,missing_heatmap_session
873270,Anastasios Douvikas,FC Utrecht,Eredivisie,2021/2022,missing_heatmap_session
1033114,Anthony Musaba,SC Heerenveen,Eredivisie,2021/2022,missing_heatmap_session
967622,Antony,Ajax,Eredivisie,2021/2022,missing_heatmap_session
614453,Bart Ramselaar,FC Utrecht,Eredivisie,2021/2022,missing_heatmap_session
37215,Bram van Polen,PEC Zwolle,Eredivisie,2021/2022,missing_heatmap_session
361322,Bruma,PSV Eindhoven,Eredivisie,2021/2022,missing_heatmap_session
147594,Bryan Linssen,Feyenoord,Eredivisie,2021/2022,missing_heatmap_session
866201,Carlos Vinícius,PSV Eindhoven,Eredivisie,2021/2022,missing_heatmap_session
749490,Ché Nunnely,Willem II,Eredivisie,2021/2022,missing_heatmap_session
806552,Cody Gakpo,PSV Eindhoven,Eredivisie,2021/2022,missing_heatmap_session
526230,Cyriel Dessers,Feyenoord,Eredivisie,2021/2022,missing_heatmap_session
994403,Cyril Ngonge,FC Groningen,Eredivisie,2021/2022,missing_heatmap_session
1183513,Daan Huisman,Vitesse,Eredivisie,2021/2022,missing_heatmap_session
1203490,Daan Rots,FC Twente,Eredivisie,2021/2022,missing_heatmap_session
914957,Daishawn Redan,PEC Zwolle,Eredivisie,2021/2022,missing_heatmap_session
813428,Dani de Wit,AZ Alkmaar,Eredivisie,2021/2022,missing_heatmap_session
298448,Davy Klaassen,Ajax,Eredivisie,2021/2022,missing_heatmap_session
904710,Delano Burgzorg,Heracles,Eredivisie,2021/2022,missing_heatmap_session
592910,Dimitrios Limnios,FC Twente,Eredivisie,2021/2022,missing_heatmap_session
637738,Dries Saddiki,Willem II,Eredivisie,2021/2022,missing_heatmap_session
94267,Dusan Tadic,Ajax,Eredivisie,2021/2022,missing_heatmap_session
783505,Edson Álvarez,Ajax,Eredivisie,2021/2022,missing_heatmap_session
983047,Elayis Tavsan,NEC Nijmegen,Eredivisie,2021/2022,missing_heatmap_session
651747,Elton Kabangu,Willem II,Eredivisie,2021/2022,missing_heatmap_session
1183148,Emanuel Emegha,Sparta Rotterdam,Eredivisie,2021/2022,missing_heatmap_session
150509,Eran Zahavi,PSV Eindhoven,Eredivisie,2021/2022,missing_heatmap_session
495970,Finn Stokkers,RKC Waalwijk,Eredivisie,2021/2022,missing_heatmap_session
380942,Gervane Kastaneer,PEC Zwolle,Eredivisie,2021/2022,missing_heatmap_session
774947,Guus Til,Feyenoord,Eredivisie,2021/2022,missing_heatmap_session
408780,Henk Veerman,SC Heerenveen,Eredivisie,2021/2022,missing_heatmap_session
632870,Håkon Evjen,AZ Alkmaar,Eredivisie,2021/2022,missing_heatmap_session
795371,Ibrahim Sangaré,PSV Eindhoven,Eredivisie,2021/2022,missing_heatmap_session
655095,Isac Lidberg,Go Ahead Eagles,Eredivisie,2021/2022,missing_heatmap_session
574789,Issa Kallon,Cambuur,Eredivisie,2021/2022,missing_heatmap_session
670030,Iñigo Córdoba,Go Ahead Eagles,Eredivisie,2021/2022,missing_heatmap_session
689680,Jens Odgaard,RKC Waalwijk,Eredivisie,2021/2022,missing_heatmap_session
188557,Jens Toornstra,Feyenoord,Eredivisie,2021/2022,missing_heatmap_session
737061,Jesper Karlsson,AZ Alkmaar,Eredivisie,2021/2022,missing_heatmap_session
792429,Joey Veerman,SC Heerenveen,Eredivisie,2021/2022,missing_heatmap_session
522947,Jonathan Okita,NEC Nijmegen,Eredivisie,2021/2022,missing_heatmap_session
692983,Jordy Bruijn,NEC Nijmegen,Eredivisie,2021/2022,missing_heatmap_session
942381,Jurriën Timber,Ajax,Eredivisie,2021/2022,missing_heatmap_session
821100,Jørgen Strand Larsen,FC Groningen,Eredivisie,2021/2022,missing_heatmap_session
813429,Kaj Sierhuis,Heracles,Eredivisie,2021/2022,missing_heatmap_session
441136,Kwasi Okyere Wriedt,Willem II,Eredivisie,2021/2022,missing_heatmap_session
196489,Lennart Thy,Sparta Rotterdam,Eredivisie,2021/2022,missing_heatmap_session
847983,Lisandro Martínez,Ajax,Eredivisie,2021/2022,missing_heatmap_session
747767,Loïs Openda,Vitesse,Eredivisie,2021/2022,missing_heatmap_session
780418,Luca de la Torre,Heracles,Eredivisie,2021/2022,missing_heatmap_session
846369,Luis Sinisterra,Feyenoord,Eredivisie,2021/2022,missing_heatmap_session
881640,Lutsharel Geertruida,Feyenoord,Eredivisie,2021/2022,missing_heatmap_session
630495,Luuk Brouwers,Go Ahead Eagles,Eredivisie,2021/2022,missing_heatmap_session
875306,Magnus Mattsson,NEC Nijmegen,Eredivisie,2021/2022,missing_heatmap_session
1016738,Manfred Ugalde,FC Twente,Eredivisie,2021/2022,missing_heatmap_session
792249,Marc Cardona,Go Ahead Eagles,Eredivisie,2021/2022,missing_heatmap_session
785411,Marcos Senesi,Feyenoord,Eredivisie,2021/2022,missing_heatmap_session
554971,Mario Engels,Sparta Rotterdam,Eredivisie,2021/2022,missing_heatmap_session
177714,Mario Götze,PSV Eindhoven,Eredivisie,2021/2022,missing_heatmap_session
279116,Mats Seuntjens,Fortuna Sittard,Eredivisie,2021/2022,missing_heatmap_session
464981,Matús Bero,Vitesse,Eredivisie,2021/2022,missing_heatmap_session
767776,Max Svensson,Willem II,Eredivisie,2021/2022,missing_heatmap_session
864893,Melle Meulensteen,RKC Waalwijk,Eredivisie,2021/2022,missing_heatmap_session
179239,Michael de Leeuw,FC Groningen,Eredivisie,2021/2022,missing_heatmap_session
662735,Michel Vlap,FC Twente,Eredivisie,2021/2022,missing_heatmap_session
110161,Michiel Kramer,RKC Waalwijk,Eredivisie,2021/2022,missing_heatmap_session
264860,Mike van der Hoorn,FC Utrecht,Eredivisie,2021/2022,missing_heatmap_session
359461,Mimoun Mahi,FC Utrecht,Eredivisie,2021/2022,missing_heatmap_session
860056,Moussa Sylla,FC Utrecht,Eredivisie,2021/2022,missing_heatmap_session
861933,Nikolai Baden,Vitesse,Eredivisie,2021/2022,heatmap_request_failed
557448,Nikolai Laursen,Heracles,Eredivisie,2021/2022,missing_heatmap_session
1084981,Noni Madueke,PSV Eindhoven,Eredivisie,2021/2022,missing_heatmap_session
775539,Noussair Mazraoui,Ajax,Eredivisie,2021/2022,missing_heatmap_session
657848,Orestis Kiomourtzoglou,Heracles,Eredivisie,2021/2022,missing_heatmap_session
935409,Orkun Kökcü,Feyenoord,Eredivisie,2021/2022,missing_heatmap_session
612061,Oussama Darfalou,Vitesse,Eredivisie,2021/2022,missing_heatmap_session
611532,Patrick Joosten,FC Groningen,Eredivisie,2021/2022,missing_heatmap_session
970563,Quinten Timber,FC Utrecht,Eredivisie,2021/2022,missing_heatmap_session
748382,Reiss Nelson,Feyenoord,Eredivisie,2021/2022,missing_heatmap_session
662363,Richard van der Venne,RKC Waalwijk,Eredivisie,2021/2022,missing_heatmap_session
116750,Ricky van Wolfswinkel,FC Twente,Eredivisie,2021/2022,missing_heatmap_session
629805,Ritsu Doan,PSV Eindhoven,Eredivisie,2021/2022,missing_heatmap_session
690207,Roberts Uldrikis,Cambuur,Eredivisie,2021/2022,missing_heatmap_session
610753,Robin Maulun,Cambuur,Eredivisie,2021/2022,missing_heatmap_session
298933,Robin Pröpper,FC Twente,Eredivisie,2021/2022,missing_heatmap_session
1069826,Romano Postema,FC Groningen,Eredivisie,2021/2022,missing_heatmap_session
956683,Ryan Gravenberch,Ajax,Eredivisie,2021/2022,missing_heatmap_session
304668,Sander van de Streek,FC Utrecht,Eredivisie,2021/2022,missing_heatmap_session
438572,Simon Gustafson,FC Utrecht,Eredivisie,2021/2022,missing_heatmap_session
488970,Sinan Bakis,Heracles,Eredivisie,2021/2022,missing_heatmap_session
857469,Slobodan Tedic,PEC Zwolle,Eredivisie,2021/2022,missing_heatmap_session
209786,Steven Berghuis,Ajax,Eredivisie,2021/2022,missing_heatmap_session
1035643,Sven Mijnans,Sparta Rotterdam,Eredivisie,2021/2022,missing_heatmap_session
352968,Sébastien Haller,Ajax,Eredivisie,2021/2022,missing_heatmap_session
920872,Thomas Buitink,Vitesse,Eredivisie,2021/2022,missing_heatmap_session
955203,Thomas van den Belt,PEC Zwolle,Eredivisie,2021/2022,missing_heatmap_session
541552,Tibor Halilovic,SC Heerenveen,Eredivisie,2021/2022,missing_heatmap_session
1282285,Tijjani Noslin,Fortuna Sittard,Eredivisie,2021/2022,missing_heatmap_session
303197,Tom Boere,Cambuur,Eredivisie,2021/2022,missing_heatmap_session
1127054,Tomás Suslov,FC Groningen,Eredivisie,2021/2022,missing_heatmap_session
865118,Tyrell Malacia,Feyenoord,Eredivisie,2021/2022,missing_heatmap_session
637749,Vangelis Pavlidis,AZ Alkmaar,Eredivisie,2021/2022,missing_heatmap_session
253120,Virgil Misidjan,FC Twente,Eredivisie,2021/2022,missing_heatmap_session
521471,Vito van Crooij,Sparta Rotterdam,Eredivisie,2021/2022,missing_heatmap_session
940453,Yorbe Vertessen,PSV Eindhoven,Eredivisie,2021/2022,missing_heatmap_session
846761,Zakaria Aboukhlal,AZ Alkmaar,Eredivisie,2021/2022,missing_heatmap_session
873559,Zian Flemming,Fortuna Sittard,Eredivisie,2021/2022,missing_heatmap_session
449241,Adnan Januzaj,Real Sociedad,LaLiga,2021/2022,missing_heatmap_session
482331,Adrián Embarba,Espanyol,LaLiga,2021/2022,missing_heatmap_session
314605,Alberto Moreno,Villarreal,LaLiga,2021/2022,missing_heatmap_session
574629,Alex Berenguer,Athletic Club,LaLiga,2021/2022,missing_heatmap_session
690107,Alexander Isak,Real Sociedad,LaLiga,2021/2022,missing_heatmap_session
440330,Alexander Sørloth,Real Sociedad,LaLiga,2021/2022,missing_heatmap_session
251269,Ante Budimir,Osasuna,LaLiga,2021/2022,missing_heatmap_session
210282,Anthony Lozano,Cadiz,LaLiga,2021/2022,sportsapi_id_unresolved
184138,Antoine Griezmann,Barcelona,LaLiga,2021/2022,missing_heatmap_session
434593,Antonio Puertas,Granada,LaLiga,2021/2022,missing_heatmap_session
704151,Arnaut Danjuma,Villarreal,LaLiga,2021/2022,missing_heatmap_session
670031,Asier Villalibre,Athletic Club,LaLiga,2021/2022,missing_heatmap_session
609505,Borja Iglesias,Real Betis,LaLiga,2021/2022,missing_heatmap_session
972120,Boulaye Dia,Villarreal,LaLiga,2021/2022,missing_heatmap_session
640122,Brais Méndez,Celta Vigo,LaLiga,2021/2022,missing_heatmap_session
637756,Carles Aleñá,Getafe,LaLiga,2021/2022,missing_heatmap_session
708890,Carlos Soler,Valencia,LaLiga,2021/2022,missing_heatmap_session
208494,Casemiro,Real Madrid,LaLiga,2021/2022,missing_heatmap_session
213704,Cristian Tello,Real Betis,LaLiga,2021/2022,missing_heatmap_session
863166,Dani Gómez,Levante,LaLiga,2021/2022,missing_heatmap_session
213516,Dani Rodríguez,Mallorca,LaLiga,2021/2022,missing_heatmap_session
198235,Darko Brasanac,Osasuna,LaLiga,2021/2022,missing_heatmap_session
37459,David Silva,Real Sociedad,LaLiga,2021/2022,missing_heatmap_session
282281,Denis Suárez,Celta Vigo,LaLiga,2021/2022,missing_heatmap_session
570434,Diego Carlos,Sevilla,LaLiga,2021/2022,missing_heatmap_session
464486,Enes Ünal,Getafe,LaLiga,2021/2022,missing_heatmap_session
592783,Enis Bardhi,Levante,LaLiga,2021/2022,missing_heatmap_session
361724,Ezequiel Ávila,Osasuna,LaLiga,2021/2022,missing_heatmap_session
1127224,Fer Niño,Mallorca,LaLiga,2021/2022,sportsapi_id_unresolved
202610,Fidel Chaves,Elche,LaLiga,2021/2022,sportsapi_id_unresolved
541588,Franco Cervi,Celta Vigo,LaLiga,2021/2022,missing_heatmap_session
638622,Frenkie de Jong,Barcelona,LaLiga,2021/2022,missing_heatmap_session
1279040,Gavi,Barcelona,LaLiga,2021/2022,missing_heatmap_session
617220,Gonzalo Melero,Levante,LaLiga,2021/2022,missing_heatmap_session
536455,Gonçalo Guedes,Valencia,LaLiga,2021/2022,missing_heatmap_session
267894,Guido Carrillo,Elche,LaLiga,2021/2022,missing_heatmap_session
929838,Hugo Duro,Getafe,LaLiga,2021/2022,missing_heatmap_session
174472,Iago Aspas,Celta Vigo,LaLiga,2021/2022,missing_heatmap_session
179772,Iker Muniain,Athletic Club,LaLiga,2021/2022,missing_heatmap_session
638010,Isi Palazón,Rayo Vallecano,LaLiga,2021/2022,missing_heatmap_session
25773,Ivan Rakitic,Sevilla,LaLiga,2021/2022,missing_heatmap_session
604105,Iñaki Williams,Athletic Club,LaLiga,2021/2022,missing_heatmap_session
282676,Iñigo Martínez,Athletic Club,LaLiga,2021/2022,missing_heatmap_session
846966,Javi Puado,Espanyol,LaLiga,2021/2022,missing_heatmap_session
794427,Joao Félix,Atletico Madrid,LaLiga,2021/2022,missing_heatmap_session
921825,Jon Moncayola,Osasuna,LaLiga,2021/2022,missing_heatmap_session
2983,Jorge Molina,Granada,LaLiga,2021/2022,missing_heatmap_session
797901,Jorge de Frutos,Levante,LaLiga,2021/2022,missing_heatmap_session
172321,Joselu,Deportivo Alaves,LaLiga,2021/2022,missing_heatmap_session
477472,José Luis Morales,Levante,LaLiga,2021/2022,missing_heatmap_session
191873,Juanmi,Real Betis,LaLiga,2021/2022,missing_heatmap_session
26166,Karim Benzema,Real Madrid,LaLiga,2021/2022,missing_heatmap_session
183353,Kike García,Osasuna,LaLiga,2021/2022,missing_heatmap_session
561164,Lucas Boyé,Elche,LaLiga,2021/2022,missing_heatmap_session
357080,Lucas Ocampos,Sevilla,LaLiga,2021/2022,missing_heatmap_session
194660,Lucas Pérez,Elche,LaLiga,2021/2022,missing_heatmap_session
359193,Lucas Vázquez,Real Madrid,LaLiga,2021/2022,missing_heatmap_session
638090,Luis Milla,Granada,LaLiga,2021/2022,missing_heatmap_session
638070,Luis Rioja,Deportivo Alaves,LaLiga,2021/2022,missing_heatmap_session
40636,Luis Suárez,Atletico Madrid,LaLiga,2021/2022,missing_heatmap_session
792303,Luis Suárez,Granada,LaLiga,2021/2022,missing_heatmap_session
31097,Luka Modric,Real Madrid,LaLiga,2021/2022,missing_heatmap_session
150201,Luuk de Jong,Barcelona,LaLiga,2021/2022,missing_heatmap_session
643668,Mamadou Loum Ndiaye,Deportivo Alaves,LaLiga,2021/2022,sportsapi_id_unresolved
268282,Manu Trigueros,Villarreal,LaLiga,2021/2022,missing_heatmap_session
498033,Marco Asensio,Real Madrid,LaLiga,2021/2022,missing_heatmap_session
821271,Marcos André,Valencia,LaLiga,2021/2022,missing_heatmap_session
671203,Mario Hermoso,Atletico Madrid,LaLiga,2021/2022,missing_heatmap_session
1031325,Martín Zubimendi,Real Sociedad,LaLiga,2021/2022,missing_heatmap_session
863098,Matheus Cunha,Atletico Madrid,LaLiga,2021/2022,missing_heatmap_session
729093,Mathías Olivera,Getafe,LaLiga,2021/2022,missing_heatmap_session
687700,Maxi Gómez,Valencia,LaLiga,2021/2022,sportsapi_id_unresolved
303824,Memphis Depay,Barcelona,LaLiga,2021/2022,missing_heatmap_session
902901,Miguel de la Fuente,Deportivo Alaves,LaLiga,2021/2022,missing_heatmap_session
574645,Mikel Merino,Real Sociedad,LaLiga,2021/2022,missing_heatmap_session
678234,Mikel Oyarzabal,Real Sociedad,LaLiga,2021/2022,missing_heatmap_session
262592,Moi Gómez,Villarreal,LaLiga,2021/2022,missing_heatmap_session
469852,Nabil Fekir,Real Betis,LaLiga,2021/2022,missing_heatmap_session
495962,Nemanja Maksimovic,Getafe,LaLiga,2021/2022,missing_heatmap_session
1202110,Nico Williams,Athletic Club,LaLiga,2021/2022,missing_heatmap_session
213486,Nolito,Celta Vigo,LaLiga,2021/2022,missing_heatmap_session
950545,Oihan Sancet,Athletic Club,LaLiga,2021/2022,missing_heatmap_session
692984,Ousmane Dembélé,Barcelona,LaLiga,2021/2022,missing_heatmap_session
45220,Papu Gómez,Sevilla,LaLiga,2021/2022,missing_heatmap_session
792645,Pau Torres,Villarreal,LaLiga,2021/2022,missing_heatmap_session
593129,Pere Milla,Elche,LaLiga,2021/2022,missing_heatmap_session
282692,Portu,Real Sociedad,LaLiga,2021/2022,missing_heatmap_session
22543,Radamel Falcao,Rayo Vallecano,LaLiga,2021/2022,missing_heatmap_session
640492,Rafa Mir,Sevilla,LaLiga,2021/2022,missing_heatmap_session
915264,Randy Nteka,Rayo Vallecano,LaLiga,2021/2022,missing_heatmap_session
33871,Raúl García,Athletic Club,LaLiga,2021/2022,missing_heatmap_session
359196,Raúl de Tomás,Espanyol,LaLiga,2021/2022,missing_heatmap_session
300623,Roberto Torres,Osasuna,LaLiga,2021/2022,missing_heatmap_session
895362,Rodrygo,Real Madrid,LaLiga,2021/2022,missing_heatmap_session
303088,Roger Martí,Levante,LaLiga,2021/2022,missing_heatmap_session
384413,Rubén Garcia,Osasuna,LaLiga,2021/2022,missing_heatmap_session
359195,Rubén Sobrino,Cadiz,LaLiga,2021/2022,missing_heatmap_session
102879,Salva Sevilla,Mallorca,LaLiga,2021/2022,missing_heatmap_session
595138,Salvi Sánchez,Cadiz,LaLiga,2021/2022,missing_heatmap_session
688300,Samuel Chukwueze,Villarreal,LaLiga,2021/2022,missing_heatmap_session
477615,Sandro Ramírez,Getafe,LaLiga,2021/2022,missing_heatmap_session
671865,Santi Comesaña,Rayo Vallecano,LaLiga,2021/2022,missing_heatmap_session
428947,Santi Mina,Celta Vigo,LaLiga,2021/2022,missing_heatmap_session
282472,Sergi Darder,Espanyol,LaLiga,2021/2022,missing_heatmap_session
638120,Sergi Guardiola,Rayo Vallecano,LaLiga,2021/2022,missing_heatmap_session
150649,Sergio Canales,Real Betis,LaLiga,2021/2022,missing_heatmap_session
848289,Takefusa Kubo,Mallorca,LaLiga,2021/2022,missing_heatmap_session
801213,Tete Morente,Elche,LaLiga,2021/2022,missing_heatmap_session
265710,Thiago Galhardo,Celta Vigo,LaLiga,2021/2022,missing_heatmap_session
468931,Thomas Lemar,Atletico Madrid,LaLiga,2021/2022,missing_heatmap_session
95078,Toni Kroos,Real Madrid,LaLiga,2021/2022,missing_heatmap_session
846033,Vinícius Júnior,Real Madrid,LaLiga,2021/2022,missing_heatmap_session
257865,William Carvalho,Real Betis,LaLiga,2021/2022,missing_heatmap_session
179083,Willian José,Real Betis,LaLiga,2021/2022,missing_heatmap_session
354467,Yannick Carrasco,Atletico Madrid,LaLiga,2021/2022,missing_heatmap_session
788555,Youssef En-Nesyri,Sevilla,LaLiga,2021/2022,missing_heatmap_session
1047676,Yéremi Pino,Villarreal,LaLiga,2021/2022,missing_heatmap_session
1042107,Álex Cantero,Levante,LaLiga,2021/2022,sportsapi_id_unresolved
213500,Álex Fernández,Cadiz,LaLiga,2021/2022,missing_heatmap_session
477588,Álex Moreno,Real Betis,LaLiga,2021/2022,missing_heatmap_session
474658,Álvaro Garcia,Rayo Vallecano,LaLiga,2021/2022,missing_heatmap_session
75310,Álvaro Negredo,Cadiz,LaLiga,2021/2022,missing_heatmap_session
432950,Ángel Correa,Atletico Madrid,LaLiga,2021/2022,missing_heatmap_session
41292,Ángel Rodriguez,Mallorca,LaLiga,2021/2022,missing_heatmap_session
844415,Éder Militao,Real Madrid,LaLiga,2021/2022,missing_heatmap_session
174850,Érik Lamela,Sevilla,LaLiga,2021/2022,missing_heatmap_session
21414,Óscar Trejo,Rayo Vallecano,LaLiga,2021/2022,missing_heatmap_session
770881,Achraf Hakimi,Paris Saint-Germain,Ligue 1,2021/2022,missing_heatmap_session
317062,Adrien Thomasson,Strasbourg,Ligue 1,2021/2022,missing_heatmap_session
562682,Alberth Elis,Bordeaux,Ligue 1,2021/2022,missing_heatmap_session
586388,Aleksandr Golovin,Monaco,Ligue 1,2021/2022,missing_heatmap_session
407765,Alexander Djiku,Strasbourg,Ligue 1,2021/2022,missing_heatmap_session
1185748,Amadou Onana,Lille,Ligue 1,2021/2022,missing_heatmap_session
844437,Amine Gouiri,Nice,Ligue 1,2021/2022,missing_heatmap_session
780815,Amine Harit,Marseille,Ligue 1,2021/2022,missing_heatmap_session
498655,Andrei Girotto,Nantes,Ligue 1,2021/2022,missing_heatmap_session
183530,Andy Delort,Montpellier,Ligue 1,2021/2022,missing_heatmap_session
611528,Angelo Fulgini,Angers,Ligue 1,2021/2022,missing_heatmap_session
277460,Arkadiusz Milik,Marseille,Ligue 1,2021/2022,missing_heatmap_session
935769,Armand Laurienté,Lorient,Ligue 1,2021/2022,missing_heatmap_session
1095445,Arnaud Kalimuendo-Muinga,Lens,Ligue 1,2021/2022,missing_heatmap_session
770340,Arnaud Nordin,Saint-Etienne,Ligue 1,2021/2022,missing_heatmap_session
914458,Aurélien Tchouaméni,Monaco,Ligue 1,2021/2022,missing_heatmap_session
696646,Axel Disasi,Monaco,Ligue 1,2021/2022,missing_heatmap_session
1073143,Azzedine Ounahi,Angers,Ligue 1,2021/2022,missing_heatmap_session
1230848,Bamba Dieng,Marseille,Ligue 1,2021/2022,missing_heatmap_session
148830,Benjamin André,Lille,Ligue 1,2021/2022,missing_heatmap_session
441871,Benjamin Bourigeaud,Rennes,Ligue 1,2021/2022,missing_heatmap_session
42211,Burak Yilmaz,Lille,Ligue 1,2021/2022,missing_heatmap_session
800624,Calvin Stengs,Nice,Ligue 1,2021/2022,missing_heatmap_session
603477,Cengiz Ünder,Marseille,Ligue 1,2021/2022,missing_heatmap_session
1250253,Dango Ouattara,Lorient,Ligue 1,2021/2022,missing_heatmap_session
240235,Danilo Pereira,Paris Saint-Germain,Ligue 1,2021/2022,missing_heatmap_session
1138769,David Da Costa,Lens,Ligue 1,2021/2022,heatmap_request_failed
664962,Denis Bouanga,Saint-Etienne,Ligue 1,2021/2022,missing_heatmap_session
25496,Dimitri Payet,Marseille,Ligue 1,2021/2022,missing_heatmap_session
1054114,El Bilal Touré,Reims,Ligue 1,2021/2022,missing_heatmap_session
196972,Elbasan Rashani,Clermont Foot,Ligue 1,2021/2022,missing_heatmap_session
1213430,Elye Wahi,Montpellier,Ligue 1,2021/2022,missing_heatmap_session
428815,Flavien Tait,Rennes,Ligue 1,2021/2022,missing_heatmap_session
319824,Florent Mollet,Montpellier,Ligue 1,2021/2022,missing_heatmap_session
612699,Florian Sotoca,Lens,Ligue 1,2021/2022,missing_heatmap_session
319305,Florian Tardieu,Troyes,Ligue 1,2021/2022,missing_heatmap_session
501543,Franck Honorat,Brest,Ligue 1,2021/2022,missing_heatmap_session
744494,Gabriel Gudmundsson,Lille,Ligue 1,2021/2022,missing_heatmap_session
163205,Gaël Kakuta,Lens,Ligue 1,2021/2022,missing_heatmap_session
492158,Gaëtan Laborde,Montpellier,Ligue 1,2021/2022,missing_heatmap_session
575225,Gelson Martins,Monaco,Ligue 1,2021/2022,missing_heatmap_session
108038,Georginio Wijnaldum,Paris Saint-Germain,Ligue 1,2021/2022,missing_heatmap_session
881153,Gerzino Nyamsi,Strasbourg,Ligue 1,2021/2022,missing_heatmap_session
990989,Giulian Biancone,Troyes,Ligue 1,2021/2022,missing_heatmap_session
580604,Gérson,Marseille,Ligue 1,2021/2022,missing_heatmap_session
601145,Habibou Mouhamadou Diallo,Strasbourg,Ligue 1,2021/2022,sportsapi_id_unresolved
776299,Houssem Aouar,Lyon,Ligue 1,2021/2022,missing_heatmap_session
1197030,Hugo Ekitiké,Reims,Ligue 1,2021/2022,missing_heatmap_session
848563,Ibrahima Niane,Metz,Ligue 1,2021/2022,missing_heatmap_session
660327,Ibrahima Sissoko,Strasbourg,Ligue 1,2021/2022,missing_heatmap_session
863708,Ignatius Ganago,Lens,Ligue 1,2021/2022,missing_heatmap_session
769931,Irvin Cardona,Brest,Ligue 1,2021/2022,missing_heatmap_session
78411,Ismaël Traoré,Angers,Ligue 1,2021/2022,missing_heatmap_session
760743,Javairô Dilrosun,Bordeaux,Ligue 1,2021/2022,missing_heatmap_session
934675,Jean Lucas,Monaco,Ligue 1,2021/2022,missing_heatmap_session
955214,Jean-Clair Todibo,Nice,Ligue 1,2021/2022,missing_heatmap_session
1011026,Jim Allevinah,Clermont Foot,Ligue 1,2021/2022,missing_heatmap_session
506887,Jodel Dossou,Clermont Foot,Ligue 1,2021/2022,missing_heatmap_session
466478,Jonathan Bamba,Lille,Ligue 1,2021/2022,missing_heatmap_session
715301,Jonathan Clauss,Lens,Ligue 1,2021/2022,missing_heatmap_session
939569,Jonathan David,Lille,Ligue 1,2021/2022,missing_heatmap_session
794253,Justin Kluivert,Nice,Ligue 1,2021/2022,missing_heatmap_session
917808,Jérémy Le Douaron,Brest,Ligue 1,2021/2022,missing_heatmap_session
289251,Kalifa Coulibaly,Nantes,Ligue 1,2021/2022,missing_heatmap_session
1130691,Kamaldeen Sulemana,Rennes,Ligue 1,2021/2022,missing_heatmap_session
426906,Karl Toko Ekambi,Lyon,Ligue 1,2021/2022,missing_heatmap_session
640742,Kasper Dolberg,Nice,Ligue 1,2021/2022,missing_heatmap_session
212893,Kevin Volland,Monaco,Ligue 1,2021/2022,missing_heatmap_session
980793,Khéphren Thuram-Ulien,Nice,Ligue 1,2021/2022,missing_heatmap_session
701154,Kylian Mbappé,Paris Saint-Germain,Ligue 1,2021/2022,missing_heatmap_session
26392,Kévin Gameiro,Strasbourg,Ligue 1,2021/2022,missing_heatmap_session
30981,Lionel Messi,Paris Saint-Germain,Ligue 1,2021/2022,missing_heatmap_session
762721,Lovro Majer,Rennes,Ligue 1,2021/2022,missing_heatmap_session
1076647,Lucas Da Cunha,Nice,Ligue 1,2021/2022,missing_heatmap_session
766435,Lucas Paquetá,Lyon,Ligue 1,2021/2022,missing_heatmap_session
471153,Ludovic Ajorque,Strasbourg,Ligue 1,2021/2022,missing_heatmap_session
693171,Ludovic Blas,Nantes,Ligue 1,2021/2022,missing_heatmap_session
46241,M'Baye Niang,Bordeaux,Ligue 1,2021/2022,missing_heatmap_session
770321,Mahdi Camara,Saint-Etienne,Ligue 1,2021/2022,missing_heatmap_session
541933,Mama Baldé,Troyes,Ligue 1,2021/2022,missing_heatmap_session
267365,Marquinhos,Paris Saint-Germain,Ligue 1,2021/2022,missing_heatmap_session
786580,Marshall Munetsi,Reims,Ligue 1,2021/2022,missing_heatmap_session
770136,Martin Terrier,Rennes,Ligue 1,2021/2022,missing_heatmap_session
725398,Mathias Pereira Lage,Angers,Ligue 1,2021/2022,missing_heatmap_session
800609,Mattéo Guendouzi,Marseille,Ligue 1,2021/2022,missing_heatmap_session
282770,Mauro Icardi,Paris Saint-Germain,Ligue 1,2021/2022,missing_heatmap_session
891373,Mohamed Bayo,Clermont Foot,Ligue 1,2021/2022,missing_heatmap_session
1180718,Mohamed-Ali Cho,Angers,Ligue 1,2021/2022,missing_heatmap_session
467486,Moses Simon,Nantes,Ligue 1,2021/2022,missing_heatmap_session
509148,Moussa Dembélé,Lyon,Ligue 1,2021/2022,missing_heatmap_session
866517,Myron Boadu,Monaco,Ligue 1,2021/2022,missing_heatmap_session
1049799,Nathanaël Mbuku,Reims,Ligue 1,2021/2022,missing_heatmap_session
617310,Nayef Aguerd,Rennes,Ligue 1,2021/2022,missing_heatmap_session
19533,Neymar,Paris Saint-Germain,Ligue 1,2021/2022,missing_heatmap_session
181197,Nicolas de Préville,Metz,Ligue 1,2021/2022,missing_heatmap_session
360166,Opa Nguette,Metz,Ligue 1,2021/2022,missing_heatmap_session
1107280,Pape Sarr,Metz,Ligue 1,2021/2022,missing_heatmap_session
690119,Pierre-Yves Hamel,Clermont Foot,Ligue 1,2021/2022,missing_heatmap_session
402419,Przemyslaw Frankowski,Lens,Ligue 1,2021/2022,missing_heatmap_session
823825,Randal Kolo Muani,Nantes,Ligue 1,2021/2022,missing_heatmap_session
348420,Renaud Ripart,Troyes,Ligue 1,2021/2022,missing_heatmap_session
904021,Romain Faivre,Brest,Ligue 1,2021/2022,missing_heatmap_session
179845,Romain Hamouma,Saint-Etienne,Ligue 1,2021/2022,missing_heatmap_session
93358,Romain Thomas,Angers,Ligue 1,2021/2022,missing_heatmap_session
865030,Rominigue Kouamé,Troyes,Ligue 1,2021/2022,missing_heatmap_session
155623,Ryad Boudebouz,Saint-Etienne,Ligue 1,2021/2022,missing_heatmap_session
780491,Rémi Oudin,Bordeaux,Ligue 1,2021/2022,missing_heatmap_session
481044,Saîf-Eddine Khaoui,Clermont Foot,Ligue 1,2021/2022,missing_heatmap_session
602211,Seko Fofana,Lens,Ligue 1,2021/2022,missing_heatmap_session
448540,Serhou Guirassy,Rennes,Ligue 1,2021/2022,missing_heatmap_session
365672,Sofiane Boufal,Angers,Ligue 1,2021/2022,missing_heatmap_session
953812,Sofiane Diop,Monaco,Ligue 1,2021/2022,missing_heatmap_session
759580,Stephy Mavididi,Montpellier,Ligue 1,2021/2022,missing_heatmap_session
478527,Steve Mounié,Brest,Ligue 1,2021/2022,missing_heatmap_session
266995,Stéphane Bahoken,Angers,Ligue 1,2021/2022,missing_heatmap_session
1177312,Sékou Mara,Bordeaux,Ligue 1,2021/2022,missing_heatmap_session
885005,Terem Moffi,Lorient,Ligue 1,2021/2022,missing_heatmap_session
41098,Thomas Mangani,Angers,Ligue 1,2021/2022,missing_heatmap_session
889536,Timothy Weah,Lille,Ligue 1,2021/2022,missing_heatmap_session
179515,Téji Savanier,Montpellier,Ligue 1,2021/2022,missing_heatmap_session
433677,Ui-Jo Hwang,Bordeaux,Ligue 1,2021/2022,missing_heatmap_session
562719,Valentin Rongier,Marseille,Ligue 1,2021/2022,missing_heatmap_session
239259,Valère Germain,Montpellier,Ligue 1,2021/2022,missing_heatmap_session
166019,Wahbi Khazri,Saint-Etienne,Ligue 1,2021/2022,missing_heatmap_session
445856,Wesley Saïd,Lens,Ligue 1,2021/2022,missing_heatmap_session
955406,William Saliba,Marseille,Ligue 1,2021/2022,missing_heatmap_session
210184,Wissam Ben Yedder,Monaco,Ligue 1,2021/2022,missing_heatmap_session
693678,Wout Faes,Reims,Ligue 1,2021/2022,missing_heatmap_session
846002,Yacine Adli,Bordeaux,Ligue 1,2021/2022,missing_heatmap_session
277341,Yoann Touzghar,Troyes,Ligue 1,2021/2022,missing_heatmap_session
46509,Ángel Di Maria,Paris Saint-Germain,Ligue 1,2021/2022,missing_heatmap_session
352887,Abdoulaye Doucouré,Everton,Premier League,2021/2022,missing_heatmap_session
519835,Adam Armstrong,Southampton,Premier League,2021/2022,missing_heatmap_session
493647,Adama Traoré,Wolverhampton Wanderers,Premier League,2021/2022,missing_heatmap_session
690516,Ademola Lookman,Leicester City,Premier League,2021/2022,missing_heatmap_session
604785,Alex Iwobi,Everton,Premier League,2021/2022,missing_heatmap_session
169193,Alexandre Lacazette,Arsenal,Premier League,2021/2022,missing_heatmap_session
831489,Alexis Mac Allister,Brighton & Hove Albion,Premier League,2021/2022,missing_heatmap_session
466482,Allan Saint-Maximin,Newcastle United,Premier League,2021/2022,missing_heatmap_session
166422,Andros Townsend,Everton,Premier League,2021/2022,missing_heatmap_session
1050166,Anthony Elanga,Manchester United,Premier League,2021/2022,missing_heatmap_session
906937,Anthony Gordon,Everton,Premier League,2021/2022,missing_heatmap_session
276738,Antonio Rüdiger,Chelsea,Premier League,2021/2022,missing_heatmap_session
1077975,Armando Broja,Southampton,Premier League,2021/2022,missing_heatmap_session
107280,Ashley Barnes,Burnley,Premier League,2021/2022,missing_heatmap_session
411617,Aymeric Laporte,Manchester City,Premier League,2021/2022,missing_heatmap_session
276121,Ben Davies,Tottenham Hotspur,Premier League,2021/2022,missing_heatmap_session
240538,Ben Mee,Burnley,Premier League,2021/2022,missing_heatmap_session
488139,Bernardo Silva,Manchester City,Premier League,2021/2022,missing_heatmap_session
422685,Bruno Fernandes,Manchester United,Premier League,2021/2022,missing_heatmap_session
923312,Bryan Mbeumo,Brentford,Premier League,2021/2022,missing_heatmap_session
961995,Bukayo Saka,Arsenal,Premier League,2021/2022,missing_heatmap_session
169719,Chris Wood,Burnley,Premier League,2021/2022,missing_heatmap_session
148315,Christian Benteke,Crystal Palace,Premier League,2021/2022,missing_heatmap_session
266520,Christian Nørgaard,Brentford,Premier League,2021/2022,missing_heatmap_session
688295,Christian Pulisic,Chelsea,Premier League,2021/2022,missing_heatmap_session
599353,Ché Adams,Southampton,Premier League,2021/2022,missing_heatmap_session
247761,Conor Coady,Wolverhampton Wanderers,Premier League,2021/2022,missing_heatmap_session
966027,Conor Gallagher,Crystal Palace,Premier League,2021/2022,missing_heatmap_session
169162,Craig Dawson,West Ham United,Premier League,2021/2022,missing_heatmap_session
30893,Cristiano Ronaldo,Manchester United,Premier League,2021/2022,missing_heatmap_session
717176,Daniel James,Manchester United,Premier League,2021/2022,missing_heatmap_session
524435,Daniel Podence,Wolverhampton Wanderers,Premier League,2021/2022,missing_heatmap_session
214426,Danny Ings,Aston Villa,Premier League,2021/2022,missing_heatmap_session
113836,Danny Welbeck,Brighton & Hove Albion,Premier League,2021/2022,missing_heatmap_session
643533,Davinson Sánchez,Tottenham Hotspur,Premier League,2021/2022,missing_heatmap_session
492586,Demarai Gray,Everton,Premier League,2021/2022,missing_heatmap_session
570461,Diogo Jota,Liverpool,Premier League,2021/2022,missing_heatmap_session
939542,Dwight McNeil,Burnley,Premier League,2021/2022,missing_heatmap_session
860920,Edward Nketiah,Arsenal,Premier League,2021/2022,missing_heatmap_session
889534,Emile Smith Rowe,Arsenal,Premier League,2021/2022,missing_heatmap_session
610184,Emiliano Buendía,Aston Villa,Premier League,2021/2022,missing_heatmap_session
769673,Emmanuel Dennis,Watford,Premier League,2021/2022,missing_heatmap_session
359188,Fabinho,Liverpool,Premier League,2021/2022,missing_heatmap_session
795179,Gabriel,Arsenal,Premier League,2021/2022,sportsapi_id_unresolved
576165,Gabriel Jesus,Manchester City,Premier League,2021/2022,missing_heatmap_session
1021586,Gabriel Martinelli,Arsenal,Premier League,2021/2022,missing_heatmap_session
202180,Grant Hanley,Norwich City,Premier League,2021/2022,missing_heatmap_session
360559,Hakim Ziyech,Chelsea,Premier League,2021/2022,missing_heatmap_session
194165,Harry Kane,Tottenham Hotspur,Premier League,2021/2022,missing_heatmap_session
760359,Harvey Barnes,Leicester City,Premier League,2021/2022,missing_heatmap_session
620026,Hee-Chan Hwang,Wolverhampton Wanderers,Premier League,2021/2022,missing_heatmap_session
212867,Heung-Min Son,Tottenham Hotspur,Premier League,2021/2022,missing_heatmap_session
178818,Ilkay Gündogan,Manchester City,Premier League,2021/2022,missing_heatmap_session
771294,Ismaïla Sarr,Watford,Premier League,2021/2022,missing_heatmap_session
408987,Ivan Toney,Brentford,Premier League,2021/2022,missing_heatmap_session
312765,Jack Grealish,Manchester City,Premier League,2021/2022,missing_heatmap_session
751649,Jack Harrison,Leeds United,Premier League,2021/2022,missing_heatmap_session
521148,Jacob Murphy,Newcastle United,Premier League,2021/2022,missing_heatmap_session
1021929,Jacob Ramsey,Aston Villa,Premier League,2021/2022,missing_heatmap_session
846381,Jadon Sancho,Manchester United,Premier League,2021/2022,missing_heatmap_session
891855,Jakub Moder,Brighton & Hove Albion,Premier League,2021/2022,missing_heatmap_session
493165,James Maddison,Leicester City,Premier League,2021/2022,missing_heatmap_session
243138,James Tarkowski,Burnley,Premier League,2021/2022,missing_heatmap_session
279490,James Ward-Prowse,Southampton,Premier League,2021/2022,missing_heatmap_session
286119,Jamie Vardy,Leicester City,Premier League,2021/2022,missing_heatmap_session
490868,Jan Bednarek,Southampton,Premier League,2021/2022,missing_heatmap_session
523825,Jarrod Bowen,West Ham United,Premier League,2021/2022,missing_heatmap_session
109491,Jay Rodriguez,Burnley,Premier League,2021/2022,missing_heatmap_session
706297,Jean-Philippe Mateta,Crystal Palace,Premier League,2021/2022,missing_heatmap_session
214570,Jeffrey Schlupp,Crystal Palace,Premier League,2021/2022,missing_heatmap_session
956161,Joe Gelhardt,Leeds United,Premier League,2021/2022,missing_heatmap_session
171698,Joel Matip,Liverpool,Premier League,2021/2022,missing_heatmap_session
535936,Joelinton,Newcastle United,Premier League,2021/2022,missing_heatmap_session
154280,Jordan Ayew,Crystal Palace,Premier League,2021/2022,missing_heatmap_session
282775,Jorginho,Chelsea,Premier League,2021/2022,missing_heatmap_session
860975,Joseph Willock,Newcastle United,Premier League,2021/2022,missing_heatmap_session
185236,Joshua King,Watford,Premier League,2021/2022,missing_heatmap_session
848011,Joshua Sargent,Norwich City,Premier League,2021/2022,sportsapi_id_unresolved
361757,João Cancelo,Manchester City,Premier League,2021/2022,missing_heatmap_session
1021382,João Pedro,Watford,Premier League,2021/2022,missing_heatmap_session
852071,Juan Hernández,Watford,Premier League,2021/2022,sportsapi_id_unresolved
72518,Juraj Kucka,Watford,Premier League,2021/2022,missing_heatmap_session
749736,Kai Havertz,Chelsea,Premier League,2021/2022,missing_heatmap_session
643709,Kelechi Iheanacho,Leicester City,Premier League,2021/2022,missing_heatmap_session
169200,Kevin De Bruyne,Manchester City,Premier League,2021/2022,missing_heatmap_session
424129,Leander Dendoncker,Wolverhampton Wanderers,Premier League,2021/2022,missing_heatmap_session
318615,Leandro Trossard,Brighton & Hove Albion,Premier League,2021/2022,missing_heatmap_session
215299,Lucas Moura,Tottenham Hotspur,Premier League,2021/2022,missing_heatmap_session
210276,Manuel Lanzini,West Ham United,Premier League,2021/2022,missing_heatmap_session
844425,Marc Guéhi,Crystal Palace,Premier League,2021/2022,missing_heatmap_session
196169,Marcos Alonso,Chelsea,Premier League,2021/2022,missing_heatmap_session
696365,Marcus Rashford,Manchester United,Premier League,2021/2022,missing_heatmap_session
534670,Martin Ødegaard,Arsenal,Premier League,2021/2022,missing_heatmap_session
750032,Mason Mount,Chelsea,Premier League,2021/2022,missing_heatmap_session
196308,Matej Vydra,Burnley,Premier League,2021/2022,missing_heatmap_session
159342,Mateusz Klich,Leeds United,Premier League,2021/2022,missing_heatmap_session
650616,Mathias Jensen,Brentford,Premier League,2021/2022,missing_heatmap_session
729731,Matty Cash,Aston Villa,Premier League,2021/2022,missing_heatmap_session
426880,Maxwel Cornet,Burnley,Premier League,2021/2022,missing_heatmap_session
158545,Michail Antonio,West Ham United,Premier League,2021/2022,missing_heatmap_session
660165,Milot Rashica,Norwich City,Premier League,2021/2022,missing_heatmap_session
261936,Mohamed Elyounoussi,Southampton,Premier League,2021/2022,missing_heatmap_session
292462,Mohamed Salah,Liverpool,Premier League,2021/2022,missing_heatmap_session
938247,Mohammed Salisu,Southampton,Premier League,2021/2022,missing_heatmap_session
94550,Moussa Sissoko,Watford,Premier League,2021/2022,missing_heatmap_session
391064,Neal Maupay,Brighton & Hove Albion,Premier League,2021/2022,missing_heatmap_session
575735,Nicolas Pépé,Arsenal,Premier League,2021/2022,missing_heatmap_session
637746,Odsonne Édouard,Crystal Palace,Premier League,2021/2022,missing_heatmap_session
540088,Ollie Watkins,Aston Villa,Premier League,2021/2022,missing_heatmap_session
683450,Pablo Fornals,West Ham United,Premier League,2021/2022,missing_heatmap_session
167008,Pascal Groß,Brighton & Hove Albion,Premier League,2021/2022,missing_heatmap_session
644459,Patson Daka,Leicester City,Premier League,2021/2022,missing_heatmap_session
248453,Paul Pogba,Manchester United,Premier League,2021/2022,missing_heatmap_session
815006,Phil Foden,Manchester City,Premier League,2021/2022,missing_heatmap_session
184536,Philippe Coutinho,Aston Villa,Premier League,2021/2022,missing_heatmap_session
174031,Pontus Jansson,Brentford,Premier League,2021/2022,missing_heatmap_session
246575,Raheem Sterling,Manchester City,Premier League,2021/2022,missing_heatmap_session
696679,Raphinha,Leeds United,Premier League,2021/2022,missing_heatmap_session
292313,Raul Jiménez,Wolverhampton Wanderers,Premier League,2021/2022,missing_heatmap_session
807729,Reece James,Chelsea,Premier League,2021/2022,missing_heatmap_session
654908,Richarlison,Everton,Premier League,2021/2022,missing_heatmap_session
278343,Riyad Mahrez,Manchester City,Premier League,2021/2022,missing_heatmap_session
242709,Roberto Firmino,Liverpool,Premier League,2021/2022,missing_heatmap_session
675088,Rodri,Manchester City,Premier League,2021/2022,missing_heatmap_session
193869,Rodrigo,Leeds United,Premier League,2021/2022,missing_heatmap_session
292678,Romain Saïss,Wolverhampton Wanderers,Premier League,2021/2022,missing_heatmap_session
181276,Romelu Lukaku,Chelsea,Premier League,2021/2022,missing_heatmap_session
230916,Ryan Fraser,Newcastle United,Premier League,2021/2022,missing_heatmap_session
614006,Rúben Dias,Manchester City,Premier League,2021/2022,missing_heatmap_session
303339,Sadio Mané,Liverpool,Premier League,2021/2022,missing_heatmap_session
491883,Saïd Benrahma,West Ham United,Premier League,2021/2022,missing_heatmap_session
673937,Sergi Canós,Brentford,Premier League,2021/2022,missing_heatmap_session
724436,Sergio Reguilón,Tottenham Hotspur,Premier League,2021/2022,missing_heatmap_session
564818,Steven Bergwijn,Tottenham Hotspur,Premier League,2021/2022,missing_heatmap_session
237563,Stuart Armstrong,Southampton,Premier League,2021/2022,missing_heatmap_session
66578,Teemu Pukki,Norwich City,Premier League,2021/2022,missing_heatmap_session
172949,Thiago Alcántara,Liverpool,Premier League,2021/2022,missing_heatmap_session
434325,Thomas Partey,Arsenal,Premier League,2021/2022,missing_heatmap_session
450980,Timo Werner,Chelsea,Premier League,2021/2022,missing_heatmap_session
524437,Tomás Soucek,West Ham United,Premier League,2021/2022,missing_heatmap_session
760712,Trent Alexander-Arnold,Liverpool,Premier League,2021/2022,missing_heatmap_session
732282,Trincão,Wolverhampton Wanderers,Premier League,2021/2022,missing_heatmap_session
643230,Tyler Roberts,Leeds United,Premier League,2021/2022,sportsapi_id_unresolved
209405,Virgil van Dijk,Liverpool,Premier League,2021/2022,missing_heatmap_session
688273,Vitaly Janelt,Brentford,Premier League,2021/2022,missing_heatmap_session
198510,Wilfried Zaha,Crystal Palace,Premier League,2021/2022,missing_heatmap_session
351999,Wout Weghorst,Burnley,Premier League,2021/2022,missing_heatmap_session
666857,Yoane Wissa,Brentford,Premier League,2021/2022,missing_heatmap_session
465960,Youri Tielemans,Leicester City,Premier League,2021/2022,missing_heatmap_session
172875,Abel Issa Camara,,Primeira Liga,2021/2022,sportsapi_id_unresolved
748380,Abel Ruiz,Braga,Primeira Liga,2021/2022,missing_heatmap_session
1083349,Afonso Sousa,,Primeira Liga,2021/2022,missing_heatmap_session
288406,Alejandro Grimaldo,Benfica,Primeira Liga,2021/2022,missing_heatmap_session
505960,Ali Alipour,Maritimo,Primeira Liga,2021/2022,missing_heatmap_session
793924,Alisson Safira,,Primeira Liga,2021/2022,missing_heatmap_session
646517,Allano,Santa Clara,Primeira Liga,2021/2022,missing_heatmap_session
919919,André,Arouca,Primeira Liga,2021/2022,heatmap_request_failed
687288,André Bukia,Arouca,Primeira Liga,2021/2022,missing_heatmap_session
929680,André Clovis,Estoril,Primeira Liga,2021/2022,missing_heatmap_session
1080684,André Franco,Estoril,Primeira Liga,2021/2022,missing_heatmap_session
605507,André Horta,Braga,Primeira Liga,2021/2022,missing_heatmap_session
896485,André Luís,Moreirense,Primeira Liga,2021/2022,missing_heatmap_session
819916,André Vidigal,Maritimo,Primeira Liga,2021/2022,missing_heatmap_session
795285,Antoine Léautey,Gil Vicente,Primeira Liga,2021/2022,missing_heatmap_session
45244,Antunes,Pacos de Ferreira,Primeira Liga,2021/2022,sportsapi_id_unresolved
242904,Arsénio,Arouca,Primeira Liga,2021/2022,sportsapi_id_unresolved
951043,Bruno Duarte,Vitoria de Guimaraes,Primeira Liga,2021/2022,missing_heatmap_session
683709,Bruno Rodrigues,Famalicao,Primeira Liga,2021/2022,missing_heatmap_session
358676,Carlinhos,Portimonense,Primeira Liga,2021/2022,missing_heatmap_session
387525,Cassiano,Vizela,Primeira Liga,2021/2022,missing_heatmap_session
267368,Cláudio Winck,Maritimo,Primeira Liga,2021/2022,missing_heatmap_session
637582,Daniel Anjos,Tondela,Primeira Liga,2021/2022,heatmap_request_failed
950561,Darwin Núñez,Benfica,Primeira Liga,2021/2022,missing_heatmap_session
453696,Denilson,Pacos de Ferreira,Primeira Liga,2021/2022,sportsapi_id_unresolved
1088118,Derik Lacerda,Moreirense,Primeira Liga,2021/2022,missing_heatmap_session
1098096,Evanilson,FC Porto,Primeira Liga,2021/2022,missing_heatmap_session
282007,Fabrício,Portimonense,Primeira Liga,2021/2022,missing_heatmap_session
671855,Fran Navarro,Gil Vicente,Primeira Liga,2021/2022,missing_heatmap_session
1185336,Francisco Conceição,FC Porto,Primeira Liga,2021/2022,missing_heatmap_session
919374,Francisco Moura,Braga,Primeira Liga,2021/2022,missing_heatmap_session
1025462,Fábio Vieira,FC Porto,Primeira Liga,2021/2022,missing_heatmap_session
773062,Gaïus Makouta,Boavista,Primeira Liga,2021/2022,missing_heatmap_session
940087,Gonçalo Ramos,Benfica,Primeira Liga,2021/2022,missing_heatmap_session
797896,Guilherme Schettine,Vizela,Primeira Liga,2021/2022,missing_heatmap_session
676447,Gustavo Sauer,Boavista,Primeira Liga,2021/2022,missing_heatmap_session
361321,Iuri Medeiros,Braga,Primeira Liga,2021/2022,missing_heatmap_session
388532,Ivo Rodrigues,Famalicao,Primeira Liga,2021/2022,missing_heatmap_session
964608,Iván Angulo,Portimonense,Primeira Liga,2021/2022,missing_heatmap_session
300916,Joao Mário,Benfica,Primeira Liga,2021/2022,missing_heatmap_session
579808,Joel Tagueu,Maritimo,Primeira Liga,2021/2022,missing_heatmap_session
793033,João Basso,Arouca,Primeira Liga,2021/2022,missing_heatmap_session
524434,João Palhinha,Sporting CP,Primeira Liga,2021/2022,missing_heatmap_session
375790,João Pedro,Tondela,Primeira Liga,2021/2022,missing_heatmap_session
848051,Juan Manuel Boselli,Tondela,Primeira Liga,2021/2022,sportsapi_id_unresolved
924315,Kanya Fujimoto,Gil Vicente,Primeira Liga,2021/2022,missing_heatmap_session
643232,Kenji Gorré,Boavista,Primeira Liga,2021/2022,missing_heatmap_session
1150871,Kiko Bondoso,Vizela,Primeira Liga,2021/2022,missing_heatmap_session
643447,Leonardo Ruiz,Estoril,Primeira Liga,2021/2022,missing_heatmap_session
637589,Lincoln,Santa Clara,Primeira Liga,2021/2022,missing_heatmap_session
955808,Loreintz Rosier,Estoril,Primeira Liga,2021/2022,missing_heatmap_session
1030128,Lucas Silva,Pacos de Ferreira,Primeira Liga,2021/2022,missing_heatmap_session
860914,Luis Díaz,FC Porto,Primeira Liga,2021/2022,missing_heatmap_session
145020,Marcos Paulo,Vizela,Primeira Liga,2021/2022,sportsapi_id_unresolved
637744,Marcus Edwards,Vitoria de Guimaraes,Primeira Liga,2021/2022,missing_heatmap_session
816256,Matheus Costa,Maritimo,Primeira Liga,2021/2022,missing_heatmap_session
955529,Matheus Nunes,Sporting CP,Primeira Liga,2021/2022,missing_heatmap_session
619506,Mehdi Taremi,FC Porto,Primeira Liga,2021/2022,missing_heatmap_session
1188608,Nuno Moreira,Vizela,Primeira Liga,2021/2022,missing_heatmap_session
554283,Nuno Santos,Sporting CP,Primeira Liga,2021/2022,sportsapi_id_unresolved
867395,Nuno Santos,Pacos de Ferreira,Primeira Liga,2021/2022,missing_heatmap_session
855623,Oday Dabbagh,Arouca,Primeira Liga,2021/2022,missing_heatmap_session
397019,Otávio,FC Porto,Primeira Liga,2021/2022,missing_heatmap_session
240054,Pablo Sarabia,Sporting CP,Primeira Liga,2021/2022,missing_heatmap_session
361377,Paulinho,Sporting CP,Primeira Liga,2021/2022,missing_heatmap_session
387439,Pedrinho,Gil Vicente,Primeira Liga,2021/2022,missing_heatmap_session
570835,Pedro Nuno,,Primeira Liga,2021/2022,missing_heatmap_session
941573,Pedro Porro,Sporting CP,Primeira Liga,2021/2022,missing_heatmap_session
850356,Pepê,FC Porto,Primeira Liga,2021/2022,missing_heatmap_session
709796,Petar Musa,Boavista,Primeira Liga,2021/2022,missing_heatmap_session
875133,Pote,Sporting CP,Primeira Liga,2021/2022,sportsapi_id_unresolved
672721,Pêpê,Famalicao,Primeira Liga,2021/2022,sportsapi_id_unresolved
477023,Rafa Silva,Benfica,Primeira Liga,2021/2022,missing_heatmap_session
641218,Rafael Barbosa,Tondela,Primeira Liga,2021/2022,missing_heatmap_session
211118,Rafael Martins,Moreirense,Primeira Liga,2021/2022,missing_heatmap_session
814869,Rafik Guitane,Maritimo,Primeira Liga,2021/2022,missing_heatmap_session
500934,Raphael Guzzo,Vizela,Primeira Liga,2021/2022,missing_heatmap_session
749737,Renat Dadashov,Tondela,Primeira Liga,2021/2022,sportsapi_id_unresolved
1195451,Ricardinho,Santa Clara,Primeira Liga,2021/2022,missing_heatmap_session
432591,Ricardo Horta,Braga,Primeira Liga,2021/2022,missing_heatmap_session
38239,Ricardo Quaresma,Vitoria de Guimaraes,Primeira Liga,2021/2022,missing_heatmap_session
1033147,Riccieli,Famalicao,Primeira Liga,2021/2022,missing_heatmap_session
554285,Rochinha,Vitoria de Guimaraes,Primeira Liga,2021/2022,missing_heatmap_session
643690,Roman Yaremchuk,Benfica,Primeira Liga,2021/2022,missing_heatmap_session
627599,Ruben Lameiras,Vitoria de Guimaraes,Primeira Liga,2021/2022,missing_heatmap_session
776568,Rui Costa,Santa Clara,Primeira Liga,2021/2022,missing_heatmap_session
214449,Salvador Agra,Tondela,Primeira Liga,2021/2022,missing_heatmap_session
667952,Samu,Vizela,Primeira Liga,2021/2022,missing_heatmap_session
1082941,Samuel Dias Lino,Gil Vicente,Primeira Liga,2021/2022,missing_heatmap_session
165526,Sebastián Coates,Sporting CP,Primeira Liga,2021/2022,missing_heatmap_session
310214,Shoya Nakajima,Portimonense,Primeira Liga,2021/2022,missing_heatmap_session
696932,Simon Banza,Famalicao,Primeira Liga,2021/2022,missing_heatmap_session
163994,Steven Vitória,Moreirense,Primeira Liga,2021/2022,missing_heatmap_session
422812,Tiago Silva,Vitoria de Guimaraes,Primeira Liga,2021/2022,missing_heatmap_session
640123,Toni Martínez,FC Porto,Primeira Liga,2021/2022,missing_heatmap_session
952234,Uilton,Pacos de Ferreira,Primeira Liga,2021/2022,heatmap_request_failed
1061249,Vitinha,FC Porto,Primeira Liga,2021/2022,missing_heatmap_session
1215057,Vítinha,Braga,Primeira Liga,2021/2022,missing_heatmap_session
792080,Walterson,Moreirense,Primeira Liga,2021/2022,sportsapi_id_unresolved
776972,Wenderson Galeno,Braga,Primeira Liga,2021/2022,missing_heatmap_session
758460,Yan,Moreirense,Primeira Liga,2021/2022,sportsapi_id_unresolved
979748,Yanis Hamache,Boavista,Primeira Liga,2021/2022,missing_heatmap_session
618933,Yusupha Njie,Boavista,Primeira Liga,2021/2022,missing_heatmap_session
1079056,Zaidu Sanusi,FC Porto,Primeira Liga,2021/2022,missing_heatmap_session
528348,Éverton,Benfica,Primeira Liga,2021/2022,missing_heatmap_session
683880,Óscar Estupiñán,Vitoria de Guimaraes,Primeira Liga,2021/2022,missing_heatmap_session
352879,Adrien Rabiot,Juventus,Serie A,2021/2022,missing_heatmap_session
449283,Alessandro Deiola,Cagliari,Serie A,2021/2022,missing_heatmap_session
921341,Alexis Saelemaekers,Milan,Serie A,2021/2022,missing_heatmap_session
50047,Alexis Sánchez,Inter,Serie A,2021/2022,missing_heatmap_session
544693,Amir Rrahmani,Napoli,Serie A,2021/2022,missing_heatmap_session
309726,Andrea Belotti,Torino,Serie A,2021/2022,missing_heatmap_session
750030,Andrea Pinamonti,Empoli,Serie A,2021/2022,missing_heatmap_session
265725,Ante Rebic,Milan,Serie A,2021/2022,missing_heatmap_session
11685,Antonio Candreva,Sampdoria,Serie A,2021/2022,missing_heatmap_session
474448,Antonio Sanabria,Torino,Serie A,2021/2022,missing_heatmap_session
451966,Antonín Barák,Hellas Verona,Serie A,2021/2022,missing_heatmap_session
1079485,Beto,Udinese,Serie A,2021/2022,missing_heatmap_session
750027,Brahim Díaz,Milan,Serie A,2021/2022,missing_heatmap_session
299799,Bryan Cristante,Roma,Serie A,2021/2022,missing_heatmap_session
424614,Caleb Ekuban,Genoa,Serie A,2021/2022,missing_heatmap_session
165823,Chris Smalling,Roma,Serie A,2021/2022,missing_heatmap_session
161660,Ciro Immobile,Lazio,Serie A,2021/2022,missing_heatmap_session
239350,Cristiano Biraghi,Fiorentina,Serie A,2021/2022,missing_heatmap_session
585237,Daniele Verde,Spezia,Serie A,2021/2022,missing_heatmap_session
130155,Danilo D'Ambrosio,Inter,Serie A,2021/2022,missing_heatmap_session
119014,Darko Lazovic,Hellas Verona,Serie A,2021/2022,missing_heatmap_session
740161,David Okereke,Venezia,Serie A,2021/2022,missing_heatmap_session
612755,Davide Calabria,Milan,Serie A,2021/2022,missing_heatmap_session
815431,Davide Frattesi,Sassuolo,Serie A,2021/2022,missing_heatmap_session
244811,Davide Zappacosta,Atalanta,Serie A,2021/2022,missing_heatmap_session
282012,Dennis Praet,Torino,Serie A,2021/2022,missing_heatmap_session
822236,Dennis Tørset Johnsen,Venezia,Serie A,2021/2022,sportsapi_id_unresolved
593118,Denzel Dumfries,Inter,Serie A,2021/2022,missing_heatmap_session
1052898,Destiny Udogie,Udinese,Serie A,2021/2022,missing_heatmap_session
340790,Domen Crnigoj,Venezia,Serie A,2021/2022,missing_heatmap_session
364520,Domenico Berardi,Sassuolo,Serie A,2021/2022,missing_heatmap_session
41882,Domenico Criscito,Genoa,Serie A,2021/2022,missing_heatmap_session
46104,Dries Mertens,Napoli,Serie A,2021/2022,missing_heatmap_session
737857,Dusan Vlahovic,Fiorentina,Serie A,2021/2022,missing_heatmap_session
116555,Duván Zapata,Atalanta,Serie A,2021/2022,missing_heatmap_session
15403,Edin Dzeko,Inter,Serie A,2021/2022,missing_heatmap_session
619513,Eldor Shomurodov,Roma,Serie A,2021/2022,missing_heatmap_session
741049,Eljif Elmas,Napoli,Serie A,2021/2022,missing_heatmap_session
526450,Emmanuel Quartsin Gyasi,Spezia,Serie A,2021/2022,sportsapi_id_unresolved
39540,Fabio Quagliarella,Sampdoria,Serie A,2021/2022,missing_heatmap_session
543306,Federico Bonazzoli,Salernitana,Serie A,2021/2022,missing_heatmap_session
438507,Federico Di Francesco,Empoli,Serie A,2021/2022,missing_heatmap_session
605224,Federico Dimarco,Inter,Serie A,2021/2022,missing_heatmap_session
230190,Felipe Anderson,Lazio,Serie A,2021/2022,missing_heatmap_session
674829,Filippo Bandinelli,Empoli,Serie A,2021/2022,missing_heatmap_session
73024,Francesco Acerbi,Lazio,Serie A,2021/2022,missing_heatmap_session
155254,Francesco Caputo,Sassuolo,Serie A,2021/2022,missing_heatmap_session
579747,Franck Kessié,Milan,Serie A,2021/2022,missing_heatmap_session
251925,Gerard Deulofeu,Udinese,Serie A,2021/2022,missing_heatmap_session
127460,Giacomo Bonaventura,Fiorentina,Serie A,2021/2022,missing_heatmap_session
951743,Giacomo Raspadori,Sassuolo,Serie A,2021/2022,missing_heatmap_session
506309,Gian Marco Ferrari,Sassuolo,Serie A,2021/2022,missing_heatmap_session
252650,Gianluca Caprari,Hellas Verona,Serie A,2021/2022,missing_heatmap_session
588687,Gianluca Mancini,Roma,Serie A,2021/2022,missing_heatmap_session
721089,Gianluca Scamacca,Sassuolo,Serie A,2021/2022,missing_heatmap_session
469615,Giovanni Simeone,Hellas Verona,Serie A,2021/2022,missing_heatmap_session
776571,Giulio Maggiore,Spezia,Serie A,2021/2022,missing_heatmap_session
857269,Gleison Bremer,Torino,Serie A,2021/2022,sportsapi_id_unresolved
265924,Grégoire Defrel,Sassuolo,Serie A,2021/2022,missing_heatmap_session
304733,Hakan Çalhanoglu,Inter,Serie A,2021/2022,missing_heatmap_session
875672,Hamed Traorè,Sassuolo,Serie A,2021/2022,heatmap_request_failed
73167,Henrikh Mkhitaryan,Roma,Serie A,2021/2022,missing_heatmap_session
521210,Hirving Lozano,Napoli,Serie A,2021/2022,missing_heatmap_session
470847,Ignacio Pussetto,Udinese,Serie A,2021/2022,missing_heatmap_session
534484,Isaac Success,Udinese,Serie A,2021/2022,missing_heatmap_session
1036182,Ivan Ilic,Hellas Verona,Serie A,2021/2022,missing_heatmap_session
163670,Ivan Perisic,Inter,Serie A,2021/2022,missing_heatmap_session
699461,Jean-Victor Makengo,Udinese,Serie A,2021/2022,missing_heatmap_session
759097,Joakim Mæhle,Atalanta,Serie A,2021/2022,missing_heatmap_session
319631,Joaquín Correa,Inter,Serie A,2021/2022,missing_heatmap_session
261313,Jordan Veretout,Roma,Serie A,2021/2022,missing_heatmap_session
688668,Josip Brekalo,Torino,Serie A,2021/2022,missing_heatmap_session
147951,Josip Ilicic,Atalanta,Serie A,2021/2022,missing_heatmap_session
185625,José Luis Palomino,Atalanta,Serie A,2021/2022,missing_heatmap_session
203739,João Pedro,Cagliari,Serie A,2021/2022,sportsapi_id_unresolved
1003368,Junior Messias,Milan,Serie A,2021/2022,missing_heatmap_session
643229,Jérémie Boga,Sassuolo,Serie A,2021/2022,missing_heatmap_session
488958,Keita Baldé,Cagliari,Serie A,2021/2022,missing_heatmap_session
683473,Kelvin Amian,Spezia,Serie A,2021/2022,missing_heatmap_session
1039220,Kevin Agudelo,Spezia,Serie A,2021/2022,missing_heatmap_session
299886,Kevin Lasagna,Hellas Verona,Serie A,2021/2022,missing_heatmap_session
690230,Lautaro Martínez,Inter,Serie A,2021/2022,missing_heatmap_session
24235,Leonardo Bonucci,Juventus,Serie A,2021/2022,missing_heatmap_session
231176,Leonardo Pavoletti,Cagliari,Serie A,2021/2022,missing_heatmap_session
469939,Liam Henderson,Empoli,Serie A,2021/2022,missing_heatmap_session
193441,Lorenzo Insigne,Napoli,Serie A,2021/2022,missing_heatmap_session
540307,Lorenzo Pellegrini,Roma,Serie A,2021/2022,missing_heatmap_session
592909,Lucas Torreira,Fiorentina,Serie A,2021/2022,missing_heatmap_session
198566,Luis Alberto,Lazio,Serie A,2021/2022,missing_heatmap_session
196484,Luis Muriel,Atalanta,Serie A,2021/2022,missing_heatmap_session
613334,M'Bala Nzola,Spezia,Serie A,2021/2022,missing_heatmap_session
1055141,Manolo Portanova,Genoa,Serie A,2021/2022,missing_heatmap_session
624166,Manuel Locatelli,Juventus,Serie A,2021/2022,missing_heatmap_session
109338,Marco Davide Faraoni,Hellas Verona,Serie A,2021/2022,sportsapi_id_unresolved
446266,Mario Pasalic,Atalanta,Serie A,2021/2022,missing_heatmap_session
110148,Marko Arnautovic,Bologna,Serie A,2021/2022,missing_heatmap_session
198559,Marten de Roon,Atalanta,Serie A,2021/2022,missing_heatmap_session
616170,Martin Erlic,Spezia,Serie A,2021/2022,missing_heatmap_session
566654,Matteo Pessina,Atalanta,Serie A,2021/2022,missing_heatmap_session
415539,Matteo Politano,Napoli,Serie A,2021/2022,missing_heatmap_session
498247,Mattia Aramu,Venezia,Serie A,2021/2022,missing_heatmap_session
154249,Mattia Destro,Genoa,Serie A,2021/2022,missing_heatmap_session
541555,Mattia Zaccagni,Hellas Verona,Serie A,2021/2022,missing_heatmap_session
647900,Mattias Svanberg,Bologna,Serie A,2021/2022,missing_heatmap_session
823078,Merih Demiral,Atalanta,Serie A,2021/2022,missing_heatmap_session
108381,Milan Djuric,Salernitana,Serie A,2021/2022,missing_heatmap_session
309328,Milan Skriniar,Inter,Serie A,2021/2022,missing_heatmap_session
747926,Moise Kean,Juventus,Serie A,2021/2022,missing_heatmap_session
439148,Morten Thorsby,Sampdoria,Serie A,2021/2022,missing_heatmap_session
910699,Musa Barrow,Bologna,Serie A,2021/2022,missing_heatmap_session
726345,Nahuel Molina,Udinese,Serie A,2021/2022,missing_heatmap_session
822794,Nedim Bajrami,Empoli,Serie A,2021/2022,missing_heatmap_session
195199,Nicola Sansone,Bologna,Serie A,2021/2022,missing_heatmap_session
841672,Nicolás González,Fiorentina,Serie A,2021/2022,missing_heatmap_session
541820,Nicolò Barella,Inter,Serie A,2021/2022,missing_heatmap_session
818893,Nicolò Zaniolo,Roma,Serie A,2021/2022,missing_heatmap_session
766611,Nikola Milenkovic,Fiorentina,Serie A,2021/2022,missing_heatmap_session
46469,Olivier Giroud,Milan,Serie A,2021/2022,missing_heatmap_session
639671,Patrick Cutrone,Empoli,Serie A,2021/2022,missing_heatmap_session
325916,Paulo Dybala,Juventus,Serie A,2021/2022,missing_heatmap_session
150250,Pedro,Lazio,Serie A,2021/2022,missing_heatmap_session
480014,Pietro Ceccaroni,Venezia,Serie A,2021/2022,missing_heatmap_session
362212,Piotr Zielinski,Napoli,Serie A,2021/2022,missing_heatmap_session
848844,Rafael Leão,Milan,Serie A,2021/2022,missing_heatmap_session
566753,Rey Manaj,Spezia,Serie A,2021/2022,missing_heatmap_session
661761,Riccardo Orsolini,Bologna,Serie A,2021/2022,missing_heatmap_session
212645,Riccardo Saponara,Fiorentina,Serie A,2021/2022,missing_heatmap_session
933817,Riccardo Sottil,Fiorentina,Serie A,2021/2022,missing_heatmap_session
210278,Roberto Pereyra,Udinese,Serie A,2021/2022,missing_heatmap_session
181995,Roberto Soriano,Bologna,Serie A,2021/2022,missing_heatmap_session
459658,Ruslan Malinovsky,Atalanta,Serie A,2021/2022,missing_heatmap_session
867414,Sandro Tonali,Milan,Serie A,2021/2022,missing_heatmap_session
556972,Sasa Lukic,Torino,Serie A,2021/2022,missing_heatmap_session
463301,Sergej Milinkovic-Savic,Lazio,Serie A,2021/2022,missing_heatmap_session
281993,Simy,Salernitana,Serie A,2021/2022,missing_heatmap_session
188555,Stefan de Vrij,Inter,Serie A,2021/2022,missing_heatmap_session
161328,Stephan El Shaarawy,Roma,Serie A,2021/2022,missing_heatmap_session
846948,Szymon Zurkowski,Empoli,Serie A,2021/2022,missing_heatmap_session
749661,Tammy Abraham,Roma,Serie A,2021/2022,missing_heatmap_session
724371,Theo Hernández,Milan,Serie A,2021/2022,missing_heatmap_session
600190,Thomas Henry,Venezia,Serie A,2021/2022,missing_heatmap_session
790732,Tommaso Pobega,Torino,Serie A,2021/2022,missing_heatmap_session
687681,Victor Osimhen,Napoli,Serie A,2021/2022,missing_heatmap_session
848266,Weston McKennie,Juventus,Serie A,2021/2022,missing_heatmap_session
1027472,Wilfried Singo,Torino,Serie A,2021/2022,missing_heatmap_session
789243,Youssef Maleh,Fiorentina,Serie A,2021/2022,missing_heatmap_session
35724,Zlatan Ibrahimovic,Milan,Serie A,2021/2022,missing_heatmap_session
213501,Álvaro Morata,Juventus,Serie A,2021/2022,missing_heatmap_session
388523,André Silva,RB Leipzig,UEFA Champions League,2021/2022,missing_heatmap_session
184138,Antoine Griezmann,Atletico Madrid,UEFA Champions League,2021/2022,missing_heatmap_session
967622,Antony,Ajax,UEFA Champions League,2021/2022,missing_heatmap_session
704151,Arnaut Danjuma,Villarreal,UEFA Champions League,2021/2022,missing_heatmap_session
40684,Artem Dzyuba,Zenit St. Petersburg,UEFA Champions League,2021/2022,missing_heatmap_session
488139,Bernardo Silva,Manchester City,UEFA Champions League,2021/2022,missing_heatmap_session
42211,Burak Yilmaz,Lille,UEFA Champions League,2021/2022,missing_heatmap_session
688295,Christian Pulisic,Chelsea,UEFA Champions League,2021/2022,missing_heatmap_session
704523,Christopher Nkunku,RB Leipzig,UEFA Champions League,2021/2022,missing_heatmap_session
30893,Cristiano Ronaldo,Manchester United,UEFA Champions League,2021/2022,missing_heatmap_session
950561,Darwin Núñez,Benfica,UEFA Champions League,2021/2022,missing_heatmap_session
570461,Diogo Jota,Liverpool,UEFA Champions League,2021/2022,missing_heatmap_session
660301,Donyell Malen,Borussia Dortmund,UEFA Champions League,2021/2022,missing_heatmap_session
94267,Dusan Tadic,Ajax,UEFA Champions League,2021/2022,missing_heatmap_session
116555,Duván Zapata,Atalanta,UEFA Champions League,2021/2022,missing_heatmap_session
15403,Edin Dzeko,Inter,UEFA Champions League,2021/2022,missing_heatmap_session
171980,Emil Forsberg,RB Leipzig,UEFA Champions League,2021/2022,missing_heatmap_session
576165,Gabriel Jesus,Manchester City,UEFA Champions League,2021/2022,missing_heatmap_session
246438,Gerard Moreno,Villarreal,UEFA Champions League,2021/2022,missing_heatmap_session
360559,Hakim Ziyech,Chelsea,UEFA Champions League,2021/2022,missing_heatmap_session
203666,Hans Vanaken,Club Brugge,UEFA Champions League,2021/2022,missing_heatmap_session
178818,Ilkay Gündogan,Manchester City,UEFA Champions League,2021/2022,missing_heatmap_session
1156141,Jamal Musiala,Bayern München,UEFA Champions League,2021/2022,missing_heatmap_session
939569,Jonathan David,Lille,UEFA Champions League,2021/2022,missing_heatmap_session
613714,Jordan Pefok,Young Boys,UEFA Champions League,2021/2022,sportsapi_id_unresolved
282775,Jorginho,Chelsea,UEFA Champions League,2021/2022,missing_heatmap_session
1077894,Jude Bellingham,Borussia Dortmund,UEFA Champions League,2021/2022,missing_heatmap_session
749736,Kai Havertz,Chelsea,UEFA Champions League,2021/2022,missing_heatmap_session
959594,Karim Adeyemi,Salzburg,UEFA Champions League,2021/2022,missing_heatmap_session
26166,Karim Benzema,Real Madrid,UEFA Champions League,2021/2022,missing_heatmap_session
169200,Kevin De Bruyne,Manchester City,UEFA Champions League,2021/2022,missing_heatmap_session
429265,Kingsley Coman,Bayern München,UEFA Champions League,2021/2022,missing_heatmap_session
701154,Kylian Mbappé,Paris Saint-Germain,UEFA Champions League,2021/2022,missing_heatmap_session
690230,Lautaro Martínez,Inter,UEFA Champions League,2021/2022,missing_heatmap_session
530859,Leroy Sané,Bayern München,UEFA Champions League,2021/2022,missing_heatmap_session
30981,Lionel Messi,Paris Saint-Germain,UEFA Champions League,2021/2022,missing_heatmap_session
357080,Lucas Ocampos,Sevilla,UEFA Champions League,2021/2022,missing_heatmap_session
860914,Luis Díaz,FC Porto,UEFA Champions League,2021/2022,missing_heatmap_session
40636,Luis Suárez,Atletico Madrid,UEFA Champions League,2021/2022,missing_heatmap_session
31097,Luka Modric,Real Madrid,UEFA Champions League,2021/2022,missing_heatmap_session
959597,Luka Sucic,Salzburg,UEFA Champions League,2021/2022,missing_heatmap_session
129944,Marco Reus,Borussia Dortmund,UEFA Champions League,2021/2022,missing_heatmap_session
196169,Marcos Alonso,Chelsea,UEFA Champions League,2021/2022,missing_heatmap_session
619506,Mehdi Taremi,FC Porto,UEFA Champions League,2021/2022,missing_heatmap_session
694060,Meschack Elia,Young Boys,UEFA Champions League,2021/2022,sportsapi_id_unresolved
309328,Milan Skriniar,Inter,UEFA Champions League,2021/2022,missing_heatmap_session
292462,Mohamed Salah,Liverpool,UEFA Champions League,2021/2022,missing_heatmap_session
915797,Noah Okafor,Salzburg,UEFA Champions League,2021/2022,missing_heatmap_session
397019,Otávio,FC Porto,UEFA Champions League,2021/2022,missing_heatmap_session
240054,Pablo Sarabia,Sporting CP,UEFA Champions League,2021/2022,missing_heatmap_session
361377,Paulinho,Sporting CP,UEFA Champions League,2021/2022,missing_heatmap_session
815006,Phil Foden,Manchester City,UEFA Champions League,2021/2022,missing_heatmap_session
640492,Rafa Mir,Sevilla,UEFA Champions League,2021/2022,missing_heatmap_session
246575,Raheem Sterling,Manchester City,UEFA Champions League,2021/2022,missing_heatmap_session
278343,Riyad Mahrez,Manchester City,UEFA Champions League,2021/2022,missing_heatmap_session
93447,Robert Lewandowski,Bayern München,UEFA Champions League,2021/2022,missing_heatmap_session
242709,Roberto Firmino,Liverpool,UEFA Champions League,2021/2022,missing_heatmap_session
324578,Rodrigo De Paul,Atletico Madrid,UEFA Champions League,2021/2022,missing_heatmap_session
895362,Rodrygo,Real Madrid,UEFA Champions League,2021/2022,missing_heatmap_session
643690,Roman Yaremchuk,Benfica,UEFA Champions League,2021/2022,missing_heatmap_session
181276,Romelu Lukaku,Chelsea,UEFA Champions League,2021/2022,missing_heatmap_session
303339,Sadio Mané,Liverpool,UEFA Champions League,2021/2022,missing_heatmap_session
688300,Samuel Chukwueze,Villarreal,UEFA Champions League,2021/2022,missing_heatmap_session
385437,Serge Gnabry,Bayern München,UEFA Champions League,2021/2022,missing_heatmap_session
352968,Sébastien Haller,Ajax,UEFA Champions League,2021/2022,missing_heatmap_session
116772,Thomas Müller,Bayern München,UEFA Champions League,2021/2022,missing_heatmap_session
564847,Viktor Tsigankov,Dynamo Kyiv,UEFA Champions League,2021/2022,missing_heatmap_session
846033,Vinícius Júnior,Real Madrid,UEFA Champions League,2021/2022,missing_heatmap_session
176989,Yaroslav Rakitskiy,Zenit St. Petersburg,UEFA Champions League,2021/2022,sportsapi_id_unresolved
213501,Álvaro Morata,Juventus,UEFA Champions League,2021/2022,missing_heatmap_session
41365,Étienne Capoue,Villarreal,UEFA Champions League,2021/2022,missing_heatmap_session
449241,Adnan Januzaj,Real Sociedad,UEFA Europa League,2021/2022,missing_heatmap_session
676533,Aitor Ruibal,Real Betis,UEFA Europa League,2021/2022,missing_heatmap_session
440330,Alexander Sørloth,Real Sociedad,UEFA Europa League,2021/2022,missing_heatmap_session
579660,Alfredo Morelos,Rangers,UEFA Europa League,2021/2022,missing_heatmap_session
563216,Almamy Touré,Eintracht Frankfurt,UEFA Europa League,2021/2022,missing_heatmap_session
1079557,Amine Adli,Bayer Leverkusen,UEFA Europa League,2021/2022,missing_heatmap_session
132035,Andriy Yarmolenko,West Ham United,UEFA Europa League,2021/2022,missing_heatmap_session
1175708,Ansgar Knauff,Eintracht Frankfurt,UEFA Europa League,2021/2022,missing_heatmap_session
609505,Borja Iglesias,Real Betis,UEFA Europa League,2021/2022,missing_heatmap_session
424875,Bruno Petkovic,Dinamo Zagreb,UEFA Europa League,2021/2022,missing_heatmap_session
161660,Ciro Immobile,Lazio,UEFA Europa League,2021/2022,missing_heatmap_session
621515,Daichi Kamada,Eintracht Frankfurt,UEFA Europa League,2021/2022,missing_heatmap_session
654096,Declan Rice,West Ham United,UEFA Europa League,2021/2022,missing_heatmap_session
707970,Djibril Sow,Eintracht Frankfurt,UEFA Europa League,2021/2022,missing_heatmap_session
116011,El Fardou Ben Nabouhane,FK Crvena Zvezda,UEFA Europa League,2021/2022,missing_heatmap_session
741049,Eljif Elmas,Napoli,UEFA Europa League,2021/2022,missing_heatmap_session
825765,Fashion Sakala,Rangers,UEFA Europa League,2021/2022,missing_heatmap_session
230190,Felipe Anderson,Lazio,UEFA Europa League,2021/2022,missing_heatmap_session
281012,Filip Kostic,Eintracht Frankfurt,UEFA Europa League,2021/2022,missing_heatmap_session
575227,Giorgos Masouras,Olympiacos,UEFA Europa League,2021/2022,missing_heatmap_session
776299,Houssem Aouar,Lyon,UEFA Europa League,2021/2022,missing_heatmap_session
361321,Iuri Medeiros,Braga,UEFA Europa League,2021/2022,missing_heatmap_session
212689,James Tavernier,Rangers,UEFA Europa League,2021/2022,missing_heatmap_session
523825,Jarrod Bowen,West Ham United,UEFA Europa League,2021/2022,missing_heatmap_session
958335,Jesper Lindstrøm,Eintracht Frankfurt,UEFA Europa League,2021/2022,missing_heatmap_session
798659,Joe Aribo,Rangers,UEFA Europa League,2021/2022,missing_heatmap_session
191873,Juanmi,Real Betis,UEFA Europa League,2021/2022,missing_heatmap_session
426906,Karl Toko Ekambi,Lyon,UEFA Europa League,2021/2022,missing_heatmap_session
265036,Kemar Roofe,Rangers,UEFA Europa League,2021/2022,missing_heatmap_session
1117570,Kerem Aktürkoglu,Galatasaray,UEFA Europa League,2021/2022,missing_heatmap_session
212893,Kevin Volland,Monaco,UEFA Europa League,2021/2022,missing_heatmap_session
766435,Lucas Paquetá,Lyon,UEFA Europa League,2021/2022,missing_heatmap_session
464251,Mahir Emreli,Legia Warszawa,UEFA Europa League,2021/2022,missing_heatmap_session
158545,Michail Antonio,West Ham United,UEFA Europa League,2021/2022,missing_heatmap_session
425990,Mirko Ivanic,FK Crvena Zvezda,UEFA Europa League,2021/2022,missing_heatmap_session
184595,Mislav Orsic,Dinamo Zagreb,UEFA Europa League,2021/2022,missing_heatmap_session
923498,Moussa Diaby,Bayer Leverkusen,UEFA Europa League,2021/2022,missing_heatmap_session
469852,Nabil Fekir,Real Betis,UEFA Europa League,2021/2022,missing_heatmap_session
683450,Pablo Fornals,West Ham United,UEFA Europa League,2021/2022,missing_heatmap_session
362212,Piotr Zielinski,Napoli,UEFA Europa League,2021/2022,missing_heatmap_session
282692,Portu,Real Sociedad,UEFA Europa League,2021/2022,missing_heatmap_session
533775,Rafael Borré,Eintracht Frankfurt,UEFA Europa League,2021/2022,missing_heatmap_session
432591,Ricardo Horta,Braga,UEFA Europa League,2021/2022,missing_heatmap_session
677991,Ryan Kent,Rangers,UEFA Europa League,2021/2022,missing_heatmap_session
491883,Saïd Benrahma,West Ham United,UEFA Europa League,2021/2022,missing_heatmap_session
37240,Scott Arfield,Rangers,UEFA Europa League,2021/2022,missing_heatmap_session
463301,Sergej Milinkovic-Savic,Lazio,UEFA Europa League,2021/2022,missing_heatmap_session
150649,Sergio Canales,Real Betis,UEFA Europa League,2021/2022,missing_heatmap_session
524437,Tomás Soucek,West Ham United,UEFA Europa League,2021/2022,missing_heatmap_session
1215057,Vítinha,Braga,UEFA Europa League,2021/2022,missing_heatmap_session
776972,Wenderson Galeno,Braga,UEFA Europa League,2021/2022,missing_heatmap_session
210184,Wissam Ben Yedder,Monaco,UEFA Europa League,2021/2022,missing_heatmap_session
161291,Youssef El Arabi,Olympiacos,UEFA Europa League,2021/2022,missing_heatmap_session
972406,Adem Zorgane,Sporting Charleroi,Belgian Pro League,2022/2023,missing_heatmap_session
748620,Alessio Castro-Montes,Gent,Belgian Pro League,2022/2023,missing_heatmap_session
602306,Alessio Da Cruz,KV Mechelen,Belgian Pro League,2022/2023,missing_heatmap_session
1159233,Alieu Fadera,Zulte Waregem,Belgian Pro League,2022/2023,missing_heatmap_session
854130,Alioune Ndour,Zulte Waregem,Belgian Pro League,2022/2023,missing_heatmap_session
643635,Amir Murillo,Anderlecht,Belgian Pro League,2022/2023,missing_heatmap_session
1031319,Amirhossein Hosseinzadeh,Sporting Charleroi,Belgian Pro League,2022/2023,missing_heatmap_session
861932,Andreas Skov Olsen,Club Brugge,Belgian Pro League,2022/2023,missing_heatmap_session
362674,Andrew Hjulsager,Gent,Belgian Pro League,2022/2023,missing_heatmap_session
945883,Antoine Bernier,RFC Seraing,Belgian Pro League,2022/2023,missing_heatmap_session
857141,Arbnor Muja,Royal Antwerp,Belgian Pro League,2022/2023,missing_heatmap_session
823293,Aron Dønnum,Standard Liege,Belgian Pro League,2022/2023,missing_heatmap_session
942393,Ayase Ueda,Cercle Brugge,Belgian Pro League,2022/2023,missing_heatmap_session
680011,Bart Nieuwkoop,Union St.Gilloise,Belgian Pro League,2022/2023,missing_heatmap_session
289248,Benito Raman,Anderlecht,Belgian Pro League,2022/2023,missing_heatmap_session
1340895,Bilal El Khannouss,Genk,Belgian Pro League,2022/2023,missing_heatmap_session
1100315,Billel Messaoudi,Kortrijk,Belgian Pro League,2022/2023,missing_heatmap_session
1256178,Bjorn Meijer,Club Brugge,Belgian Pro League,2022/2023,missing_heatmap_session
940654,Boris Lambert,Eupen,Belgian Pro League,2022/2023,missing_heatmap_session
1280127,Boris Popovic,Cercle Brugge,Belgian Pro League,2022/2023,missing_heatmap_session
659493,Bryan Heynen,Genk,Belgian Pro League,2022/2023,missing_heatmap_session
800624,Calvin Stengs,Royal Antwerp,Belgian Pro League,2022/2023,missing_heatmap_session
519444,Cameron McGeehan,Oostende,Belgian Pro League,2022/2023,missing_heatmap_session
909907,Cameron Puertas,Union St.Gilloise,Belgian Pro League,2022/2023,missing_heatmap_session
352898,Casper Nielsen,Club Brugge,Belgian Pro League,2022/2023,missing_heatmap_session
688991,Casper de Norre,OH Leuven,Belgian Pro League,2022/2023,missing_heatmap_session
67890,Christian Brüls,St.Truiden,Belgian Pro League,2022/2023,missing_heatmap_session
332300,Christian Burgess,Union St.Gilloise,Belgian Pro League,2022/2023,missing_heatmap_session
768505,Daan Heymans,Sporting Charleroi,Belgian Pro League,2022/2023,missing_heatmap_session
1080028,Daichi Hayashi,St.Truiden,Belgian Pro League,2022/2023,missing_heatmap_session
859282,Daniel Muñoz,Genk,Belgian Pro League,2022/2023,missing_heatmap_session
693675,Dante Vanzeir,Union St.Gilloise,Belgian Pro League,2022/2023,missing_heatmap_session
610346,David Atanga,Oostende,Belgian Pro League,2022/2023,missing_heatmap_session
318525,Dino Hotic,Cercle Brugge,Belgian Pro League,2022/2023,missing_heatmap_session
1230287,Dorgeles Nene,Westerlo,Belgian Pro League,2022/2023,missing_heatmap_session
604870,Faïz Selamani,Kortrijk,Belgian Pro League,2022/2023,missing_heatmap_session
321426,Felipe Avenatti,Kortrijk,Belgian Pro League,2022/2023,missing_heatmap_session
1102732,Ferrán Jutglà,Club Brugge,Belgian Pro League,2022/2023,missing_heatmap_session
911296,Francis Amuzu,Anderlecht,Belgian Pro League,2022/2023,missing_heatmap_session
791820,Frank Boya,St.Truiden,Belgian Pro League,2022/2023,missing_heatmap_session
749564,Fraser Hornby,Oostende,Belgian Pro League,2022/2023,missing_heatmap_session
1050158,Fábio Silva,Anderlecht,Belgian Pro League,2022/2023,missing_heatmap_session
1075033,Gary Magnée,Eupen,Belgian Pro League,2022/2023,missing_heatmap_session
174747,Geoffry Hairemans,KV Mechelen,Belgian Pro League,2022/2023,missing_heatmap_session
196805,Gianni Bruno,St.Truiden,Belgian Pro League,2022/2023,missing_heatmap_session
118241,Gustaf Nilsson,Union St.Gilloise,Belgian Pro League,2022/2023,missing_heatmap_session
203666,Hans Vanaken,Club Brugge,Belgian Pro League,2022/2023,missing_heatmap_session
737974,Hugo Cuypers,Gent,Belgian Pro League,2022/2023,missing_heatmap_session
925345,Hyun-Seok Hong,Gent,Belgian Pro League,2022/2023,missing_heatmap_session
193222,Igor Vetokele,Westerlo,Belgian Pro League,2022/2023,missing_heatmap_session
614720,Isaac Mbenza,Sporting Charleroi,Belgian Pro League,2022/2023,missing_heatmap_session
1210943,Jackson Tchatchoua,Sporting Charleroi,Belgian Pro League,2022/2023,missing_heatmap_session
38782,Jelle Vossen,Zulte Waregem,Belgian Pro League,2022/2023,missing_heatmap_session
401004,Jordi Vanlerberghe,KV Mechelen,Belgian Pro League,2022/2023,missing_heatmap_session
726442,Joseph Okumu,Gent,Belgian Pro League,2022/2023,missing_heatmap_session
850924,Joseph Paintsil,Genk,Belgian Pro League,2022/2023,missing_heatmap_session
788711,Julien Ngoy,KV Mechelen,Belgian Pro League,2022/2023,missing_heatmap_session
934156,Jurgen Ekkelenkamp,Royal Antwerp,Belgian Pro League,2022/2023,missing_heatmap_session
873236,Jón Thorsteinsson,OH Leuven,Belgian Pro League,2022/2023,missing_heatmap_session
974314,Ken Nkuba,Sporting Charleroi,Belgian Pro League,2022/2023,missing_heatmap_session
1027594,Konan N’Dri,Eupen,Belgian Pro League,2022/2023,missing_heatmap_session
305791,Konstantinos Laifis,Standard Liege,Belgian Pro League,2022/2023,missing_heatmap_session
1110376,Kyan Vaesen,Westerlo,Belgian Pro League,2022/2023,missing_heatmap_session
820477,Kévin Denkey,Cercle Brugge,Belgian Pro League,2022/2023,missing_heatmap_session
282671,Laurent Depoitre,Gent,Belgian Pro League,2022/2023,missing_heatmap_session
768459,Lazare Amani,Union St.Gilloise,Belgian Pro League,2022/2023,missing_heatmap_session
604396,Leonardo Lopes,Cercle Brugge,Belgian Pro League,2022/2023,missing_heatmap_session
14557,Lior Refaelov,Anderlecht,Belgian Pro League,2022/2023,missing_heatmap_session
1178319,Louis Patris,OH Leuven,Belgian Pro League,2022/2023,missing_heatmap_session
881500,Lyle Foster,Westerlo,Belgian Pro League,2022/2023,missing_heatmap_session
496285,Marco Ilaimaharitra,Sporting Charleroi,Belgian Pro League,2022/2023,missing_heatmap_session
675095,Mario González,OH Leuven,Belgian Pro League,2022/2023,missing_heatmap_session
1219672,Mario Stroeykens,Anderlecht,Belgian Pro League,2022/2023,missing_heatmap_session
953517,Marius Mouandilmadji,RFC Seraing,Belgian Pro League,2022/2023,missing_heatmap_session
924485,Mark McKenzie,Genk,Belgian Pro League,2022/2023,missing_heatmap_session
1180280,Marlon Fossey,Standard Liege,Belgian Pro League,2022/2023,missing_heatmap_session
497572,Mathieu Maertens,OH Leuven,Belgian Pro League,2022/2023,missing_heatmap_session
178283,Mats Rits,Club Brugge,Belgian Pro League,2022/2023,missing_heatmap_session
1134871,Maxim De Cuyper,Westerlo,Belgian Pro League,2022/2023,missing_heatmap_session
437329,Mbwana Samatta,Genk,Belgian Pro League,2022/2023,missing_heatmap_session
653577,Merveille Bokadi,Standard Liege,Belgian Pro League,2022/2023,missing_heatmap_session
1173248,Michel-Ange Balikwisha,Royal Antwerp,Belgian Pro League,2022/2023,missing_heatmap_session
963983,Mike Trésor,Genk,Belgian Pro League,2022/2023,missing_heatmap_session
813055,Mousa Tamari,OH Leuven,Belgian Pro League,2022/2023,missing_heatmap_session
110189,Nacer Chadli,Westerlo,Belgian Pro League,2022/2023,missing_heatmap_session
1385771,Nachon Nsingi,OH Leuven,Belgian Pro League,2022/2023,missing_heatmap_session
1140919,Nick Bätzner,Oostende,Belgian Pro League,2022/2023,missing_heatmap_session
917830,Nicolas Madsen,Westerlo,Belgian Pro League,2022/2023,missing_heatmap_session
465726,Nikola Storm,KV Mechelen,Belgian Pro League,2022/2023,missing_heatmap_session
837341,Noa Lang,Club Brugge,Belgian Pro League,2022/2023,missing_heatmap_session
1224719,Noah Ohio,Standard Liege,Belgian Pro League,2022/2023,missing_heatmap_session
202471,Noë Dussenne,Standard Liege,Belgian Pro League,2022/2023,missing_heatmap_session
848568,Pape Guèye,Kortrijk,Belgian Pro League,2022/2023,missing_heatmap_session
351661,Patrik Hrosovsky,Genk,Belgian Pro League,2022/2023,missing_heatmap_session
449279,Philip Zinckernagel,Standard Liege,Belgian Pro League,2022/2023,missing_heatmap_session
662834,Regan Charles-Cook,Eupen,Belgian Pro League,2022/2023,missing_heatmap_session
215415,Rob Schoofs,KV Mechelen,Belgian Pro League,2022/2023,missing_heatmap_session
643690,Roman Yaremchuk,Club Brugge,Belgian Pro League,2022/2023,missing_heatmap_session
866784,Sambou Sissoko,RFC Seraing,Belgian Pro League,2022/2023,missing_heatmap_session
354175,Sandy Walsh,KV Mechelen,Belgian Pro League,2022/2023,missing_heatmap_session
20694,Shinji Okazaki,St.Truiden,Belgian Pro League,2022/2023,missing_heatmap_session
1227012,Simon Adingra,Union St.Gilloise,Belgian Pro League,2022/2023,missing_heatmap_session
554930,Smail Prevljak,Eupen,Belgian Pro League,2022/2023,missing_heatmap_session
814139,Sofian Kiyine,OH Leuven,Belgian Pro League,2022/2023,missing_heatmap_session
295102,Stef Peeters,Eupen,Belgian Pro League,2022/2023,missing_heatmap_session
789567,Steven Alzate,Standard Liege,Belgian Pro League,2022/2023,missing_heatmap_session
401343,Stipe Perica,Standard Liege,Belgian Pro League,2022/2023,missing_heatmap_session
40521,Sven Kums,Gent,Belgian Pro League,2022/2023,missing_heatmap_session
1026135,Tajon Buchanan,Club Brugge,Belgian Pro League,2022/2023,missing_heatmap_session
720733,Teddy Teuma,Union St.Gilloise,Belgian Pro League,2022/2023,missing_heatmap_session
1106599,Thibo Somers,Cercle Brugge,Belgian Pro League,2022/2023,missing_heatmap_session
607120,Thierry Ambrose,Oostende,Belgian Pro League,2022/2023,missing_heatmap_session
1126079,Thomas Van den Keybus,Westerlo,Belgian Pro League,2022/2023,missing_heatmap_session
160599,Toby Alderweireld,Royal Antwerp,Belgian Pro League,2022/2023,missing_heatmap_session
1023887,Tsuyoshi Watanabe,Kortrijk,Belgian Pro League,2022/2023,missing_heatmap_session
465728,Tuur Dierckx,Westerlo,Belgian Pro League,2022/2023,missing_heatmap_session
38366,Vadis Odjidja-Ofoe,Gent,Belgian Pro League,2022/2023,missing_heatmap_session
664533,Vagner,RFC Seraing,Belgian Pro League,2022/2023,missing_heatmap_session
1035208,Victor Okoh Boniface,Union St.Gilloise,Belgian Pro League,2022/2023,missing_heatmap_session
467022,Vincent Janssen,Royal Antwerp,Belgian Pro League,2022/2023,missing_heatmap_session
951973,William Balikwisha,Standard Liege,Belgian Pro League,2022/2023,missing_heatmap_session
955411,Yann Gboho,Cercle Brugge,Belgian Pro League,2022/2023,missing_heatmap_session
988793,Yari Verschaeren,Anderlecht,Belgian Pro League,2022/2023,missing_heatmap_session
929781,Yonas Malede,KV Mechelen,Belgian Pro League,2022/2023,missing_heatmap_session
1053689,Youssouph Badji,Sporting Charleroi,Belgian Pro League,2022/2023,missing_heatmap_session
277772,Zinho Gano,Zulte Waregem,Belgian Pro League,2022/2023,missing_heatmap_session
684981,Aarón Martín,Mainz 05,Bundesliga,2022/2023,missing_heatmap_session
969870,Adam Hlozek,Bayer Leverkusen,Bundesliga,2022/2023,missing_heatmap_session
294859,Alassane Pléa,Borussia Mönchengladbach,Bundesliga,2022/2023,missing_heatmap_session
688830,Amadou Haidara,RB Leipzig,Bundesliga,2022/2023,missing_heatmap_session
1079557,Amine Adli,Bayer Leverkusen,Bundesliga,2022/2023,missing_heatmap_session
173461,Andrej Kramaric,Hoffenheim,Bundesliga,2022/2023,missing_heatmap_session
388523,André Silva,RB Leipzig,Bundesliga,2022/2023,missing_heatmap_session
881735,Anton Stach,Mainz 05,Bundesliga,2022/2023,missing_heatmap_session
892679,Chris Führich,VfB Stuttgart,Bundesliga,2022/2023,missing_heatmap_session
747718,Christoph Baumgartner,Hoffenheim,Bundesliga,2022/2023,missing_heatmap_session
782361,Christopher Antwi-Adjej,Bochum,Bundesliga,2022/2023,missing_heatmap_session
704523,Christopher Nkunku,RB Leipzig,Bundesliga,2022/2023,missing_heatmap_session
621515,Daichi Kamada,Eintracht Frankfurt,Bundesliga,2022/2023,missing_heatmap_session
614834,Dani Olmo,RB Leipzig,Bundesliga,2022/2023,missing_heatmap_session
501568,Davie Selke,Hertha BSC,Bundesliga,2022/2023,missing_heatmap_session
861668,Dejan Ljubicic,1. FC Köln,Bundesliga,2022/2023,missing_heatmap_session
1235068,Denis Huseinbasic,1. FC Köln,Bundesliga,2022/2023,missing_heatmap_session
688876,Dodi Lukébakio,Hertha BSC,Bundesliga,2022/2023,missing_heatmap_session
195742,Dominick Drexler,Schalke 04,Bundesliga,2022/2023,missing_heatmap_session
303905,Dominik Kohr,Mainz 05,Bundesliga,2022/2023,missing_heatmap_session
846005,Dominik Szoboszlai,RB Leipzig,Bundesliga,2022/2023,missing_heatmap_session
660301,Donyell Malen,Borussia Dortmund,Bundesliga,2022/2023,missing_heatmap_session
789914,Edmond Tapsoba,Bayer Leverkusen,Bundesliga,2022/2023,missing_heatmap_session
574642,Ellyes Skhiri,1. FC Köln,Bundesliga,2022/2023,missing_heatmap_session
171980,Emil Forsberg,RB Leipzig,Bundesliga,2022/2023,missing_heatmap_session
763313,Erhan Masovic,Bochum,Bundesliga,2022/2023,missing_heatmap_session
95082,Eric Maxim Choupo-Moting,Bayern München,Bundesliga,2022/2023,missing_heatmap_session
840241,Ermedin Demirovic,Augsburg,Bundesliga,2022/2023,missing_heatmap_session
693599,Exequiel Palacios,Bayer Leverkusen,Bundesliga,2022/2023,missing_heatmap_session
966019,Felix Nmecha,Wolfsburg,Bundesliga,2022/2023,missing_heatmap_session
187358,Florian Kainz,1. FC Köln,Bundesliga,2022/2023,missing_heatmap_session
276760,Florian Niederlechner,Augsburg,Bundesliga,2022/2023,missing_heatmap_session
625091,Gerrit Holtmann,Bochum,Bundesliga,2022/2023,missing_heatmap_session
540073,Gian-Luca Waldschmidt,Wolfsburg,Bundesliga,2022/2023,missing_heatmap_session
1071179,Giovanni Reyna,Borussia Dortmund,Bundesliga,2022/2023,missing_heatmap_session
625175,Grischa Prömel,Hoffenheim,Bundesliga,2022/2023,missing_heatmap_session
458630,Ihlas Bebou,Hoffenheim,Bundesliga,2022/2023,missing_heatmap_session
523749,Jae-Sung Lee,Mainz 05,Bundesliga,2022/2023,missing_heatmap_session
1067260,Jakub Kaminski,Wolfsburg,Bundesliga,2022/2023,missing_heatmap_session
1156141,Jamal Musiala,Bayern München,Bundesliga,2022/2023,missing_heatmap_session
304354,Janik Haberer,Union Berlin,Bundesliga,2022/2023,missing_heatmap_session
528811,Jens Stage,Werder Bremen,Bundesliga,2022/2023,missing_heatmap_session
966018,Jeremie Frimpong,Bayer Leverkusen,Bundesliga,2022/2023,missing_heatmap_session
958335,Jesper Lindstrøm,Eintracht Frankfurt,Bundesliga,2022/2023,missing_heatmap_session
1083717,Jessic Ngankam,Hertha BSC,Bundesliga,2022/2023,missing_heatmap_session
331542,Jonas Hofmann,Borussia Mönchengladbach,Bundesliga,2022/2023,missing_heatmap_session
889785,Jonas Wind,Wolfsburg,Bundesliga,2022/2023,missing_heatmap_session
613714,Jordan Pefok,Union Berlin,Bundesliga,2022/2023,sportsapi_id_unresolved
928454,Josha Vagnoman,VfB Stuttgart,Bundesliga,2022/2023,missing_heatmap_session
460632,Joshua Kimmich,Bayern München,Bundesliga,2022/2023,missing_heatmap_session
1077894,Jude Bellingham,Borussia Dortmund,Bundesliga,2022/2023,missing_heatmap_session
516846,Julian Brandt,Borussia Dortmund,Bundesliga,2022/2023,missing_heatmap_session
1040889,Junior Dina Ebimbe,Eintracht Frankfurt,Bundesliga,2022/2023,sportsapi_id_unresolved
959594,Karim Adeyemi,Borussia Dortmund,Bundesliga,2022/2023,missing_heatmap_session
176953,Karim Onisiwo,Mainz 05,Bundesliga,2022/2023,missing_heatmap_session
469763,Kenan Karaman,Schalke 04,Bundesliga,2022/2023,missing_heatmap_session
331540,Kerem Demirbay,Bayer Leverkusen,Bundesliga,2022/2023,missing_heatmap_session
614923,Kevin Behrens,Union Berlin,Bundesliga,2022/2023,missing_heatmap_session
276739,Kevin Stöger,Bochum,Bundesliga,2022/2023,missing_heatmap_session
429265,Kingsley Coman,Bayern München,Bundesliga,2022/2023,missing_heatmap_session
630651,Kingsley Schindler,1. FC Köln,Bundesliga,2022/2023,missing_heatmap_session
526827,Konrad Laimer,RB Leipzig,Bundesliga,2022/2023,missing_heatmap_session
719219,Konstantinos Mavropanos,VfB Stuttgart,Bundesliga,2022/2023,missing_heatmap_session
94916,Lars Stindl,Borussia Mönchengladbach,Bundesliga,2022/2023,missing_heatmap_session
930065,Leandro Barreiro,Mainz 05,Bundesliga,2022/2023,missing_heatmap_session
343748,Leon Goretzka,Bayern München,Bundesliga,2022/2023,missing_heatmap_session
530859,Leroy Sané,Bayern München,Bundesliga,2022/2023,missing_heatmap_session
930035,Linton Maina,1. FC Köln,Bundesliga,2022/2023,missing_heatmap_session
556524,Lucas Höler,Freiburg,Bundesliga,2022/2023,missing_heatmap_session
612277,Lucas Tousart,Hertha BSC,Bundesliga,2022/2023,missing_heatmap_session
471153,Ludovic Ajorque,Mainz 05,Bundesliga,2022/2023,missing_heatmap_session
129944,Marco Reus,Borussia Dortmund,Bundesliga,2022/2023,missing_heatmap_session
642418,Marco Richter,Hertha BSC,Bundesliga,2022/2023,missing_heatmap_session
443733,Marcus Ingvartsen,Mainz 05,Bundesliga,2022/2023,missing_heatmap_session
621562,Marcus Thuram,Borussia Mönchengladbach,Bundesliga,2022/2023,missing_heatmap_session
177714,Mario Götze,Eintracht Frankfurt,Bundesliga,2022/2023,missing_heatmap_session
626890,Marius Bülter,Schalke 04,Bundesliga,2022/2023,missing_heatmap_session
343757,Marvin Ducksch,Werder Bremen,Bundesliga,2022/2023,missing_heatmap_session
36388,Mats Hummels,Borussia Dortmund,Bundesliga,2022/2023,missing_heatmap_session
303912,Matthias Ginter,Freiburg,Bundesliga,2022/2023,missing_heatmap_session
647900,Mattias Svanberg,Wolfsburg,Bundesliga,2022/2023,missing_heatmap_session
298915,Maximilian Arnold,Wolfsburg,Bundesliga,2022/2023,missing_heatmap_session
532738,Maximilian Philipp,Wolfsburg,Bundesliga,2022/2023,missing_heatmap_session
198316,Michael Gregoritsch,Freiburg,Bundesliga,2022/2023,missing_heatmap_session
298823,Mitchell Weiser,Werder Bremen,Bundesliga,2022/2023,missing_heatmap_session
923498,Moussa Diaby,Bayer Leverkusen,Bundesliga,2022/2023,missing_heatmap_session
289472,Munas Dabbur,Hoffenheim,Bundesliga,2022/2023,missing_heatmap_session
597737,Mërgim Berisha,Augsburg,Bundesliga,2022/2023,missing_heatmap_session
276791,Niclas Füllkrug,Werder Bremen,Bundesliga,2022/2023,missing_heatmap_session
517346,Nico Elvedi,Borussia Mönchengladbach,Bundesliga,2022/2023,missing_heatmap_session
447084,Niklas Süle,Borussia Dortmund,Bundesliga,2022/2023,missing_heatmap_session
839204,Omar Marmoush,Wolfsburg,Bundesliga,2022/2023,missing_heatmap_session
1073498,Patrick Wimmer,Wolfsburg,Bundesliga,2022/2023,missing_heatmap_session
290201,Philipp Hofmann,Bochum,Bundesliga,2022/2023,missing_heatmap_session
533775,Rafael Borré,Eintracht Frankfurt,Bundesliga,2022/2023,missing_heatmap_session
559065,Ramy Bensebaini,Borussia Mönchengladbach,Bundesliga,2022/2023,missing_heatmap_session
823825,Randal Kolo Muani,Eintracht Frankfurt,Bundesliga,2022/2023,missing_heatmap_session
352994,Raphaël Guerreiro,Borussia Dortmund,Bundesliga,2022/2023,missing_heatmap_session
883087,Ridle Baku,Wolfsburg,Bundesliga,2022/2023,missing_heatmap_session
629805,Ritsu Doan,Freiburg,Bundesliga,2022/2023,missing_heatmap_session
447959,Robert Skov,Hoffenheim,Bundesliga,2022/2023,missing_heatmap_session
259296,Robin Knoche,Union Berlin,Bundesliga,2022/2023,missing_heatmap_session
1070776,Rodrigo Zalazar,Schalke 04,Bundesliga,2022/2023,missing_heatmap_session
583601,Roland Sallai,Freiburg,Bundesliga,2022/2023,missing_heatmap_session
303339,Sadio Mané,Bayern München,Bundesliga,2022/2023,missing_heatmap_session
441309,Sardar Azmoun,Bayer Leverkusen,Bundesliga,2022/2023,missing_heatmap_session
423802,Sargis Adamyan,1. FC Köln,Bundesliga,2022/2023,missing_heatmap_session
385437,Serge Gnabry,Bayern München,Bundesliga,2022/2023,missing_heatmap_session
448540,Serhou Guirassy,VfB Stuttgart,Bundesliga,2022/2023,missing_heatmap_session
495222,Sheraldo Becker,Union Berlin,Bundesliga,2022/2023,missing_heatmap_session
959404,Silas Katompa Mvumpa,VfB Stuttgart,Bundesliga,2022/2023,sportsapi_id_unresolved
275034,Silvan Widmer,Mainz 05,Bundesliga,2022/2023,missing_heatmap_session
95095,Simon Terodde,Schalke 04,Bundesliga,2022/2023,missing_heatmap_session
238438,Simon Zoller,Bochum,Bundesliga,2022/2023,missing_heatmap_session
706500,Steffen Tigges,1. FC Köln,Bundesliga,2022/2023,missing_heatmap_session
92666,Stevan Jovetic,Hertha BSC,Bundesliga,2022/2023,missing_heatmap_session
667790,Suat Serdar,Hertha BSC,Bundesliga,2022/2023,missing_heatmap_session
352968,Sébastien Haller,Borussia Dortmund,Bundesliga,2022/2023,missing_heatmap_session
430856,Takuma Asano,Bochum,Bundesliga,2022/2023,missing_heatmap_session
116772,Thomas Müller,Bayern München,Bundesliga,2022/2023,missing_heatmap_session
1164506,Tiago Tomás,VfB Stuttgart,Bundesliga,2022/2023,missing_heatmap_session
450980,Timo Werner,RB Leipzig,Bundesliga,2022/2023,missing_heatmap_session
992060,Tom Krauß,Schalke 04,Bundesliga,2022/2023,missing_heatmap_session
982158,Tuta,Eintracht Frankfurt,Bundesliga,2022/2023,missing_heatmap_session
400625,Vincenzo Grifo,Freiburg,Bundesliga,2022/2023,missing_heatmap_session
202643,Wataru Endo,VfB Stuttgart,Bundesliga,2022/2023,missing_heatmap_session
797800,Wilfried Kanga,Hertha BSC,Bundesliga,2022/2023,missing_heatmap_session
278856,Willi Orbán,RB Leipzig,Bundesliga,2022/2023,missing_heatmap_session
949673,Woo-Yeong Jeong,Freiburg,Bundesliga,2022/2023,missing_heatmap_session
450976,Yannick Gerhardt,Wolfsburg,Bundesliga,2022/2023,missing_heatmap_session
1174708,Youssoufa Moukoko,Borussia Dortmund,Bundesliga,2022/2023,missing_heatmap_session
513810,Ahmed El Messaoudi,FC Emmen,Eredivisie,2022/2023,missing_heatmap_session
466890,Alireza Jahanbakhsh,Feyenoord,Eredivisie,2022/2023,missing_heatmap_session
1156568,Amin Sarr,SC Heerenveen,Eredivisie,2022/2023,missing_heatmap_session
873270,Anastasios Douvikas,FC Utrecht,Eredivisie,2022/2023,missing_heatmap_session
562267,Anwar El-Ghazi,PSV Eindhoven,Eredivisie,2022/2023,missing_heatmap_session
560413,Arno Verschueren,Sparta Rotterdam,Eredivisie,2022/2023,missing_heatmap_session
1110703,Bartosz Bialek,Vitesse,Eredivisie,2022/2023,missing_heatmap_session
104045,Bas Dost,FC Utrecht,Eredivisie,2022/2023,missing_heatmap_session
467480,Bas Kuipers,Go Ahead Eagles,Eredivisie,2022/2023,missing_heatmap_session
1072516,Bobby Adekanye,Go Ahead Eagles,Eredivisie,2022/2023,missing_heatmap_session
940446,Brian Brobbey,Ajax,Eredivisie,2022/2023,missing_heatmap_session
42211,Burak Yilmaz,Fortuna Sittard,Eredivisie,2022/2023,missing_heatmap_session
940086,Can Bozdogan,FC Utrecht,Eredivisie,2022/2023,missing_heatmap_session
1184693,Couhaib Driouech,Excelsior,Eredivisie,2022/2023,missing_heatmap_session
813428,Dani de Wit,AZ Alkmaar,Eredivisie,2022/2023,missing_heatmap_session
931862,Danilo,Feyenoord,Eredivisie,2022/2023,missing_heatmap_session
604344,Dario van den Buijs,RKC Waalwijk,Eredivisie,2022/2023,missing_heatmap_session
277609,Daryl van Mieghem,FC Volendam,Eredivisie,2022/2023,missing_heatmap_session
298448,Davy Klaassen,Ajax,Eredivisie,2022/2023,missing_heatmap_session
1097467,Dirk Proper,NEC Nijmegen,Eredivisie,2022/2023,sportsapi_id_unresolved
94267,Dusan Tadic,Ajax,Eredivisie,2022/2023,missing_heatmap_session
727897,Dávid Hancko,Feyenoord,Eredivisie,2022/2023,missing_heatmap_session
783505,Edson Álvarez,Ajax,Eredivisie,2022/2023,missing_heatmap_session
983047,Elayis Tavsan,NEC Nijmegen,Eredivisie,2022/2023,missing_heatmap_session
495970,Finn Stokkers,Go Ahead Eagles,Eredivisie,2022/2023,missing_heatmap_session
277597,Florian Jozefzoon,RKC Waalwijk,Eredivisie,2022/2023,missing_heatmap_session
988082,Florian Krüger,FC Groningen,Eredivisie,2022/2023,missing_heatmap_session
1185336,Francisco Conceição,Ajax,Eredivisie,2022/2023,missing_heatmap_session
1110045,Gaetano Oristanio,FC Volendam,Eredivisie,2022/2023,missing_heatmap_session
883503,Gijs Smal,FC Twente,Eredivisie,2022/2023,missing_heatmap_session
774947,Guus Til,PSV Eindhoven,Eredivisie,2022/2023,missing_heatmap_session
408780,Henk Veerman,FC Volendam,Eredivisie,2022/2023,missing_heatmap_session
1282156,Ibrahim Cissoko,NEC Nijmegen,Eredivisie,2022/2023,missing_heatmap_session
795371,Ibrahim Sangaré,PSV Eindhoven,Eredivisie,2022/2023,missing_heatmap_session
1265963,Igor Paixão,Feyenoord,Eredivisie,2022/2023,missing_heatmap_session
213682,Iiass Bel Hassani,RKC Waalwijk,Eredivisie,2022/2023,sportsapi_id_unresolved
655095,Isac Lidberg,Go Ahead Eagles,Eredivisie,2022/2023,missing_heatmap_session
639782,Iván Márquez,NEC Nijmegen,Eredivisie,2022/2023,missing_heatmap_session
670030,Iñigo Córdoba,Fortuna Sittard,Eredivisie,2022/2023,missing_heatmap_session
873537,Jamie Jacobs,Cambuur,Eredivisie,2022/2023,missing_heatmap_session
760743,Javairô Dilrosun,Feyenoord,Eredivisie,2022/2023,missing_heatmap_session
689680,Jens Odgaard,AZ Alkmaar,Eredivisie,2022/2023,missing_heatmap_session
737061,Jesper Karlsson,AZ Alkmaar,Eredivisie,2022/2023,missing_heatmap_session
792429,Joey Veerman,PSV Eindhoven,Eredivisie,2022/2023,missing_heatmap_session
1203194,Johan Bakayoko,PSV Eindhoven,Eredivisie,2022/2023,missing_heatmap_session
692983,Jordy Bruijn,NEC Nijmegen,Eredivisie,2022/2023,missing_heatmap_session
389845,Joshua Brenet,FC Twente,Eredivisie,2022/2023,missing_heatmap_session
902675,Joshua Kitolano,Sparta Rotterdam,Eredivisie,2022/2023,missing_heatmap_session
1098594,Julen Lobete,RKC Waalwijk,Eredivisie,2022/2023,missing_heatmap_session
1180499,Julian Baas,Excelsior,Eredivisie,2022/2023,missing_heatmap_session
942381,Jurriën Timber,Ajax,Eredivisie,2022/2023,missing_heatmap_session
1051411,Kacper Kozlowski,Vitesse,Eredivisie,2022/2023,missing_heatmap_session
970565,Kenneth Taylor,Ajax,Eredivisie,2022/2023,missing_heatmap_session
929665,Kenzo Goudmijn,Excelsior,Eredivisie,2022/2023,missing_heatmap_session
950861,Koki Saito,Sparta Rotterdam,Eredivisie,2022/2023,missing_heatmap_session
703044,Landry Dimata,NEC Nijmegen,Eredivisie,2022/2023,sportsapi_id_unresolved
560847,Lazaros Lamprou,Excelsior,Eredivisie,2022/2023,missing_heatmap_session
881640,Lutsharel Geertruida,Feyenoord,Eredivisie,2022/2023,missing_heatmap_session
150201,Luuk de Jong,PSV Eindhoven,Eredivisie,2022/2023,missing_heatmap_session
875306,Magnus Mattsson,NEC Nijmegen,Eredivisie,2022/2023,missing_heatmap_session
1016738,Manfred Ugalde,FC Twente,Eredivisie,2022/2023,missing_heatmap_session
351898,Mark Diemers,FC Emmen,Eredivisie,2022/2023,missing_heatmap_session
1088043,Marouan Azarkan,Excelsior,Eredivisie,2022/2023,missing_heatmap_session
279116,Mats Seuntjens,Fortuna Sittard,Eredivisie,2022/2023,missing_heatmap_session
464981,Matús Bero,Vitesse,Eredivisie,2022/2023,missing_heatmap_session
556027,Maximilian Wittek,Vitesse,Eredivisie,2022/2023,missing_heatmap_session
864893,Melle Meulensteen,Vitesse,Eredivisie,2022/2023,missing_heatmap_session
907821,Michael Breij,Cambuur,Eredivisie,2022/2023,missing_heatmap_session
662735,Michel Vlap,FC Twente,Eredivisie,2022/2023,missing_heatmap_session
110161,Michiel Kramer,RKC Waalwijk,Eredivisie,2022/2023,missing_heatmap_session
259375,Mike van Duinen,Excelsior,Eredivisie,2022/2023,missing_heatmap_session
264860,Mike van der Hoorn,FC Utrecht,Eredivisie,2022/2023,missing_heatmap_session
1074750,Milan van Ewijk,SC Heerenveen,Eredivisie,2022/2023,missing_heatmap_session
1183512,Million Manhoef,Vitesse,Eredivisie,2022/2023,missing_heatmap_session
1195281,Milos Kerkez,AZ Alkmaar,Eredivisie,2022/2023,missing_heatmap_session
295087,Mitchell Paulissen,Cambuur,Eredivisie,2022/2023,missing_heatmap_session
1116945,Mohamed Sankoh,Vitesse,Eredivisie,2022/2023,missing_heatmap_session
891743,Mohammed Kudus,Ajax,Eredivisie,2022/2023,missing_heatmap_session
1180316,Nikolas Agrafiotis,Excelsior,Eredivisie,2022/2023,missing_heatmap_session
915365,Ole Romeny,FC Emmen,Eredivisie,2022/2023,missing_heatmap_session
1049004,Oliver Edvardsen,Go Ahead Eagles,Eredivisie,2022/2023,missing_heatmap_session
935409,Orkun Kökcü,Feyenoord,Eredivisie,2022/2023,missing_heatmap_session
839476,Othman Boussaid,FC Utrecht,Eredivisie,2022/2023,sportsapi_id_unresolved
690188,Oussama Idrissi,Feyenoord,Eredivisie,2022/2023,missing_heatmap_session
360560,Oussama Tannane,NEC Nijmegen,Eredivisie,2022/2023,missing_heatmap_session
660132,Pantelis Hatzidiakos,AZ Alkmaar,Eredivisie,2022/2023,missing_heatmap_session
253121,Paul Gladon,Fortuna Sittard,Eredivisie,2022/2023,missing_heatmap_session
492494,Pawel Bochniewicz,SC Heerenveen,Eredivisie,2022/2023,missing_heatmap_session
727228,Pedro Marques,NEC Nijmegen,Eredivisie,2022/2023,missing_heatmap_session
637741,Pelle Clement,RKC Waalwijk,Eredivisie,2022/2023,missing_heatmap_session
574630,Pelle van Amersfoort,SC Heerenveen,Eredivisie,2022/2023,missing_heatmap_session
583138,Philippe Rommens,Go Ahead Eagles,Eredivisie,2022/2023,missing_heatmap_session
970563,Quinten Timber,Feyenoord,Eredivisie,2022/2023,missing_heatmap_session
1075956,Reda Kharchouch,Excelsior,Eredivisie,2022/2023,missing_heatmap_session
860740,Redouan El Yaakoubi,Excelsior,Eredivisie,2022/2023,missing_heatmap_session
1036401,Ricardo Pepi,FC Groningen,Eredivisie,2022/2023,missing_heatmap_session
412708,Richairo Zivkovic,FC Emmen,Eredivisie,2022/2023,missing_heatmap_session
116750,Ricky van Wolfswinkel,FC Twente,Eredivisie,2022/2023,missing_heatmap_session
278807,Robert Mühren,FC Volendam,Eredivisie,2022/2023,missing_heatmap_session
690207,Roberts Uldrikis,Cambuur,Eredivisie,2022/2023,missing_heatmap_session
298933,Robin Pröpper,FC Twente,Eredivisie,2022/2023,missing_heatmap_session
1386551,Ryan Flamingo,Vitesse,Eredivisie,2022/2023,missing_heatmap_session
304668,Sander van de Streek,FC Utrecht,Eredivisie,2022/2023,missing_heatmap_session
954092,Santiago Giménez,Feyenoord,Eredivisie,2022/2023,missing_heatmap_session
765466,Sebastian Szymanski,Feyenoord,Eredivisie,2022/2023,missing_heatmap_session
947898,Sem Steijn,FC Twente,Eredivisie,2022/2023,missing_heatmap_session
770402,Siebe Horemans,Excelsior,Eredivisie,2022/2023,missing_heatmap_session
209786,Steven Berghuis,Ajax,Eredivisie,2022/2023,missing_heatmap_session
564818,Steven Bergwijn,Ajax,Eredivisie,2022/2023,missing_heatmap_session
1035643,Sven Mijnans,Sparta Rotterdam,Eredivisie,2022/2023,missing_heatmap_session
949481,Sydney van Hooijdonk,SC Heerenveen,Eredivisie,2022/2023,missing_heatmap_session
1159539,Taylor Booth,FC Utrecht,Eredivisie,2022/2023,missing_heatmap_session
1282285,Tijjani Noslin,Fortuna Sittard,Eredivisie,2022/2023,missing_heatmap_session
868344,Tijjani Reijnders,AZ Alkmaar,Eredivisie,2022/2023,missing_heatmap_session
630278,Tobias Lauritsen,Sparta Rotterdam,Eredivisie,2022/2023,missing_heatmap_session
1127054,Tomás Suslov,FC Groningen,Eredivisie,2022/2023,missing_heatmap_session
637749,Vangelis Pavlidis,AZ Alkmaar,Eredivisie,2022/2023,missing_heatmap_session
253120,Virgil Misidjan,FC Twente,Eredivisie,2022/2023,missing_heatmap_session
521471,Vito van Crooij,Sparta Rotterdam,Eredivisie,2022/2023,missing_heatmap_session
623540,Václav Cerny,FC Twente,Eredivisie,2022/2023,missing_heatmap_session
774237,Willum Willumsson,Go Ahead Eagles,Eredivisie,2022/2023,sportsapi_id_unresolved
1173787,Xavi Simons,PSV Eindhoven,Eredivisie,2022/2023,missing_heatmap_session
979963,Xavier Mbuyamba,FC Volendam,Eredivisie,2022/2023,missing_heatmap_session
1119702,Yassin Oukili,RKC Waalwijk,Eredivisie,2022/2023,missing_heatmap_session
924610,Yukinari Sugawara,AZ Alkmaar,Eredivisie,2022/2023,missing_heatmap_session
1209399,Abdessamad Ezzalzouli,Osasuna,LaLiga,2022/2023,missing_heatmap_session
482331,Adrián Embarba,Espanyol,LaLiga,2022/2023,missing_heatmap_session
1054786,Aimar Oroz,Osasuna,LaLiga,2022/2023,missing_heatmap_session
574629,Alex Berenguer,Athletic Club,LaLiga,2022/2023,missing_heatmap_session
440330,Alexander Sørloth,Real Sociedad,LaLiga,2022/2023,missing_heatmap_session
737444,Amath Ndiaye,Mallorca,LaLiga,2022/2023,sportsapi_id_unresolved
1002618,Ander Barrenetxea,Real Sociedad,LaLiga,2022/2023,missing_heatmap_session
1086012,Ansu Fati,Barcelona,LaLiga,2022/2023,missing_heatmap_session
251269,Ante Budimir,Osasuna,LaLiga,2022/2023,missing_heatmap_session
210282,Anthony Lozano,Cadiz,LaLiga,2022/2023,sportsapi_id_unresolved
184138,Antoine Griezmann,Atletico Madrid,LaLiga,2022/2023,missing_heatmap_session
479020,Ayoze Pérez,Real Betis,LaLiga,2022/2023,missing_heatmap_session
609505,Borja Iglesias,Real Betis,LaLiga,2022/2023,missing_heatmap_session
635772,Borja Mayoral,Getafe,LaLiga,2022/2023,missing_heatmap_session
640122,Brais Méndez,Real Sociedad,LaLiga,2022/2023,missing_heatmap_session
637756,Carles Aleñá,Getafe,LaLiga,2022/2023,missing_heatmap_session
873297,Carles Pérez,Celta Vigo,LaLiga,2022/2023,missing_heatmap_session
516854,Carlos Fernández,Real Sociedad,LaLiga,2022/2023,missing_heatmap_session
544312,Cyle Larin,Real Valladolid,LaLiga,2022/2023,missing_heatmap_session
75307,Dani Parejo,Villarreal,LaLiga,2022/2023,missing_heatmap_session
213516,Dani Rodríguez,Mallorca,LaLiga,2022/2023,missing_heatmap_session
37459,David Silva,Real Sociedad,LaLiga,2022/2023,missing_heatmap_session
1054114,El Bilal Touré,Almeria,LaLiga,2022/2023,missing_heatmap_session
464486,Enes Ünal,Getafe,LaLiga,2022/2023,missing_heatmap_session
493216,Ezequiel Ponce,Elche,LaLiga,2022/2023,missing_heatmap_session
361724,Ezequiel Ávila,Osasuna,LaLiga,2022/2023,missing_heatmap_session
743533,Federico Valverde,Real Madrid,LaLiga,2022/2023,missing_heatmap_session
881771,Ferran Torres,Barcelona,LaLiga,2022/2023,missing_heatmap_session
202610,Fidel Chaves,Elche,LaLiga,2022/2023,sportsapi_id_unresolved
184521,Florian Lejeune,Rayo Vallecano,LaLiga,2022/2023,missing_heatmap_session
541588,Franco Cervi,Celta Vigo,LaLiga,2022/2023,missing_heatmap_session
638622,Frenkie de Jong,Barcelona,LaLiga,2022/2023,missing_heatmap_session
1116734,Gabriel Veiga,Celta Vigo,LaLiga,2022/2023,missing_heatmap_session
1279040,Gavi,Barcelona,LaLiga,2022/2023,missing_heatmap_session
522234,Gerard Gumbau,Elche,LaLiga,2022/2023,missing_heatmap_session
246438,Gerard Moreno,Villarreal,LaLiga,2022/2023,missing_heatmap_session
604126,Giovani Lo Celso,Villarreal,LaLiga,2022/2023,missing_heatmap_session
617220,Gonzalo Melero,Almeria,LaLiga,2022/2023,missing_heatmap_session
980311,Gonzalo Plata,Real Valladolid,LaLiga,2022/2023,missing_heatmap_session
711231,Gorka Guruzeta,Athletic Club,LaLiga,2022/2023,missing_heatmap_session
929838,Hugo Duro,Valencia,LaLiga,2022/2023,missing_heatmap_session
174472,Iago Aspas,Celta Vigo,LaLiga,2022/2023,missing_heatmap_session
179772,Iker Muniain,Athletic Club,LaLiga,2022/2023,missing_heatmap_session
638010,Isi Palazón,Rayo Vallecano,LaLiga,2022/2023,missing_heatmap_session
25773,Ivan Rakitic,Sevilla,LaLiga,2022/2023,missing_heatmap_session
967871,Iván Martin,Girona,LaLiga,2022/2023,missing_heatmap_session
604105,Iñaki Williams,Athletic Club,LaLiga,2022/2023,missing_heatmap_session
846966,Javi Puado,Espanyol,LaLiga,2022/2023,missing_heatmap_session
921825,Jon Moncayola,Osasuna,LaLiga,2022/2023,missing_heatmap_session
172321,Joselu,Espanyol,LaLiga,2022/2023,missing_heatmap_session
474589,José Giménez,Atletico Madrid,LaLiga,2022/2023,sportsapi_id_unresolved
477472,José Luis Morales,Villarreal,LaLiga,2022/2023,missing_heatmap_session
873956,Juan Miranda,Real Betis,LaLiga,2022/2023,missing_heatmap_session
191873,Juanmi,Real Betis,LaLiga,2022/2023,missing_heatmap_session
794253,Justin Kluivert,Valencia,LaLiga,2022/2023,missing_heatmap_session
821100,Jørgen Strand Larsen,Celta Vigo,LaLiga,2022/2023,missing_heatmap_session
940976,Kang-In Lee,Mallorca,LaLiga,2022/2023,missing_heatmap_session
26166,Karim Benzema,Real Madrid,LaLiga,2022/2023,missing_heatmap_session
183353,Kike García,Osasuna,LaLiga,2022/2023,missing_heatmap_session
888167,Kike Pérez,Real Valladolid,LaLiga,2022/2023,missing_heatmap_session
1077915,Largie Ramazani,Almeria,LaLiga,2022/2023,missing_heatmap_session
169586,Leandro Cabrera,Espanyol,LaLiga,2022/2023,missing_heatmap_session
561164,Lucas Boyé,Elche,LaLiga,2022/2023,missing_heatmap_session
357080,Lucas Ocampos,Sevilla,LaLiga,2022/2023,missing_heatmap_session
787440,Lucas Robertone,Almeria,LaLiga,2022/2023,missing_heatmap_session
792303,Luis Suárez,Almeria,LaLiga,2022/2023,missing_heatmap_session
1176214,Luiz Henrique,Real Betis,LaLiga,2022/2023,missing_heatmap_session
31097,Luka Modric,Real Madrid,LaLiga,2022/2023,missing_heatmap_session
1111981,Lázaro,Almeria,LaLiga,2022/2023,missing_heatmap_session
358127,Léo Baptistão,Almeria,LaLiga,2022/2023,missing_heatmap_session
498033,Marco Asensio,Real Madrid,LaLiga,2022/2023,missing_heatmap_session
602563,Marcos Llorente,Atletico Madrid,LaLiga,2022/2023,missing_heatmap_session
671203,Mario Hermoso,Atletico Madrid,LaLiga,2022/2023,missing_heatmap_session
169865,Martin Braithwaite,Espanyol,LaLiga,2022/2023,missing_heatmap_session
574645,Mikel Merino,Real Sociedad,LaLiga,2022/2023,missing_heatmap_session
678234,Mikel Oyarzabal,Real Sociedad,LaLiga,2022/2023,missing_heatmap_session
616545,Mikel Vesga,Athletic Club,LaLiga,2022/2023,missing_heatmap_session
907253,Monchu,Real Valladolid,LaLiga,2022/2023,missing_heatmap_session
561198,Mouctar Diakhaby,Valencia,LaLiga,2022/2023,missing_heatmap_session
522579,Munir El Haddadi,Getafe,LaLiga,2022/2023,missing_heatmap_session
726345,Nahuel Molina,Atletico Madrid,LaLiga,2022/2023,missing_heatmap_session
1052993,Nico Melamed,Espanyol,LaLiga,2022/2023,sportsapi_id_unresolved
1202110,Nico Williams,Athletic Club,LaLiga,2022/2023,missing_heatmap_session
1197347,Nicolas Jackson,Villarreal,LaLiga,2022/2023,missing_heatmap_session
950545,Oihan Sancet,Athletic Club,LaLiga,2022/2023,missing_heatmap_session
692984,Ousmane Dembélé,Barcelona,LaLiga,2022/2023,missing_heatmap_session
872396,Pathé Ciss,Rayo Vallecano,LaLiga,2022/2023,missing_heatmap_session
792645,Pau Torres,Villarreal,LaLiga,2022/2023,missing_heatmap_session
1083323,Pedri,Barcelona,LaLiga,2022/2023,missing_heatmap_session
593129,Pere Milla,Elche,LaLiga,2022/2023,missing_heatmap_session
22543,Radamel Falcao,Rayo Vallecano,LaLiga,2022/2023,missing_heatmap_session
696679,Raphinha,Barcelona,LaLiga,2022/2023,missing_heatmap_session
33871,Raúl García,Athletic Club,LaLiga,2022/2023,missing_heatmap_session
359196,Raúl de Tomás,Rayo Vallecano,LaLiga,2022/2023,missing_heatmap_session
93447,Robert Lewandowski,Barcelona,LaLiga,2022/2023,missing_heatmap_session
1072200,Rodrigo Riquelme,Girona,LaLiga,2022/2023,missing_heatmap_session
895362,Rodrygo,Real Madrid,LaLiga,2022/2023,missing_heatmap_session
303088,Roger Martí,Elche,LaLiga,2022/2023,missing_heatmap_session
921253,Ronald Araujo,Barcelona,LaLiga,2022/2023,missing_heatmap_session
639144,Rubén Alcaraz,Cadiz,LaLiga,2022/2023,missing_heatmap_session
359195,Rubén Sobrino,Cadiz,LaLiga,2022/2023,missing_heatmap_session
562062,Samuel Castillejo,Valencia,LaLiga,2022/2023,missing_heatmap_session
688300,Samuel Chukwueze,Villarreal,LaLiga,2022/2023,missing_heatmap_session
1082941,Samuel Dias Lino,Valencia,LaLiga,2022/2023,missing_heatmap_session
671865,Santi Comesaña,Rayo Vallecano,LaLiga,2022/2023,missing_heatmap_session
309334,Saúl,Atletico Madrid,LaLiga,2022/2023,sportsapi_id_unresolved
282472,Sergi Darder,Espanyol,LaLiga,2022/2023,missing_heatmap_session
638120,Sergi Guardiola,Real Valladolid,LaLiga,2022/2023,missing_heatmap_session
212472,Sergi Roberto,Barcelona,LaLiga,2022/2023,missing_heatmap_session
980422,Sergio Camello,Rayo Vallecano,LaLiga,2022/2023,missing_heatmap_session
150649,Sergio Canales,Real Betis,LaLiga,2022/2023,missing_heatmap_session
482512,Sergio León,Real Valladolid,LaLiga,2022/2023,missing_heatmap_session
848289,Takefusa Kubo,Real Sociedad,LaLiga,2022/2023,missing_heatmap_session
801213,Tete Morente,Elche,LaLiga,2022/2023,missing_heatmap_session
466132,Théo Bongonda,Cadiz,LaLiga,2022/2023,missing_heatmap_session
823658,Valentín Castellanos,Girona,LaLiga,2022/2023,missing_heatmap_session
517052,Vedat Muriqi,Mallorca,LaLiga,2022/2023,missing_heatmap_session
564847,Viktor Tsigankov,Girona,LaLiga,2022/2023,missing_heatmap_session
846033,Vinícius Júnior,Real Madrid,LaLiga,2022/2023,missing_heatmap_session
257865,William Carvalho,Real Betis,LaLiga,2022/2023,missing_heatmap_session
179083,Willian José,Real Betis,LaLiga,2022/2023,missing_heatmap_session
730901,Yangel Herrera,Girona,LaLiga,2022/2023,missing_heatmap_session
354467,Yannick Carrasco,Atletico Madrid,LaLiga,2022/2023,missing_heatmap_session
788555,Youssef En-Nesyri,Sevilla,LaLiga,2022/2023,missing_heatmap_session
1047676,Yéremi Pino,Villarreal,LaLiga,2022/2023,missing_heatmap_session
942372,Álex Baena,Villarreal,LaLiga,2022/2023,missing_heatmap_session
213500,Álex Fernández,Cadiz,LaLiga,2022/2023,missing_heatmap_session
474658,Álvaro Garcia,Rayo Vallecano,LaLiga,2022/2023,missing_heatmap_session
213501,Álvaro Morata,Atletico Madrid,LaLiga,2022/2023,missing_heatmap_session
432950,Ángel Correa,Atletico Madrid,LaLiga,2022/2023,missing_heatmap_session
844415,Éder Militao,Real Madrid,LaLiga,2022/2023,missing_heatmap_session
49677,Édinson Cavani,Valencia,LaLiga,2022/2023,missing_heatmap_session
174850,Érik Lamela,Sevilla,LaLiga,2022/2023,missing_heatmap_session
41365,Étienne Capoue,Villarreal,LaLiga,2022/2023,missing_heatmap_session
316771,Óliver Torres,Sevilla,LaLiga,2022/2023,missing_heatmap_session
359198,Óscar Plano,Real Valladolid,LaLiga,2022/2023,missing_heatmap_session
863168,Óscar Rodríguez,Celta Vigo,LaLiga,2022/2023,missing_heatmap_session
21414,Óscar Trejo,Rayo Vallecano,LaLiga,2022/2023,missing_heatmap_session
75489,Aaron Ramsey,Nice,Ligue 1,2022/2023,missing_heatmap_session
1189856,Abdallah Sima,Angers,Ligue 1,2022/2023,missing_heatmap_session
770881,Achraf Hakimi,Paris Saint-Germain,Ligue 1,2022/2023,missing_heatmap_session
684978,Adam Ounas,Lille,Ligue 1,2022/2023,missing_heatmap_session
447107,Adrien Hunou,Angers,Ligue 1,2022/2023,missing_heatmap_session
317062,Adrien Thomasson,Strasbourg,Ligue 1,2022/2023,missing_heatmap_session
586388,Aleksandr Golovin,Monaco,Ligue 1,2022/2023,missing_heatmap_session
169193,Alexandre Lacazette,Lyon,Ligue 1,2022/2023,missing_heatmap_session
689065,Alexis Claude-Maurice,Nice,Ligue 1,2022/2023,missing_heatmap_session
889521,Alexis Flips,Reims,Ligue 1,2022/2023,missing_heatmap_session
50047,Alexis Sánchez,Marseille,Ligue 1,2022/2023,missing_heatmap_session
844437,Amine Gouiri,Nice,Ligue 1,2022/2023,missing_heatmap_session
1332549,Amine Salama,Angers,Ligue 1,2022/2023,missing_heatmap_session
183530,Andy Delort,Nice,Ligue 1,2022/2023,missing_heatmap_session
848667,Angel Gomes,Lille,Ligue 1,2022/2023,missing_heatmap_session
1079554,Anthony Rouault,Toulouse,Ligue 1,2022/2023,missing_heatmap_session
520659,Arbër Zeneli,Reims,Ligue 1,2022/2023,missing_heatmap_session
1095445,Arnaud Kalimuendo-Muinga,Rennes,Ligue 1,2022/2023,missing_heatmap_session
770340,Arnaud Nordin,Montpellier,Ligue 1,2022/2023,missing_heatmap_session
1173250,Arthur Theate,Rennes,Ligue 1,2022/2023,missing_heatmap_session
696646,Axel Disasi,Monaco,Ligue 1,2022/2023,missing_heatmap_session
1073143,Azzedine Ounahi,Angers,Ligue 1,2022/2023,missing_heatmap_session
1230848,Bamba Dieng,Marseille,Ligue 1,2022/2023,missing_heatmap_session
441871,Benjamin Bourigeaud,Rennes,Ligue 1,2022/2023,missing_heatmap_session
1297165,Bradley Barcola,Lyon,Ligue 1,2022/2023,missing_heatmap_session
505059,Branco van den Boomen,Toulouse,Ligue 1,2022/2023,missing_heatmap_session
208929,Brecht Dejaeghere,Toulouse,Ligue 1,2022/2023,sportsapi_id_unresolved
527103,Breel Embolo,Monaco,Ligue 1,2022/2023,missing_heatmap_session
603477,Cengiz Ünder,Marseille,Ligue 1,2022/2023,missing_heatmap_session
277761,Chancel Mbemba,Marseille,Ligue 1,2022/2023,missing_heatmap_session
314437,Christopher Jullien,Montpellier,Ligue 1,2022/2023,missing_heatmap_session
517981,Cyrille Bayala,AC Ajaccio,Ligue 1,2022/2023,missing_heatmap_session
240235,Danilo Pereira,Paris Saint-Germain,Ligue 1,2022/2023,missing_heatmap_session
1138769,David Da Costa,Lens,Ligue 1,2022/2023,heatmap_request_failed
25496,Dimitri Payet,Marseille,Ligue 1,2022/2023,missing_heatmap_session
862616,Edon Zhegrova,Lille,Ligue 1,2022/2023,missing_heatmap_session
196972,Elbasan Rashani,Clermont Foot,Ligue 1,2022/2023,missing_heatmap_session
1213430,Elye Wahi,Montpellier,Ligue 1,2022/2023,missing_heatmap_session
1049999,Enzo Le Fée,Lorient,Ligue 1,2022/2023,missing_heatmap_session
1087966,Evann Guessand,Nantes,Ligue 1,2022/2023,missing_heatmap_session
605654,Fabián Ruiz,Paris Saint-Germain,Ligue 1,2022/2023,missing_heatmap_session
812652,Facundo Medina,Lens,Ligue 1,2022/2023,missing_heatmap_session
660506,Faitout Maouassa,Montpellier,Ligue 1,2022/2023,missing_heatmap_session
1345875,Farès Chaïbi,Toulouse,Ligue 1,2022/2023,missing_heatmap_session
428815,Flavien Tait,Rennes,Ligue 1,2022/2023,missing_heatmap_session
612699,Florian Sotoca,Lens,Ligue 1,2022/2023,missing_heatmap_session
982677,Folarin Balogun,Reims,Ligue 1,2022/2023,missing_heatmap_session
501543,Franck Honorat,Brest,Ligue 1,2022/2023,missing_heatmap_session
763974,Gauthier Hein,Auxerre,Ligue 1,2022/2023,missing_heatmap_session
492158,Gaëtan Laborde,Rennes,Ligue 1,2022/2023,missing_heatmap_session
708435,Gaëtan Perrin,Auxerre,Ligue 1,2022/2023,missing_heatmap_session
562695,Grejohn Kyei,Clermont Foot,Ligue 1,2022/2023,missing_heatmap_session
601145,Habibou Mouhamadou Diallo,Strasbourg,Ligue 1,2022/2023,sportsapi_id_unresolved
1197030,Hugo Ekitiké,Paris Saint-Germain,Ligue 1,2022/2023,missing_heatmap_session
928119,Ibrahima Koné,Lorient,Ligue 1,2022/2023,missing_heatmap_session
863708,Ignatius Ganago,Lens,Ligue 1,2022/2023,missing_heatmap_session
759823,Iké Ugbo,Troyes,Ligue 1,2022/2023,missing_heatmap_session
1032039,Jackson Porozo,Troyes,Ligue 1,2022/2023,missing_heatmap_session
769166,Jean-Ricner Bellegarde,Strasbourg,Ligue 1,2022/2023,missing_heatmap_session
1011026,Jim Allevinah,Clermont Foot,Ligue 1,2022/2023,missing_heatmap_session
466478,Jonathan Bamba,Lille,Ligue 1,2022/2023,missing_heatmap_session
715301,Jonathan Clauss,Marseille,Ligue 1,2022/2023,missing_heatmap_session
939569,Jonathan David,Lille,Ligue 1,2022/2023,missing_heatmap_session
261313,Jordan Veretout,Marseille,Ligue 1,2022/2023,missing_heatmap_session
493731,Jubal,Auxerre,Ligue 1,2022/2023,missing_heatmap_session
604044,Junya Ito,Reims,Ligue 1,2022/2023,missing_heatmap_session
942368,Jérémy Doku,Rennes,Ligue 1,2022/2023,missing_heatmap_session
917808,Jérémy Le Douaron,Brest,Ligue 1,2022/2023,missing_heatmap_session
1310270,Kamory Doumbia,Reims,Ligue 1,2022/2023,missing_heatmap_session
426906,Karl Toko Ekambi,Lyon,Ligue 1,2022/2023,missing_heatmap_session
754126,Kevin Danso,Lens,Ligue 1,2022/2023,missing_heatmap_session
980793,Khéphren Thuram-Ulien,Nice,Ligue 1,2022/2023,missing_heatmap_session
435719,Komnen Andric,Clermont Foot,Ligue 1,2022/2023,missing_heatmap_session
837061,Krépin Diatta,Monaco,Ligue 1,2022/2023,missing_heatmap_session
701154,Kylian Mbappé,Paris Saint-Germain,Ligue 1,2022/2023,missing_heatmap_session
26392,Kévin Gameiro,Strasbourg,Ligue 1,2022/2023,missing_heatmap_session
923196,Lassine Sinayoko,Auxerre,Ligue 1,2022/2023,missing_heatmap_session
30981,Lionel Messi,Paris Saint-Germain,Ligue 1,2022/2023,missing_heatmap_session
762721,Lovro Majer,Rennes,Ligue 1,2022/2023,missing_heatmap_session
747767,Loïs Openda,Lens,Ligue 1,2022/2023,missing_heatmap_session
693171,Ludovic Blas,Nantes,Ligue 1,2022/2023,missing_heatmap_session
46241,M'Baye Niang,Auxerre,Ligue 1,2022/2023,missing_heatmap_session
770321,Mahdi Camara,Brest,Ligue 1,2022/2023,missing_heatmap_session
541933,Mama Baldé,Troyes,Ligue 1,2022/2023,missing_heatmap_session
786580,Marshall Munetsi,Reims,Ligue 1,2022/2023,missing_heatmap_session
240236,Massadio Haïdara,Lens,Ligue 1,2022/2023,missing_heatmap_session
555646,Mateusz Wieteska,Clermont Foot,Ligue 1,2022/2023,missing_heatmap_session
192316,Mathias Autret,Auxerre,Ligue 1,2022/2023,missing_heatmap_session
1250492,Matthis Abline,Rennes,Ligue 1,2022/2023,missing_heatmap_session
800609,Mattéo Guendouzi,Marseille,Ligue 1,2022/2023,missing_heatmap_session
846000,Maxence Caqueret,Lyon,Ligue 1,2022/2023,missing_heatmap_session
709734,Mitchell van Bergen,Reims,Ligue 1,2022/2023,missing_heatmap_session
891373,Mohamed Bayo,Lille,Ligue 1,2022/2023,missing_heatmap_session
467486,Moses Simon,Nantes,Ligue 1,2022/2023,missing_heatmap_session
817500,Mostafa Mohamed,Nantes,Ligue 1,2022/2023,missing_heatmap_session
971794,Mounaïm El Idrissy,AC Ajaccio,Ligue 1,2022/2023,missing_heatmap_session
509148,Moussa Dembélé,Lyon,Ligue 1,2022/2023,missing_heatmap_session
94550,Moussa Sissoko,Nantes,Ligue 1,2022/2023,missing_heatmap_session
1092903,Muhammed Cham,Clermont Foot,Ligue 1,2022/2023,heatmap_request_failed
500520,Nabil Bentaleb,Angers,Ligue 1,2022/2023,missing_heatmap_session
917628,Neto Borges,Clermont Foot,Ligue 1,2022/2023,missing_heatmap_session
19533,Neymar,Paris Saint-Germain,Ligue 1,2022/2023,missing_heatmap_session
575735,Nicolas Pépé,Nice,Ligue 1,2022/2023,missing_heatmap_session
195750,Nicolás Tagliafico,Lyon,Ligue 1,2022/2023,missing_heatmap_session
957118,Nuno Tavares,Marseille,Ligue 1,2022/2023,missing_heatmap_session
671326,Nuno da Costa,Auxerre,Ligue 1,2022/2023,missing_heatmap_session
660462,Pierre Lees-Melou,Brest,Ligue 1,2022/2023,missing_heatmap_session
402419,Przemyslaw Frankowski,Lens,Ligue 1,2022/2023,missing_heatmap_session
490656,Rafael Ratão,Toulouse,Ligue 1,2022/2023,missing_heatmap_session
1104053,Rayan Cherki,Lyon,Ligue 1,2022/2023,missing_heatmap_session
591529,Rayan Raveloson,Auxerre,Ligue 1,2022/2023,missing_heatmap_session
348420,Renaud Ripart,Troyes,Ligue 1,2022/2023,missing_heatmap_session
696263,Romain Del Castillo,Brest,Ligue 1,2022/2023,missing_heatmap_session
904021,Romain Faivre,Lyon,Ligue 1,2022/2023,missing_heatmap_session
179845,Romain Hamouma,AC Ajaccio,Ligue 1,2022/2023,missing_heatmap_session
435669,Rony Lopes,Troyes,Ligue 1,2022/2023,missing_heatmap_session
215384,Ross Barkley,Nice,Ligue 1,2022/2023,missing_heatmap_session
459658,Ruslan Malinovsky,Marseille,Ligue 1,2022/2023,missing_heatmap_session
179823,Ryad Nouri,AC Ajaccio,Ligue 1,2022/2023,sportsapi_id_unresolved
199834,Rémy Cabella,Lille,Ligue 1,2022/2023,missing_heatmap_session
478112,Samuel Gigot,Marseille,Ligue 1,2022/2023,missing_heatmap_session
481044,Saîf-Eddine Khaoui,Clermont Foot,Ligue 1,2022/2023,missing_heatmap_session
304345,Sead Kolasinac,Marseille,Ligue 1,2022/2023,missing_heatmap_session
602211,Seko Fofana,Lens,Ligue 1,2022/2023,missing_heatmap_session
953812,Sofiane Diop,Monaco,Ligue 1,2022/2023,missing_heatmap_session
759580,Stephy Mavididi,Montpellier,Ligue 1,2022/2023,missing_heatmap_session
478527,Steve Mounié,Brest,Ligue 1,2022/2023,missing_heatmap_session
731036,Stéphane Diarra,Lorient,Ligue 1,2022/2023,missing_heatmap_session
885005,Terem Moffi,Lorient,Ligue 1,2022/2023,missing_heatmap_session
885085,Thijs Dallinga,Toulouse,Ligue 1,2022/2023,missing_heatmap_session
41098,Thomas Mangani,AC Ajaccio,Ligue 1,2022/2023,missing_heatmap_session
889536,Timothy Weah,Lille,Ligue 1,2022/2023,missing_heatmap_session
179515,Téji Savanier,Montpellier,Ligue 1,2022/2023,missing_heatmap_session
239259,Valère Germain,Montpellier,Ligue 1,2022/2023,missing_heatmap_session
1207992,Vanderson,Monaco,Ligue 1,2022/2023,missing_heatmap_session
640292,Vincent Marchetti,AC Ajaccio,Ligue 1,2022/2023,missing_heatmap_session
1061249,Vitinha,Paris Saint-Germain,Ligue 1,2022/2023,missing_heatmap_session
166019,Wahbi Khazri,Montpellier,Ligue 1,2022/2023,missing_heatmap_session
445856,Wesley Saïd,Lens,Ligue 1,2022/2023,missing_heatmap_session
1341387,Wilson Odobert,Troyes,Ligue 1,2022/2023,missing_heatmap_session
210184,Wissam Ben Yedder,Monaco,Ligue 1,2022/2023,missing_heatmap_session
535523,Youcef Belaïli,Brest,Ligue 1,2022/2023,missing_heatmap_session
954621,Youssouf Fofana,Monaco,Ligue 1,2022/2023,missing_heatmap_session
289001,Yunis Abdelhamid,Reims,Ligue 1,2022/2023,missing_heatmap_session
846761,Zakaria Aboukhlal,Toulouse,Ligue 1,2022/2023,missing_heatmap_session
352887,Abdoulaye Doucouré,Everton,Premier League,2022/2023,missing_heatmap_session
519835,Adam Armstrong,Southampton,Premier League,2022/2023,missing_heatmap_session
1203665,Alejandro Garnacho,Manchester United,Premier League,2022/2023,missing_heatmap_session
351860,Aleksandar Mitrovic,Fulham,Premier League,2022/2023,missing_heatmap_session
604785,Alex Iwobi,Everton,Premier League,2022/2023,missing_heatmap_session
690107,Alexander Isak,Newcastle United,Premier League,2022/2023,missing_heatmap_session
831489,Alexis Mac Allister,Brighton & Hove Albion,Premier League,2022/2023,missing_heatmap_session
1185748,Amadou Onana,Everton,Premier League,2022/2023,missing_heatmap_session
575779,Andreas Pereira,Fulham,Premier League,2022/2023,missing_heatmap_session
906937,Anthony Gordon,Everton,Premier League,2022/2023,missing_heatmap_session
413557,Anthony Martial,Manchester United,Premier League,2022/2023,missing_heatmap_session
967622,Antony,Manchester United,Premier League,2022/2023,missing_heatmap_session
240538,Ben Mee,Brentford,Premier League,2022/2023,missing_heatmap_session
488139,Bernardo Silva,Manchester City,Premier League,2022/2023,missing_heatmap_session
262550,Bobby Reid,Fulham,Premier League,2022/2023,sportsapi_id_unresolved
952322,Brenden Aaronson,Leeds United,Premier League,2022/2023,missing_heatmap_session
1076756,Brennan Johnson,Nottingham Forest,Premier League,2022/2023,missing_heatmap_session
422685,Bruno Fernandes,Manchester United,Premier League,2022/2023,missing_heatmap_session
850354,Bruno Guimarães,Newcastle United,Premier League,2022/2023,missing_heatmap_session
923312,Bryan Mbeumo,Brentford,Premier League,2022/2023,missing_heatmap_session
961995,Bukayo Saka,Arsenal,Premier League,2022/2023,missing_heatmap_session
184321,Callum Wilson,Newcastle United,Premier League,2022/2023,missing_heatmap_session
866201,Carlos Vinícius,Fulham,Premier League,2022/2023,missing_heatmap_session
208494,Casemiro,Manchester United,Premier League,2022/2023,missing_heatmap_session
169719,Chris Wood,Newcastle United,Premier League,2022/2023,missing_heatmap_session
157723,Christian Eriksen,Manchester United,Premier League,2022/2023,missing_heatmap_session
599353,Ché Adams,Southampton,Premier League,2022/2023,missing_heatmap_session
806552,Cody Gakpo,Liverpool,Premier League,2022/2023,missing_heatmap_session
966027,Conor Gallagher,Chelsea,Premier League,2022/2023,missing_heatmap_session
941213,Crysencio Summerville,Leeds United,Premier League,2022/2023,missing_heatmap_session
1250253,Dango Ouattara,AFC Bournemouth,Premier League,2022/2023,missing_heatmap_session
188058,Daniel Burn,Newcastle United,Premier League,2022/2023,sportsapi_id_unresolved
524435,Daniel Podence,Wolverhampton Wanderers,Premier League,2022/2023,missing_heatmap_session
214426,Danny Ings,Aston Villa,Premier League,2022/2023,missing_heatmap_session
113836,Danny Welbeck,Brighton & Hove Albion,Premier League,2022/2023,missing_heatmap_session
950561,Darwin Núñez,Liverpool,Premier League,2022/2023,missing_heatmap_session
654096,Declan Rice,West Ham United,Premier League,2022/2023,missing_heatmap_session
935379,Dejan Kulusevski,Tottenham Hotspur,Premier League,2022/2023,missing_heatmap_session
492586,Demarai Gray,Everton,Premier League,2022/2023,missing_heatmap_session
661519,Deniz Undav,Brighton & Hove Albion,Premier League,2022/2023,missing_heatmap_session
19243,Diego Costa,Wolverhampton Wanderers,Premier League,2022/2023,missing_heatmap_session
751550,Diogo Dalot,Manchester United,Premier League,2022/2023,missing_heatmap_session
570461,Diogo Jota,Liverpool,Premier League,2022/2023,missing_heatmap_session
591734,Dominic Solanke,AFC Bournemouth,Premier League,2022/2023,missing_heatmap_session
787350,Douglas Luiz,Aston Villa,Premier League,2022/2023,missing_heatmap_session
939542,Dwight McNeil,Everton,Premier League,2022/2023,missing_heatmap_session
818975,Eberechi Eze,Crystal Palace,Premier League,2022/2023,missing_heatmap_session
860920,Edward Nketiah,Arsenal,Premier League,2022/2023,missing_heatmap_session
610184,Emiliano Buendía,Aston Villa,Premier League,2022/2023,missing_heatmap_session
737066,Erling Haaland,Manchester City,Premier League,2022/2023,missing_heatmap_session
711357,Ethan Pinnock,Brentford,Premier League,2022/2023,missing_heatmap_session
1068482,Evan Ferguson,Brighton & Hove Albion,Premier League,2022/2023,missing_heatmap_session
189982,Fabian Schär,Newcastle United,Premier League,2022/2023,missing_heatmap_session
322049,Fred,Manchester United,Premier League,2022/2023,missing_heatmap_session
795179,Gabriel,Arsenal,Premier League,2022/2023,sportsapi_id_unresolved
576165,Gabriel Jesus,Arsenal,Premier League,2022/2023,missing_heatmap_session
1021586,Gabriel Martinelli,Arsenal,Premier League,2022/2023,missing_heatmap_session
207236,Granit Xhaka,Arsenal,Premier League,2022/2023,missing_heatmap_session
194165,Harry Kane,Tottenham Hotspur,Premier League,2022/2023,missing_heatmap_session
494417,Harry Wilson,Fulham,Premier League,2022/2023,missing_heatmap_session
760359,Harvey Barnes,Leicester City,Premier League,2022/2023,missing_heatmap_session
963964,Harvey Elliott,Liverpool,Premier League,2022/2023,missing_heatmap_session
620026,Hee-Chan Hwang,Wolverhampton Wanderers,Premier League,2022/2023,missing_heatmap_session
212867,Heung-Min Son,Tottenham Hotspur,Premier League,2022/2023,missing_heatmap_session
178818,Ilkay Gündogan,Manchester City,Premier League,2022/2023,missing_heatmap_session
163670,Ivan Perisic,Tottenham Hotspur,Premier League,2022/2023,missing_heatmap_session
408987,Ivan Toney,Brentford,Premier League,2022/2023,missing_heatmap_session
312765,Jack Grealish,Manchester City,Premier League,2022/2023,missing_heatmap_session
751649,Jack Harrison,Leeds United,Premier League,2022/2023,missing_heatmap_session
521148,Jacob Murphy,Newcastle United,Premier League,2022/2023,missing_heatmap_session
1021929,Jacob Ramsey,Aston Villa,Premier League,2022/2023,missing_heatmap_session
846381,Jadon Sancho,Manchester United,Premier League,2022/2023,missing_heatmap_session
1171140,Jaidon Anthony,AFC Bournemouth,Premier League,2022/2023,missing_heatmap_session
493165,James Maddison,Leicester City,Premier League,2022/2023,missing_heatmap_session
243138,James Tarkowski,Everton,Premier League,2022/2023,missing_heatmap_session
279490,James Ward-Prowse,Southampton,Premier League,2022/2023,missing_heatmap_session
286119,Jamie Vardy,Leicester City,Premier League,2022/2023,missing_heatmap_session
523825,Jarrod Bowen,West Ham United,Premier League,2022/2023,missing_heatmap_session
706297,Jean-Philippe Mateta,Crystal Palace,Premier League,2022/2023,missing_heatmap_session
466672,Jefferson Lerma,AFC Bournemouth,Premier League,2022/2023,missing_heatmap_session
214570,Jeffrey Schlupp,Crystal Palace,Premier League,2022/2023,missing_heatmap_session
535936,Joelinton,Newcastle United,Premier League,2022/2023,missing_heatmap_session
356406,John McGinn,Aston Villa,Premier League,2022/2023,missing_heatmap_session
154280,Jordan Ayew,Crystal Palace,Premier League,2022/2023,missing_heatmap_session
860975,Joseph Willock,Newcastle United,Premier League,2022/2023,missing_heatmap_session
524434,João Palhinha,Fulham,Premier League,2022/2023,missing_heatmap_session
1073742,Julio Enciso,Brighton & Hove Albion,Premier League,2022/2023,missing_heatmap_session
974753,Julián Álvarez,Manchester City,Premier League,2022/2023,missing_heatmap_session
749736,Kai Havertz,Chelsea,Premier League,2022/2023,missing_heatmap_session
862608,Kaoru Mitoma,Brighton & Hove Albion,Premier League,2022/2023,missing_heatmap_session
643709,Kelechi Iheanacho,Leicester City,Premier League,2022/2023,missing_heatmap_session
169200,Kevin De Bruyne,Manchester City,Premier League,2022/2023,missing_heatmap_session
469202,Kieffer Moore,AFC Bournemouth,Premier League,2022/2023,missing_heatmap_session
886016,Kiernan Dewsbury-Hall,Leicester City,Premier League,2022/2023,missing_heatmap_session
281207,Kurt Zouma,West Ham United,Premier League,2022/2023,missing_heatmap_session
318615,Leandro Trossard,Brighton & Hove Albion,Premier League,2022/2023,missing_heatmap_session
671331,Leon Bailey,Aston Villa,Premier League,2022/2023,missing_heatmap_session
766435,Lucas Paquetá,West Ham United,Premier League,2022/2023,missing_heatmap_session
846369,Luis Sinisterra,Leeds United,Premier League,2022/2023,missing_heatmap_session
190666,Luke Ayling,Leeds United,Premier League,2022/2023,missing_heatmap_session
640220,Marc Roca,Leeds United,Premier League,2022/2023,missing_heatmap_session
696365,Marcus Rashford,Manchester United,Premier League,2022/2023,missing_heatmap_session
789630,Marcus Tavernier,AFC Bournemouth,Premier League,2022/2023,missing_heatmap_session
534670,Martin Ødegaard,Arsenal,Premier League,2022/2023,missing_heatmap_session
750032,Mason Mount,Chelsea,Premier League,2022/2023,missing_heatmap_session
955529,Matheus Nunes,Wolverhampton Wanderers,Premier League,2022/2023,missing_heatmap_session
650616,Mathias Jensen,Brentford,Premier League,2022/2023,missing_heatmap_session
1029063,Michael Olise,Crystal Palace,Premier League,2022/2023,missing_heatmap_session
158545,Michail Antonio,West Ham United,Premier League,2022/2023,missing_heatmap_session
442277,Miguel Almirón,Newcastle United,Premier League,2022/2023,missing_heatmap_session
888912,Mikkel Damsgaard,Brentford,Premier League,2022/2023,missing_heatmap_session
261936,Mohamed Elyounoussi,Southampton,Premier League,2022/2023,missing_heatmap_session
292462,Mohamed Salah,Liverpool,Premier League,2022/2023,missing_heatmap_session
789502,Morgan Gibbs-White,Wolverhampton Wanderers,Premier League,2022/2023,missing_heatmap_session
391064,Neal Maupay,Everton,Premier League,2022/2023,missing_heatmap_session
637746,Odsonne Édouard,Crystal Palace,Premier League,2022/2023,missing_heatmap_session
540088,Ollie Watkins,Aston Villa,Premier League,2022/2023,missing_heatmap_session
683450,Pablo Fornals,West Ham United,Premier League,2022/2023,missing_heatmap_session
167008,Pascal Groß,Brighton & Hove Albion,Premier League,2022/2023,missing_heatmap_session
302241,Patrick Bamford,Leeds United,Premier League,2022/2023,missing_heatmap_session
644459,Patson Daka,Leicester City,Premier League,2022/2023,missing_heatmap_session
815006,Phil Foden,Manchester City,Premier League,2022/2023,missing_heatmap_session
532743,Philip Billing,AFC Bournemouth,Premier League,2022/2023,missing_heatmap_session
266523,Pierre-Emile Højbjerg,Tottenham Hotspur,Premier League,2022/2023,missing_heatmap_session
246575,Raheem Sterling,Chelsea,Premier League,2022/2023,missing_heatmap_session
654908,Richarlison,Tottenham Hotspur,Premier League,2022/2023,missing_heatmap_session
278343,Riyad Mahrez,Manchester City,Premier League,2022/2023,missing_heatmap_session
242709,Roberto Firmino,Liverpool,Premier League,2022/2023,missing_heatmap_session
675088,Rodri,Manchester City,Premier League,2022/2023,missing_heatmap_session
193869,Rodrigo,Leeds United,Premier League,2022/2023,missing_heatmap_session
439369,Ryan Christie,AFC Bournemouth,Premier League,2022/2023,missing_heatmap_session
775614,Ryan Yates,Nottingham Forest,Premier League,2022/2023,missing_heatmap_session
534684,Rúben Neves,Wolverhampton Wanderers,Premier League,2022/2023,missing_heatmap_session
491883,Saïd Benrahma,West Ham United,Premier League,2022/2023,missing_heatmap_session
820024,Sean Longstaff,Newcastle United,Premier League,2022/2023,missing_heatmap_session
416850,Solly March,Brighton & Hove Albion,Premier League,2022/2023,missing_heatmap_session
237563,Stuart Armstrong,Southampton,Premier League,2022/2023,missing_heatmap_session
956682,Sven Botman,Newcastle United,Premier League,2022/2023,missing_heatmap_session
643717,Taiwo Awoniyi,Nottingham Forest,Premier League,2022/2023,missing_heatmap_session
31013,Theo Walcott,Southampton,Premier League,2022/2023,missing_heatmap_session
434325,Thomas Partey,Arsenal,Premier League,2022/2023,missing_heatmap_session
465750,Timothy Castagne,Leicester City,Premier League,2022/2023,missing_heatmap_session
524437,Tomás Soucek,West Ham United,Premier League,2022/2023,missing_heatmap_session
760712,Trent Alexander-Arnold,Liverpool,Premier League,2022/2023,missing_heatmap_session
209405,Virgil van Dijk,Liverpool,Premier League,2022/2023,missing_heatmap_session
688273,Vitaly Janelt,Brentford,Premier League,2022/2023,missing_heatmap_session
198510,Wilfried Zaha,Crystal Palace,Premier League,2022/2023,missing_heatmap_session
94086,Willian,Fulham,Premier League,2022/2023,missing_heatmap_session
666857,Yoane Wissa,Brentford,Premier League,2022/2023,missing_heatmap_session
465960,Youri Tielemans,Leicester City,Premier League,2022/2023,missing_heatmap_session
841352,Abdul-Aziz Yakubu,Rio Ave,Primeira Liga,2022/2023,heatmap_request_failed
748380,Abel Ruiz,Braga,Primeira Liga,2022/2023,missing_heatmap_session
1102246,Adrián Butzke,Pacos de Ferreira,Primeira Liga,2022/2023,missing_heatmap_session
263707,Alan Ruiz,Arouca,Primeira Liga,2022/2023,missing_heatmap_session
288406,Alejandro Grimaldo,Benfica,Primeira Liga,2022/2023,missing_heatmap_session
790727,Alex Dobre,Famalicao,Primeira Liga,2022/2023,missing_heatmap_session
793924,Alisson Safira,Vitoria de Guimaraes,Primeira Liga,2022/2023,missing_heatmap_session
646517,Allano,Santa Clara,Primeira Liga,2022/2023,missing_heatmap_session
1130889,Anderson,Vizela,Primeira Liga,2022/2023,missing_heatmap_session
876734,Anderson Silva,Vitoria de Guimaraes,Primeira Liga,2022/2023,missing_heatmap_session
816235,Andre Pereira,Rio Ave,Primeira Liga,2022/2023,missing_heatmap_session
919919,André,Vitoria de Guimaraes,Primeira Liga,2022/2023,heatmap_request_failed
1218555,André Amaro,Vitoria de Guimaraes,Primeira Liga,2022/2023,missing_heatmap_session
1080684,André Franco,FC Porto,Primeira Liga,2022/2023,missing_heatmap_session
819916,André Vidigal,Maritimo,Primeira Liga,2022/2023,missing_heatmap_session
1248736,Antony,Arouca,Primeira Liga,2022/2023,heatmap_request_failed
1292092,António Silva,Benfica,Primeira Liga,2022/2023,missing_heatmap_session
689051,Arthur,Estoril,Primeira Liga,2022/2023,sportsapi_id_unresolved
1052464,Bruno Lourenço,Boavista,Primeira Liga,2022/2023,missing_heatmap_session
562961,Bryan Róchez,Portimonense,Primeira Liga,2022/2023,missing_heatmap_session
816001,Carvalho,Gil Vicente,Primeira Liga,2022/2023,sportsapi_id_unresolved
522640,Chico Geraldes,Estoril,Primeira Liga,2022/2023,missing_heatmap_session
1290479,Clayton,Casa Pia AC,Primeira Liga,2022/2023,missing_heatmap_session
267368,Cláudio Winck,Maritimo,Primeira Liga,2022/2023,missing_heatmap_session
1079456,Costinha,Rio Ave,Primeira Liga,2022/2023,missing_heatmap_session
793066,David Neres,Benfica,Primeira Liga,2022/2023,missing_heatmap_session
561219,Emmanuel Boateng,Rio Ave,Primeira Liga,2022/2023,missing_heatmap_session
1137705,Enzo Fernández,Benfica,Primeira Liga,2022/2023,missing_heatmap_session
477362,Euller,Chaves,Primeira Liga,2022/2023,missing_heatmap_session
1098096,Evanilson,FC Porto,Primeira Liga,2022/2023,missing_heatmap_session
1285815,Filipe Relvas,Portimonense,Primeira Liga,2022/2023,missing_heatmap_session
671855,Fran Navarro,Gil Vicente,Primeira Liga,2022/2023,missing_heatmap_session
310768,Fredrik Aursnes,Benfica,Primeira Liga,2022/2023,missing_heatmap_session
1288115,Fábio Ronaldo,Rio Ave,Primeira Liga,2022/2023,missing_heatmap_session
1173684,Gabriel Silva,Santa Clara,Primeira Liga,2022/2023,missing_heatmap_session
773062,Gaïus Makouta,Boavista,Primeira Liga,2022/2023,missing_heatmap_session
940087,Gonçalo Ramos,Benfica,Primeira Liga,2022/2023,missing_heatmap_session
767713,Guga,Rio Ave,Primeira Liga,2022/2023,missing_heatmap_session
281558,Hernâni,Rio Ave,Primeira Liga,2022/2023,missing_heatmap_session
915102,Hidemasa Morita,Sporting CP,Primeira Liga,2022/2023,missing_heatmap_session
575229,Héctor Hernández,Chaves,Primeira Liga,2022/2023,missing_heatmap_session
825965,Issah Abass,Chaves,Primeira Liga,2022/2023,missing_heatmap_session
361321,Iuri Medeiros,Braga,Primeira Liga,2022/2023,missing_heatmap_session
388532,Ivo Rodrigues,Famalicao,Primeira Liga,2022/2023,missing_heatmap_session
1009832,Iván Jaime,Famalicao,Primeira Liga,2022/2023,missing_heatmap_session
80497,Iván Marcano,FC Porto,Primeira Liga,2022/2023,missing_heatmap_session
523414,Jhonder Cádiz,Famalicao,Primeira Liga,2022/2023,missing_heatmap_session
300916,Joao Mário,Benfica,Primeira Liga,2022/2023,missing_heatmap_session
1114798,Jota Silva,Vitoria de Guimaraes,Primeira Liga,2022/2023,missing_heatmap_session
793033,João Basso,Arouca,Primeira Liga,2022/2023,missing_heatmap_session
935041,João Carlos,Estoril,Primeira Liga,2022/2023,missing_heatmap_session
874318,João Mendes,Chaves,Primeira Liga,2022/2023,missing_heatmap_session
488140,João Teixeira,Chaves,Primeira Liga,2022/2023,missing_heatmap_session
848051,Juan Manuel Boselli,Gil Vicente,Primeira Liga,2022/2023,sportsapi_id_unresolved
728409,Juninho,Chaves,Primeira Liga,2022/2023,missing_heatmap_session
643232,Kenji Gorré,Boavista,Primeira Liga,2022/2023,missing_heatmap_session
793670,Kennedy Boateng,Santa Clara,Primeira Liga,2022/2023,missing_heatmap_session
1150871,Kiko Bondoso,Vizela,Primeira Liga,2022/2023,missing_heatmap_session
802134,Kyosuke Tagawa,Santa Clara,Primeira Liga,2022/2023,missing_heatmap_session
865040,Kévin Zohi,Vizela,Primeira Liga,2022/2023,missing_heatmap_session
1281236,Leonardo Lelo,Casa Pia AC,Primeira Liga,2022/2023,missing_heatmap_session
643447,Leonardo Ruiz,Rio Ave,Primeira Liga,2022/2023,missing_heatmap_session
637744,Marcus Edwards,Sporting CP,Primeira Liga,2022/2023,missing_heatmap_session
320618,Mateus Uribe,FC Porto,Primeira Liga,2022/2023,sportsapi_id_unresolved
1023047,Matheus Babi,Santa Clara,Primeira Liga,2022/2023,missing_heatmap_session
619506,Mehdi Taremi,FC Porto,Primeira Liga,2022/2023,missing_heatmap_session
936603,Milutin Osmajic,Vizela,Primeira Liga,2022/2023,missing_heatmap_session
689050,Morlaye Sylla,Arouca,Primeira Liga,2022/2023,missing_heatmap_session
586719,Murilo,Gil Vicente,Primeira Liga,2022/2023,missing_heatmap_session
164031,Nicolás Gaitán,Pacos de Ferreira,Primeira Liga,2022/2023,missing_heatmap_session
174321,Nicolás Otamendi,Benfica,Primeira Liga,2022/2023,missing_heatmap_session
1012783,Nigel Thomas,Pacos de Ferreira,Primeira Liga,2022/2023,missing_heatmap_session
1188608,Nuno Moreira,Vizela,Primeira Liga,2022/2023,missing_heatmap_session
554283,Nuno Santos,Sporting CP,Primeira Liga,2022/2023,missing_heatmap_session
397019,Otávio,FC Porto,Primeira Liga,2022/2023,missing_heatmap_session
361377,Paulinho,Sporting CP,Primeira Liga,2022/2023,missing_heatmap_session
940134,Pedrão,Portimonense,Primeira Liga,2022/2023,missing_heatmap_session
850356,Pepê,FC Porto,Primeira Liga,2022/2023,missing_heatmap_session
709796,Petar Musa,Benfica,Primeira Liga,2022/2023,missing_heatmap_session
875133,Pote,Sporting CP,Primeira Liga,2022/2023,sportsapi_id_unresolved
741103,Rafa Mújica,Arouca,Primeira Liga,2022/2023,missing_heatmap_session
477023,Rafa Silva,Benfica,Primeira Liga,2022/2023,missing_heatmap_session
211118,Rafael Martins,Casa Pia AC,Primeira Liga,2022/2023,missing_heatmap_session
500934,Raphael Guzzo,Vizela,Primeira Liga,2022/2023,missing_heatmap_session
300918,Ricardo Esgaio,Sporting CP,Primeira Liga,2022/2023,missing_heatmap_session
432591,Ricardo Horta,Braga,Primeira Liga,2022/2023,missing_heatmap_session
824655,Ricardo Mangas,Boavista,Primeira Liga,2022/2023,missing_heatmap_session
1174629,Rildo,Santa Clara,Primeira Liga,2022/2023,missing_heatmap_session
955822,Rodrigo Martins,Estoril,Primeira Liga,2022/2023,missing_heatmap_session
627599,Ruben Lameiras,Vitoria de Guimaraes,Primeira Liga,2022/2023,missing_heatmap_session
922622,Róbert Bozeník,Boavista,Primeira Liga,2022/2023,missing_heatmap_session
667952,Samu,Vizela,Primeira Liga,2022/2023,missing_heatmap_session
686460,Santiago Colombatto,Famalicao,Primeira Liga,2022/2023,missing_heatmap_session
643712,Saviour Godwin,Casa Pia AC,Primeira Liga,2022/2023,missing_heatmap_session
165526,Sebastián Coates,Sporting CP,Primeira Liga,2022/2023,missing_heatmap_session
696932,Simon Banza,Braga,Primeira Liga,2022/2023,missing_heatmap_session
816223,Stephen Eustaquio,FC Porto,Primeira Liga,2022/2023,missing_heatmap_session
163994,Steven Vitória,Chaves,Primeira Liga,2022/2023,missing_heatmap_session
1072317,Tiago Gouveia,Estoril,Primeira Liga,2022/2023,missing_heatmap_session
422812,Tiago Silva,Vitoria de Guimaraes,Primeira Liga,2022/2023,missing_heatmap_session
640123,Toni Martínez,FC Porto,Primeira Liga,2022/2023,missing_heatmap_session
732282,Trincão,Sporting CP,Primeira Liga,2022/2023,missing_heatmap_session
764624,Uros Racic,Braga,Primeira Liga,2022/2023,missing_heatmap_session
1215057,Vítinha,Braga,Primeira Liga,2022/2023,missing_heatmap_session
449834,Welinton Júnior,Portimonense,Primeira Liga,2022/2023,missing_heatmap_session
776972,Wenderson Galeno,FC Porto,Primeira Liga,2022/2023,missing_heatmap_session
737814,Xadas,Maritimo,Primeira Liga,2022/2023,sportsapi_id_unresolved
1354250,Yago Cariello,Portimonense,Primeira Liga,2022/2023,missing_heatmap_session
955320,Yuki Soma,Casa Pia AC,Primeira Liga,2022/2023,missing_heatmap_session
618933,Yusupha Njie,Boavista,Primeira Liga,2022/2023,missing_heatmap_session
690516,Ademola Lookman,Atalanta,Serie A,2022/2023,missing_heatmap_session
352879,Adrien Rabiot,Juventus,Serie A,2022/2023,missing_heatmap_session
71768,Albin Ekdal,Spezia,Serie A,2022/2023,missing_heatmap_session
442581,Aleksey Miranchuk,Torino,Serie A,2022/2023,missing_heatmap_session
823018,Alessandro Buongiorno,Torino,Serie A,2022/2023,missing_heatmap_session
916710,Alessandro Zanoli,Napoli,Serie A,2022/2023,missing_heatmap_session
605848,Alexis Blin,Lecce,Serie A,2022/2023,missing_heatmap_session
921341,Alexis Saelemaekers,Milan,Serie A,2022/2023,missing_heatmap_session
309726,Andrea Belotti,Roma,Serie A,2022/2023,missing_heatmap_session
937462,Andrea Colpani,Monza,Serie A,2022/2023,missing_heatmap_session
413160,Andrea Petagna,Monza,Serie A,2022/2023,missing_heatmap_session
750030,Andrea Pinamonti,Sassuolo,Serie A,2022/2023,missing_heatmap_session
265725,Ante Rebic,Milan,Serie A,2022/2023,missing_heatmap_session
11685,Antonio Candreva,Salernitana,Serie A,2022/2023,missing_heatmap_session
474448,Antonio Sanabria,Torino,Serie A,2022/2023,missing_heatmap_session
451966,Antonín Barák,Fiorentina,Serie A,2022/2023,missing_heatmap_session
277460,Arkadiusz Milik,Juventus,Serie A,2022/2023,missing_heatmap_session
935769,Armand Laurienté,Sassuolo,Serie A,2022/2023,missing_heatmap_session
301023,Armando Izzo,Monza,Serie A,2022/2023,missing_heatmap_session
670948,Arthur Cabral,Fiorentina,Serie A,2022/2023,missing_heatmap_session
507007,Assan Ceesay,Lecce,Serie A,2022/2023,missing_heatmap_session
1079485,Beto,Udinese,Serie A,2022/2023,missing_heatmap_session
972120,Boulaye Dia,Salernitana,Serie A,2022/2023,missing_heatmap_session
750027,Brahim Díaz,Milan,Serie A,2022/2023,missing_heatmap_session
299799,Bryan Cristante,Roma,Serie A,2022/2023,missing_heatmap_session
940829,Carlos Augusto,Monza,Serie A,2022/2023,missing_heatmap_session
1095432,Charles De Ketelaere,Milan,Serie A,2022/2023,missing_heatmap_session
165823,Chris Smalling,Roma,Serie A,2022/2023,missing_heatmap_session
121086,Christian Gytkjær,Monza,Serie A,2022/2023,missing_heatmap_session
776940,Christian Kouamé,Fiorentina,Serie A,2022/2023,missing_heatmap_session
161660,Ciro Immobile,Lazio,Serie A,2022/2023,missing_heatmap_session
415386,Cristian Buonaiuto,Cremonese,Serie A,2022/2023,missing_heatmap_session
526230,Cyriel Dessers,Cremonese,Serie A,2022/2023,missing_heatmap_session
585237,Daniele Verde,Spezia,Serie A,2022/2023,missing_heatmap_session
208077,Danilo,Juventus,Serie A,2022/2023,missing_heatmap_session
737339,Dany Mota,Monza,Serie A,2022/2023,missing_heatmap_session
119014,Darko Lazovic,Hellas Verona,Serie A,2022/2023,missing_heatmap_session
740161,David Okereke,Cremonese,Serie A,2022/2023,missing_heatmap_session
815431,Davide Frattesi,Sassuolo,Serie A,2022/2023,missing_heatmap_session
593118,Denzel Dumfries,Inter,Serie A,2022/2023,missing_heatmap_session
1052898,Destiny Udogie,Udinese,Serie A,2022/2023,missing_heatmap_session
426202,Divock Origi,Milan,Serie A,2022/2023,missing_heatmap_session
364520,Domenico Berardi,Sassuolo,Serie A,2022/2023,missing_heatmap_session
737857,Dusan Vlahovic,Juventus,Serie A,2022/2023,missing_heatmap_session
116555,Duván Zapata,Atalanta,Serie A,2022/2023,missing_heatmap_session
15403,Edin Dzeko,Inter,Serie A,2022/2023,missing_heatmap_session
619513,Eldor Shomurodov,Roma,Serie A,2022/2023,missing_heatmap_session
741049,Eljif Elmas,Napoli,Serie A,2022/2023,missing_heatmap_session
867789,Emanuele Valeri,Cremonese,Serie A,2022/2023,missing_heatmap_session
526450,Emmanuel Quartsin Gyasi,Spezia,Serie A,2022/2023,sportsapi_id_unresolved
1280080,Fabio Miretti,Juventus,Serie A,2022/2023,missing_heatmap_session
39540,Fabio Quagliarella,Sampdoria,Serie A,2022/2023,missing_heatmap_session
543306,Federico Bonazzoli,Salernitana,Serie A,2022/2023,missing_heatmap_session
438507,Federico Di Francesco,Lecce,Serie A,2022/2023,missing_heatmap_session
605224,Federico Dimarco,Inter,Serie A,2022/2023,missing_heatmap_session
230190,Felipe Anderson,Lazio,Serie A,2022/2023,missing_heatmap_session
1307980,Felix Afena-Gyan,Cremonese,Serie A,2022/2023,missing_heatmap_session
178538,Filip Djuricic,Sampdoria,Serie A,2022/2023,sportsapi_id_unresolved
281012,Filip Kostic,Juventus,Serie A,2022/2023,missing_heatmap_session
155254,Francesco Caputo,Sampdoria,Serie A,2022/2023,missing_heatmap_session
612863,Frank Anguissa,Napoli,Serie A,2022/2023,missing_heatmap_session
923572,Frank Tsadjout,Cremonese,Serie A,2022/2023,missing_heatmap_session
836436,Gabriel Strefezza,Lecce,Serie A,2022/2023,missing_heatmap_session
127460,Giacomo Bonaventura,Fiorentina,Serie A,2022/2023,missing_heatmap_session
951743,Giacomo Raspadori,Napoli,Serie A,2022/2023,missing_heatmap_session
252650,Gianluca Caprari,Monza,Serie A,2022/2023,missing_heatmap_session
588687,Gianluca Mancini,Roma,Serie A,2022/2023,missing_heatmap_session
1202358,Giorgio Scalvini,Atalanta,Serie A,2022/2023,missing_heatmap_session
414906,Giovanni Di Lorenzo,Napoli,Serie A,2022/2023,missing_heatmap_session
857269,Gleison Bremer,Juventus,Serie A,2022/2023,sportsapi_id_unresolved
265924,Grégoire Defrel,Sassuolo,Serie A,2022/2023,missing_heatmap_session
304733,Hakan Çalhanoglu,Inter,Serie A,2022/2023,missing_heatmap_session
73167,Henrikh Mkhitaryan,Inter,Serie A,2022/2023,missing_heatmap_session
521210,Hirving Lozano,Napoli,Serie A,2022/2023,missing_heatmap_session
862538,Ibañez,Roma,Serie A,2022/2023,sportsapi_id_unresolved
534484,Isaac Success,Udinese,Serie A,2022/2023,missing_heatmap_session
861805,Jaka Bijol,Udinese,Serie A,2022/2023,missing_heatmap_session
759097,Joakim Mæhle,Atalanta,Serie A,2022/2023,missing_heatmap_session
319631,Joaquín Correa,Inter,Serie A,2022/2023,missing_heatmap_session
637745,Jonathan Ikoné,Fiorentina,Serie A,2022/2023,missing_heatmap_session
950830,Joshua Zirkzee,Bologna,Serie A,2022/2023,missing_heatmap_session
1003368,Junior Messias,Milan,Serie A,2022/2023,missing_heatmap_session
683473,Kelvin Amian,Spezia,Serie A,2022/2023,missing_heatmap_session
299886,Kevin Lasagna,Hellas Verona,Serie A,2022/2023,missing_heatmap_session
900433,Khvicha Kvaratskhelia,Napoli,Serie A,2022/2023,missing_heatmap_session
586474,Kingsley Ehizibue,Udinese,Serie A,2022/2023,missing_heatmap_session
921921,Kristian Thorstvedt,Sassuolo,Serie A,2022/2023,missing_heatmap_session
543298,Krzysztof Piatek,Salernitana,Serie A,2022/2023,missing_heatmap_session
896377,Lameck Banda,Lecce,Serie A,2022/2023,missing_heatmap_session
690230,Lautaro Martínez,Inter,Serie A,2022/2023,missing_heatmap_session
1050178,Lazar Samardzic,Udinese,Serie A,2022/2023,missing_heatmap_session
888921,Lewis Ferguson,Bologna,Serie A,2022/2023,missing_heatmap_session
1050163,Lorenzo Colombo,Lecce,Serie A,2022/2023,missing_heatmap_session
540307,Lorenzo Pellegrini,Roma,Serie A,2022/2023,missing_heatmap_session
638771,Lucas Martínez Quarta,Fiorentina,Serie A,2022/2023,missing_heatmap_session
198566,Luis Alberto,Lazio,Serie A,2022/2023,missing_heatmap_session
196484,Luis Muriel,Atalanta,Serie A,2022/2023,missing_heatmap_session
463291,Luka Jovic,Fiorentina,Serie A,2022/2023,missing_heatmap_session
613334,M'Bala Nzola,Spezia,Serie A,2022/2023,missing_heatmap_session
172899,Manolo Gabbiadini,Sampdoria,Serie A,2022/2023,missing_heatmap_session
206508,Marcelo Brozovic,Inter,Serie A,2022/2023,missing_heatmap_session
109338,Marco Davide Faraoni,Hellas Verona,Serie A,2022/2023,sportsapi_id_unresolved
446266,Mario Pasalic,Atalanta,Serie A,2022/2023,missing_heatmap_session
110148,Marko Arnautovic,Bologna,Serie A,2022/2023,missing_heatmap_session
1197039,Martín Satriano,Empoli,Serie A,2022/2023,missing_heatmap_session
900043,Matheus Henrique,Sassuolo,Serie A,2022/2023,missing_heatmap_session
566654,Matteo Pessina,Monza,Serie A,2022/2023,missing_heatmap_session
415539,Matteo Politano,Napoli,Serie A,2022/2023,missing_heatmap_session
541555,Mattia Zaccagni,Lazio,Serie A,2022/2023,missing_heatmap_session
206322,Matías Vecino,Lazio,Serie A,2022/2023,missing_heatmap_session
187288,Mehdi Bourabia,Spezia,Serie A,2022/2023,missing_heatmap_session
847357,Mehdi Léris,Sampdoria,Serie A,2022/2023,missing_heatmap_session
747926,Moise Kean,Juventus,Serie A,2022/2023,missing_heatmap_session
910699,Musa Barrow,Bologna,Serie A,2022/2023,missing_heatmap_session
822794,Nedim Bajrami,Empoli,Serie A,2022/2023,missing_heatmap_session
719360,Nemanja Radonjic,Torino,Serie A,2022/2023,missing_heatmap_session
827315,Nicolás Dominguez,Bologna,Serie A,2022/2023,missing_heatmap_session
841672,Nicolás González,Fiorentina,Serie A,2022/2023,missing_heatmap_session
541820,Nicolò Barella,Inter,Serie A,2022/2023,missing_heatmap_session
1044029,Nicolò Cambiaghi,Empoli,Serie A,2022/2023,missing_heatmap_session
557677,Nikola Vlasic,Torino,Serie A,2022/2023,missing_heatmap_session
46469,Olivier Giroud,Milan,Serie A,2022/2023,missing_heatmap_session
480021,Patrick Ciurria,Monza,Serie A,2022/2023,missing_heatmap_session
325916,Paulo Dybala,Roma,Serie A,2022/2023,missing_heatmap_session
150250,Pedro,Lazio,Serie A,2022/2023,missing_heatmap_session
362212,Piotr Zielinski,Napoli,Serie A,2022/2023,missing_heatmap_session
848844,Rafael Leão,Milan,Serie A,2022/2023,missing_heatmap_session
127374,Rafael Tolói,Atalanta,Serie A,2022/2023,missing_heatmap_session
1199272,Rasmus Højlund,Atalanta,Serie A,2022/2023,missing_heatmap_session
661761,Riccardo Orsolini,Bologna,Serie A,2022/2023,missing_heatmap_session
212645,Riccardo Saponara,Fiorentina,Serie A,2022/2023,missing_heatmap_session
210278,Roberto Pereyra,Udinese,Serie A,2022/2023,missing_heatmap_session
518346,Robin Gosens,Inter,Serie A,2022/2023,missing_heatmap_session
181276,Romelu Lukaku,Inter,Serie A,2022/2023,missing_heatmap_session
780491,Rémi Oudin,Lecce,Serie A,2022/2023,missing_heatmap_session
665164,Sam Lammers,Empoli,Serie A,2022/2023,missing_heatmap_session
557346,Sandi Lovric,Udinese,Serie A,2022/2023,missing_heatmap_session
867414,Sandro Tonali,Milan,Serie A,2022/2023,missing_heatmap_session
463301,Sergej Milinkovic-Savic,Lazio,Serie A,2022/2023,missing_heatmap_session
187360,Simone Verdi,Hellas Verona,Serie A,2022/2023,missing_heatmap_session
557325,Stefan Posch,Bologna,Serie A,2022/2023,missing_heatmap_session
188555,Stefan de Vrij,Inter,Serie A,2022/2023,missing_heatmap_session
161328,Stephan El Shaarawy,Roma,Serie A,2022/2023,missing_heatmap_session
749661,Tammy Abraham,Roma,Serie A,2022/2023,missing_heatmap_session
866516,Teun Koopmeiners,Atalanta,Serie A,2022/2023,missing_heatmap_session
724371,Theo Hernández,Milan,Serie A,2022/2023,missing_heatmap_session
178781,Tolgay Arslan,Udinese,Serie A,2022/2023,missing_heatmap_session
1200591,Tommaso Baldanzi,Empoli,Serie A,2022/2023,missing_heatmap_session
304000,Tonny Vilhena,Salernitana,Serie A,2022/2023,missing_heatmap_session
561844,Tyronne Ebuehi,Empoli,Serie A,2022/2023,missing_heatmap_session
687681,Victor Osimhen,Napoli,Serie A,2022/2023,missing_heatmap_session
1027472,Wilfried Singo,Torino,Serie A,2022/2023,missing_heatmap_session
686102,Yann Karamoh,Torino,Serie A,2022/2023,missing_heatmap_session
46509,Ángel Di Maria,Juventus,Serie A,2022/2023,missing_heatmap_session
957203,Éderson,Atalanta,Serie A,2022/2023,missing_heatmap_session
288406,Alejandro Grimaldo,Benfica,UEFA Champions League,2022/2023,missing_heatmap_session
780815,Amine Harit,Marseille,UEFA Champions League,2022/2023,missing_heatmap_session
388523,André Silva,RB Leipzig,UEFA Champions League,2022/2023,missing_heatmap_session
184138,Antoine Griezmann,Atletico Madrid,UEFA Champions League,2022/2023,missing_heatmap_session
611223,Benjamin Pavard,Bayern München,UEFA Champions League,2022/2023,missing_heatmap_session
1073977,Benjamin Sesko,Salzburg,UEFA Champions League,2022/2023,missing_heatmap_session
488139,Bernardo Silva,Manchester City,UEFA Champions League,2022/2023,missing_heatmap_session
750027,Brahim Díaz,Milan,UEFA Champions League,2022/2023,missing_heatmap_session
704523,Christopher Nkunku,RB Leipzig,UEFA Champions League,2022/2023,missing_heatmap_session
882163,Chukwubuike Adamu,Salzburg,UEFA Champions League,2022/2023,sportsapi_id_unresolved
966027,Conor Gallagher,Chelsea,UEFA Champions League,2022/2023,missing_heatmap_session
621515,Daichi Kamada,Eintracht Frankfurt,UEFA Champions League,2022/2023,missing_heatmap_session
728765,Daizen Maeda,Celtic,UEFA Champions League,2022/2023,missing_heatmap_session
950561,Darwin Núñez,Liverpool,UEFA Champions League,2022/2023,missing_heatmap_session
793066,David Neres,Benfica,UEFA Champions League,2022/2023,missing_heatmap_session
803542,Dean David,Maccabi Haifa,UEFA Champions League,2022/2023,missing_heatmap_session
593118,Denzel Dumfries,Inter,UEFA Champions League,2022/2023,missing_heatmap_session
846005,Dominik Szoboszlai,RB Leipzig,UEFA Champions League,2022/2023,missing_heatmap_session
15403,Edin Dzeko,Inter,UEFA Champions League,2022/2023,missing_heatmap_session
95082,Eric Maxim Choupo-Moting,Bayern München,UEFA Champions League,2022/2023,missing_heatmap_session
737066,Erling Haaland,Manchester City,UEFA Champions League,2022/2023,missing_heatmap_session
605224,Federico Dimarco,Inter,UEFA Champions League,2022/2023,missing_heatmap_session
743533,Federico Valverde,Real Madrid,UEFA Champions League,2022/2023,missing_heatmap_session
1102732,Ferrán Jutglà,Club Brugge,UEFA Champions League,2022/2023,missing_heatmap_session
372978,Georgios Giakoumakis,Celtic,UEFA Champions League,2022/2023,missing_heatmap_session
414906,Giovanni Di Lorenzo,Napoli,UEFA Champions League,2022/2023,missing_heatmap_session
469615,Giovanni Simeone,Napoli,UEFA Champions League,2022/2023,missing_heatmap_session
940087,Gonçalo Ramos,Benfica,UEFA Champions League,2022/2023,missing_heatmap_session
203666,Hans Vanaken,Club Brugge,UEFA Champions League,2022/2023,missing_heatmap_session
194165,Harry Kane,Tottenham Hotspur,UEFA Champions League,2022/2023,missing_heatmap_session
963964,Harvey Elliott,Liverpool,UEFA Champions League,2022/2023,missing_heatmap_session
73167,Henrikh Mkhitaryan,Inter,UEFA Champions League,2022/2023,missing_heatmap_session
212867,Heung-Min Son,Tottenham Hotspur,UEFA Champions League,2022/2023,missing_heatmap_session
521210,Hirving Lozano,Napoli,UEFA Champions League,2022/2023,missing_heatmap_session
178818,Ilkay Gündogan,Manchester City,UEFA Champions League,2022/2023,missing_heatmap_session
312765,Jack Grealish,Manchester City,UEFA Champions League,2022/2023,missing_heatmap_session
1156141,Jamal Musiala,Bayern München,UEFA Champions League,2022/2023,missing_heatmap_session
212689,James Tavernier,Rangers,UEFA Champions League,2022/2023,missing_heatmap_session
794427,Joao Félix,Atletico Madrid,UEFA Champions League,2022/2023,missing_heatmap_session
300916,Joao Mário,Benfica,UEFA Champions League,2022/2023,missing_heatmap_session
460632,Joshua Kimmich,Bayern München,UEFA Champions League,2022/2023,missing_heatmap_session
1077894,Jude Bellingham,Borussia Dortmund,UEFA Champions League,2022/2023,missing_heatmap_session
749736,Kai Havertz,Chelsea,UEFA Champions League,2022/2023,missing_heatmap_session
923400,Kamal Sowah,Club Brugge,UEFA Champions League,2022/2023,missing_heatmap_session
959594,Karim Adeyemi,Borussia Dortmund,UEFA Champions League,2022/2023,missing_heatmap_session
26166,Karim Benzema,Real Madrid,UEFA Champions League,2022/2023,missing_heatmap_session
169200,Kevin De Bruyne,Manchester City,UEFA Champions League,2022/2023,missing_heatmap_session
701154,Kylian Mbappé,Paris Saint-Germain,UEFA Champions League,2022/2023,missing_heatmap_session
826089,Kyogo Furuhashi,Celtic,UEFA Champions League,2022/2023,missing_heatmap_session
690230,Lautaro Martínez,Inter,UEFA Champions League,2022/2023,missing_heatmap_session
343748,Leon Goretzka,Bayern München,UEFA Champions League,2022/2023,missing_heatmap_session
530859,Leroy Sané,Bayern München,UEFA Champions League,2022/2023,missing_heatmap_session
30981,Lionel Messi,Paris Saint-Germain,UEFA Champions League,2022/2023,missing_heatmap_session
31097,Luka Modric,Real Madrid,UEFA Champions League,2022/2023,missing_heatmap_session
320618,Mateus Uribe,FC Porto,UEFA Champions League,2022/2023,sportsapi_id_unresolved
415539,Matteo Politano,Napoli,UEFA Champions League,2022/2023,missing_heatmap_session
619506,Mehdi Taremi,FC Porto,UEFA Champions League,2022/2023,missing_heatmap_session
184595,Mislav Orsic,Dinamo Zagreb,UEFA Champions League,2022/2023,missing_heatmap_session
292462,Mohamed Salah,Liverpool,UEFA Champions League,2022/2023,missing_heatmap_session
891743,Mohammed Kudus,Ajax,UEFA Champions League,2022/2023,missing_heatmap_session
923498,Moussa Diaby,Bayer Leverkusen,UEFA Champions League,2022/2023,missing_heatmap_session
976506,Mykhaylo Mudryk,Shakhtar Donetsk,UEFA Champions League,2022/2023,sportsapi_id_unresolved
19533,Neymar,Paris Saint-Germain,UEFA Champions League,2022/2023,missing_heatmap_session
541820,Nicolò Barella,Inter,UEFA Champions League,2022/2023,missing_heatmap_session
915797,Noah Okafor,Salzburg,UEFA Champions League,2022/2023,missing_heatmap_session
692984,Ousmane Dembélé,Barcelona,UEFA Champions League,2022/2023,missing_heatmap_session
362212,Piotr Zielinski,Napoli,UEFA Champions League,2022/2023,missing_heatmap_session
477023,Rafa Silva,Benfica,UEFA Champions League,2022/2023,missing_heatmap_session
848844,Rafael Leão,Milan,UEFA Champions League,2022/2023,missing_heatmap_session
246575,Raheem Sterling,Chelsea,UEFA Champions League,2022/2023,missing_heatmap_session
823825,Randal Kolo Muani,Eintracht Frankfurt,UEFA Champions League,2022/2023,missing_heatmap_session
654908,Richarlison,Tottenham Hotspur,UEFA Champions League,2022/2023,missing_heatmap_session
278343,Riyad Mahrez,Manchester City,UEFA Champions League,2022/2023,missing_heatmap_session
895362,Rodrygo,Real Madrid,UEFA Champions League,2022/2023,missing_heatmap_session
614006,Rúben Dias,Manchester City,UEFA Champions League,2022/2023,missing_heatmap_session
303339,Sadio Mané,Bayern München,UEFA Champions League,2022/2023,missing_heatmap_session
385437,Serge Gnabry,Bayern München,UEFA Champions League,2022/2023,missing_heatmap_session
816223,Stephen Eustaquio,FC Porto,UEFA Champions League,2022/2023,missing_heatmap_session
209786,Steven Berghuis,Ajax,UEFA Champions League,2022/2023,missing_heatmap_session
564818,Steven Bergwijn,Ajax,UEFA Champions League,2022/2023,missing_heatmap_session
450980,Timo Werner,RB Leipzig,UEFA Champions League,2022/2023,missing_heatmap_session
117541,Tjaronn Chery,Maccabi Haifa,UEFA Champions League,2022/2023,missing_heatmap_session
687681,Victor Osimhen,Napoli,UEFA Champions League,2022/2023,missing_heatmap_session
846033,Vinícius Júnior,Real Madrid,UEFA Champions League,2022/2023,missing_heatmap_session
209405,Virgil van Dijk,Liverpool,UEFA Champions League,2022/2023,missing_heatmap_session
776972,Wenderson Galeno,FC Porto,UEFA Champions League,2022/2023,missing_heatmap_session
354467,Yannick Carrasco,Atletico Madrid,UEFA Champions League,2022/2023,missing_heatmap_session
1174708,Youssoufa Moukoko,Borussia Dortmund,UEFA Champions League,2022/2023,missing_heatmap_session
969870,Adam Hlozek,Bayer Leverkusen,UEFA Europa League,2022/2023,missing_heatmap_session
547710,Adama Traoré,Ferencvaros,UEFA Europa League,2022/2023,heatmap_request_failed
352879,Adrien Rabiot,Juventus,UEFA Europa League,2022/2023,missing_heatmap_session
440330,Alexander Sørloth,Real Sociedad,UEFA Europa League,2022/2023,missing_heatmap_session
466890,Alireza Jahanbakhsh,Feyenoord,UEFA Europa League,2022/2023,missing_heatmap_session
1079557,Amine Adli,Bayer Leverkusen,UEFA Europa League,2022/2023,missing_heatmap_session
844437,Amine Gouiri,Rennes,UEFA Europa League,2022/2023,missing_heatmap_session
309726,Andrea Belotti,Roma,UEFA Europa League,2022/2023,missing_heatmap_session
967622,Antony,Manchester United,UEFA Europa League,2022/2023,missing_heatmap_session
640122,Brais Méndez,Real Sociedad,UEFA Europa League,2022/2023,missing_heatmap_session
527103,Breel Embolo,Monaco,UEFA Europa League,2022/2023,missing_heatmap_session
422685,Bruno Fernandes,Manchester United,UEFA Europa League,2022/2023,missing_heatmap_session
299799,Bryan Cristante,Roma,UEFA Europa League,2022/2023,missing_heatmap_session
961995,Bukayo Saka,Arsenal,UEFA Europa League,2022/2023,missing_heatmap_session
208494,Casemiro,Manchester United,UEFA Europa League,2022/2023,missing_heatmap_session
931862,Danilo,Feyenoord,UEFA Europa League,2022/2023,missing_heatmap_session
737857,Dusan Vlahovic,Juventus,UEFA Europa League,2022/2023,missing_heatmap_session
727897,Dávid Hancko,Feyenoord,UEFA Europa League,2022/2023,missing_heatmap_session
195927,Enner Valencia,Fenerbahçe,UEFA Europa League,2022/2023,missing_heatmap_session
1152455,Florian Wirtz,Bayer Leverkusen,UEFA Europa League,2022/2023,missing_heatmap_session
322049,Fred,Manchester United,UEFA Europa League,2022/2023,missing_heatmap_session
1025462,Fábio Vieira,Arsenal,UEFA Europa League,2022/2023,missing_heatmap_session
1021586,Gabriel Martinelli,Arsenal,UEFA Europa League,2022/2023,missing_heatmap_session
588687,Gianluca Mancini,Roma,UEFA Europa League,2022/2023,missing_heatmap_session
1016093,Gustav Isaksen,FC Midtjylland,UEFA Europa League,2022/2023,missing_heatmap_session
862538,Ibañez,Roma,UEFA Europa League,2022/2023,sportsapi_id_unresolved
25773,Ivan Rakitic,Sevilla,UEFA Europa League,2022/2023,missing_heatmap_session
966018,Jeremie Frimpong,Bayer Leverkusen,UEFA Europa League,2022/2023,missing_heatmap_session
532097,Kristoffer Zachariassen,Ferencvaros,UEFA Europa League,2022/2023,missing_heatmap_session
837061,Krépin Diatta,Monaco,UEFA Europa League,2022/2023,missing_heatmap_session
540307,Lorenzo Pellegrini,Roma,UEFA Europa League,2022/2023,missing_heatmap_session
762721,Lovro Majer,Rennes,UEFA Europa League,2022/2023,missing_heatmap_session
357080,Lucas Ocampos,Sevilla,UEFA Europa League,2022/2023,missing_heatmap_session
693171,Ludovic Blas,Nantes,UEFA Europa League,2022/2023,missing_heatmap_session
696365,Marcus Rashford,Manchester United,UEFA Europa League,2022/2023,missing_heatmap_session
248689,Michy Batshuayi,Fenerbahçe,UEFA Europa League,2022/2023,missing_heatmap_session
574645,Mikel Merino,Real Sociedad,UEFA Europa League,2022/2023,missing_heatmap_session
817500,Mostafa Mohamed,Nantes,UEFA Europa League,2022/2023,missing_heatmap_session
923498,Moussa Diaby,Bayer Leverkusen,UEFA Europa League,2022/2023,missing_heatmap_session
107920,Nils Petersen,Freiburg,UEFA Europa League,2022/2023,missing_heatmap_session
935409,Orkun Kökcü,Feyenoord,UEFA Europa League,2022/2023,missing_heatmap_session
325916,Paulo Dybala,Roma,UEFA Europa League,2022/2023,missing_heatmap_session
629805,Ritsu Doan,Freiburg,UEFA Europa League,2022/2023,missing_heatmap_session
259296,Robin Knoche,Union Berlin,UEFA Europa League,2022/2023,missing_heatmap_session
866108,Samuel Moutoussamy,Nantes,UEFA Europa League,2022/2023,missing_heatmap_session
954092,Santiago Giménez,Feyenoord,UEFA Europa League,2022/2023,missing_heatmap_session
441309,Sardar Azmoun,Bayer Leverkusen,UEFA Europa League,2022/2023,missing_heatmap_session
765466,Sebastian Szymanski,Feyenoord,UEFA Europa League,2022/2023,missing_heatmap_session
495222,Sheraldo Becker,Union Berlin,UEFA Europa League,2022/2023,missing_heatmap_session
161328,Stephan El Shaarawy,Roma,UEFA Europa League,2022/2023,missing_heatmap_session
749661,Tammy Abraham,Roma,UEFA Europa League,2022/2023,missing_heatmap_session
400625,Vincenzo Grifo,Freiburg,UEFA Europa League,2022/2023,missing_heatmap_session
210184,Wissam Ben Yedder,Monaco,UEFA Europa League,2022/2023,missing_heatmap_session
1173787,Xavi Simons,PSV Eindhoven,UEFA Europa League,2022/2023,missing_heatmap_session
788555,Youssef En-Nesyri,Sevilla,UEFA Europa League,2022/2023,missing_heatmap_session
954621,Youssouf Fofana,Monaco,UEFA Europa League,2022/2023,missing_heatmap_session
46509,Ángel Di Maria,Juventus,UEFA Europa League,2022/2023,missing_heatmap_session
1120987,Abdelkahar Kadri,Kortrijk,Belgian Pro League,2023/2024,missing_heatmap_session
725695,Aboubakary Koïta,St.Truiden,Belgian Pro League,2023/2024,missing_heatmap_session
1274400,Alan Minda,Cercle Brugge,Belgian Pro League,2023/2024,missing_heatmap_session
129918,Alfred Finnbogason,Eupen,Belgian Pro League,2023/2024,missing_heatmap_session
1159233,Alieu Fadera,Genk,Belgian Pro League,2023/2024,missing_heatmap_session
1315368,Amadou Keita,Eupen,Belgian Pro League,2023/2024,missing_heatmap_session
641344,Anders Dreyer,Anderlecht,Belgian Pro League,2023/2024,missing_heatmap_session
642230,Andi Zeqiri,Genk,Belgian Pro League,2023/2024,missing_heatmap_session
861932,Andreas Skov Olsen,Club Brugge,Belgian Pro League,2023/2024,missing_heatmap_session
945883,Antoine Bernier,Sporting Charleroi,Belgian Pro League,2023/2024,missing_heatmap_session
1248482,Antonio Nusa,Club Brugge,Belgian Pro League,2023/2024,missing_heatmap_session
857141,Arbnor Muja,Royal Antwerp,Belgian Pro League,2023/2024,missing_heatmap_session
1340895,Bilal El Khannouss,Genk,Belgian Pro League,2023/2024,missing_heatmap_session
1256178,Bjorn Meijer,Club Brugge,Belgian Pro League,2023/2024,missing_heatmap_session
445873,Brandon Mechele,Club Brugge,Belgian Pro League,2023/2024,missing_heatmap_session
659493,Bryan Heynen,Genk,Belgian Pro League,2023/2024,missing_heatmap_session
909907,Cameron Puertas,Union St.Gilloise,Belgian Pro League,2023/2024,missing_heatmap_session
352898,Casper Nielsen,Club Brugge,Belgian Pro League,2023/2024,missing_heatmap_session
837270,Chidera Ejuke,Royal Antwerp,Belgian Pro League,2023/2024,missing_heatmap_session
332300,Christian Burgess,Union St.Gilloise,Belgian Pro League,2023/2024,missing_heatmap_session
1452385,Christopher Bonsu Baah,Genk,Belgian Pro League,2023/2024,missing_heatmap_session
1054011,Collins Sor,Genk,Belgian Pro League,2023/2024,missing_heatmap_session
928692,Daam Foulon,KV Mechelen,Belgian Pro League,2023/2024,missing_heatmap_session
768505,Daan Heymans,Sporting Charleroi,Belgian Pro League,2023/2024,missing_heatmap_session
470399,David Bates,KV Mechelen,Belgian Pro League,2023/2024,missing_heatmap_session
892709,Dennis Eckert,Union St.Gilloise,Belgian Pro League,2023/2024,missing_heatmap_session
1310001,Ezechiel Banzuzi,OH Leuven,Belgian Pro League,2023/2024,missing_heatmap_session
938537,Fatih Kaya,St.Truiden,Belgian Pro League,2023/2024,missing_heatmap_session
321426,Felipe Avenatti,Kortrijk,Belgian Pro League,2023/2024,missing_heatmap_session
1102732,Ferrán Jutglà,Club Brugge,Belgian Pro League,2023/2024,missing_heatmap_session
911296,Francis Amuzu,Anderlecht,Belgian Pro League,2023/2024,missing_heatmap_session
1284071,Félix Lemaréchal,Cercle Brugge,Belgian Pro League,2023/2024,missing_heatmap_session
1075033,Gary Magnée,Eupen,Belgian Pro League,2023/2024,missing_heatmap_session
174747,Geoffry Hairemans,KV Mechelen,Belgian Pro League,2023/2024,missing_heatmap_session
1431516,George Ilenikhena,Royal Antwerp,Belgian Pro League,2023/2024,missing_heatmap_session
1033176,Griffin Yow,Westerlo,Belgian Pro League,2023/2024,missing_heatmap_session
118241,Gustaf Nilsson,Union St.Gilloise,Belgian Pro League,2023/2024,missing_heatmap_session
519134,Gyrano Kerk,Royal Antwerp,Belgian Pro League,2023/2024,missing_heatmap_session
203666,Hans Vanaken,Club Brugge,Belgian Pro League,2023/2024,missing_heatmap_session
435151,Hayao Kawabe,Standard Liege,Belgian Pro League,2023/2024,missing_heatmap_session
737974,Hugo Cuypers,Gent,Belgian Pro League,2023/2024,missing_heatmap_session
837064,Hugo Vetlesen,Club Brugge,Belgian Pro League,2023/2024,missing_heatmap_session
925345,Hyun-Seok Hong,Gent,Belgian Pro League,2023/2024,missing_heatmap_session
1302005,Igor Thiago,Club Brugge,Belgian Pro League,2023/2024,missing_heatmap_session
1473998,Ilay Camara,RWDM Brussels,Belgian Pro League,2023/2024,missing_heatmap_session
1173016,Isaac Nuhu,Eupen,Belgian Pro League,2023/2024,missing_heatmap_session
1246270,Isaac Price,Standard Liege,Belgian Pro League,2023/2024,missing_heatmap_session
1226630,Isaak Davies,Kortrijk,Belgian Pro League,2023/2024,missing_heatmap_session
1109476,Jacob Ondrejka,Royal Antwerp,Belgian Pro League,2023/2024,missing_heatmap_session
1224465,Jarne Steuckers,St.Truiden,Belgian Pro League,2023/2024,missing_heatmap_session
737073,Jonatan Braut Brunes,OH Leuven,Belgian Pro League,2023/2024,missing_heatmap_session
1316930,Jordan Bos,Westerlo,Belgian Pro League,2023/2024,missing_heatmap_session
166681,Joren Dom,OH Leuven,Belgian Pro League,2023/2024,missing_heatmap_session
1353701,Joselpho Barnes,St.Truiden,Belgian Pro League,2023/2024,missing_heatmap_session
850924,Joseph Paintsil,Genk,Belgian Pro League,2023/2024,missing_heatmap_session
482397,Julien De Sart,Gent,Belgian Pro League,2023/2024,missing_heatmap_session
934156,Jurgen Ekkelenkamp,Royal Antwerp,Belgian Pro League,2023/2024,missing_heatmap_session
873236,Jón Thorsteinsson,OH Leuven,Belgian Pro League,2023/2024,missing_heatmap_session
1557028,Kahveh Zahiroleslam,St.Truiden,Belgian Pro League,2023/2024,missing_heatmap_session
923400,Kamal Sowah,Standard Liege,Belgian Pro League,2023/2024,missing_heatmap_session
640742,Kasper Dolberg,Anderlecht,Belgian Pro League,2023/2024,missing_heatmap_session
1109486,Kazeem Olaigbe,Cercle Brugge,Belgian Pro League,2023/2024,missing_heatmap_session
528409,Kerim Mrabti,KV Mechelen,Belgian Pro League,2023/2024,missing_heatmap_session
727817,Koki Machida,Union St.Gilloise,Belgian Pro League,2023/2024,missing_heatmap_session
1110376,Kyan Vaesen,Westerlo,Belgian Pro League,2023/2024,missing_heatmap_session
820477,Kévin Denkey,Cercle Brugge,Belgian Pro League,2023/2024,missing_heatmap_session
604396,Leonardo Lopes,Cercle Brugge,Belgian Pro League,2023/2024,missing_heatmap_session
866165,Lion Lauberbach,KV Mechelen,Belgian Pro League,2023/2024,missing_heatmap_session
874630,Loïc Lapoussin,Union St.Gilloise,Belgian Pro League,2023/2024,missing_heatmap_session
1398377,Lucas Stassin,Westerlo,Belgian Pro League,2023/2024,missing_heatmap_session
1215735,Luis Vázquez,Anderlecht,Belgian Pro League,2023/2024,missing_heatmap_session
949483,Makhtar Gueye,RWDM Brussels,Belgian Pro League,2023/2024,missing_heatmap_session
496285,Marco Ilaimaharitra,Sporting Charleroi,Belgian Pro League,2023/2024,missing_heatmap_session
1219672,Mario Stroeykens,Anderlecht,Belgian Pro League,2023/2024,missing_heatmap_session
497572,Mathieu Maertens,OH Leuven,Belgian Pro League,2023/2024,missing_heatmap_session
1190371,Matija Frigan,Westerlo,Belgian Pro League,2023/2024,missing_heatmap_session
1169695,Matisse Samoise,Gent,Belgian Pro League,2023/2024,missing_heatmap_session
1134871,Maxim De Cuyper,Club Brugge,Belgian Pro League,2023/2024,missing_heatmap_session
1173248,Michel-Ange Balikwisha,Royal Antwerp,Belgian Pro League,2023/2024,missing_heatmap_session
1056267,Mickaël Biron,RWDM Brussels,Belgian Pro League,2023/2024,missing_heatmap_session
1134206,Mohamed Amoura,Union St.Gilloise,Belgian Pro League,2023/2024,missing_heatmap_session
869780,Mory Konaté,KV Mechelen,Belgian Pro League,2023/2024,missing_heatmap_session
1385771,Nachon Nsingi,OH Leuven,Belgian Pro League,2023/2024,missing_heatmap_session
917830,Nicolas Madsen,Westerlo,Belgian Pro League,2023/2024,missing_heatmap_session
465726,Nikola Storm,KV Mechelen,Belgian Pro League,2023/2024,missing_heatmap_session
1292100,Norman Bassette,KV Mechelen,Belgian Pro League,2023/2024,missing_heatmap_session
855623,Oday Dabbagh,Sporting Charleroi,Belgian Pro League,2023/2024,missing_heatmap_session
1202114,Omri Gandelman,Gent,Belgian Pro League,2023/2024,missing_heatmap_session
1186770,Parfait Guiagon,Sporting Charleroi,Belgian Pro League,2023/2024,missing_heatmap_session
562906,Patrick Pflücke,KV Mechelen,Belgian Pro League,2023/2024,missing_heatmap_session
351661,Patrik Hrosovsky,Genk,Belgian Pro League,2023/2024,missing_heatmap_session
449279,Philip Zinckernagel,Club Brugge,Belgian Pro League,2023/2024,missing_heatmap_session
465746,Pieter Gerkens,Gent,Belgian Pro League,2023/2024,missing_heatmap_session
1107547,Ravil Tagir,Westerlo,Belgian Pro League,2023/2024,missing_heatmap_session
662834,Regan Charles-Cook,Eupen,Belgian Pro League,2023/2024,missing_heatmap_session
215415,Rob Schoofs,KV Mechelen,Belgian Pro League,2023/2024,missing_heatmap_session
768266,Ross Sykes,Union St.Gilloise,Belgian Pro League,2023/2024,missing_heatmap_session
727838,Ryotaro Ito,St.Truiden,Belgian Pro League,2023/2024,missing_heatmap_session
354175,Sandy Walsh,KV Mechelen,Belgian Pro League,2023/2024,missing_heatmap_session
608125,Sheyi Ojo,Kortrijk,Belgian Pro League,2023/2024,missing_heatmap_session
1061133,Shuto Abe,RWDM Brussels,Belgian Pro League,2023/2024,missing_heatmap_session
354494,Siebe Schrijvers,OH Leuven,Belgian Pro League,2023/2024,missing_heatmap_session
562869,Tarik Tissoudali,Gent,Belgian Pro League,2023/2024,missing_heatmap_session
1106599,Thibo Somers,Cercle Brugge,Belgian Pro League,2023/2024,missing_heatmap_session
170218,Thomas Delaney,Anderlecht,Belgian Pro League,2023/2024,missing_heatmap_session
264190,Thorgan Hazard,Anderlecht,Belgian Pro League,2023/2024,missing_heatmap_session
1190059,Théo Leoni,Anderlecht,Belgian Pro League,2023/2024,missing_heatmap_session
160599,Toby Alderweireld,Royal Antwerp,Belgian Pro League,2023/2024,missing_heatmap_session
1072864,Tolu Arokodare,Genk,Belgian Pro League,2023/2024,missing_heatmap_session
1023887,Tsuyoshi Watanabe,Gent,Belgian Pro League,2023/2024,missing_heatmap_session
161937,Victor Pálsson,Eupen,Belgian Pro League,2023/2024,missing_heatmap_session
467022,Vincent Janssen,Royal Antwerp,Belgian Pro League,2023/2024,missing_heatmap_session
797800,Wilfried Kanga,Standard Liege,Belgian Pro League,2023/2024,missing_heatmap_session
951973,William Balikwisha,Standard Liege,Belgian Pro League,2023/2024,missing_heatmap_session
179513,Xavier Mercier,RWDM Brussels,Belgian Pro League,2023/2024,missing_heatmap_session
955411,Yann Gboho,Cercle Brugge,Belgian Pro League,2023/2024,missing_heatmap_session
814619,Youssef Maziz,OH Leuven,Belgian Pro League,2023/2024,missing_heatmap_session
1053689,Youssouph Badji,Sporting Charleroi,Belgian Pro League,2023/2024,missing_heatmap_session
1224181,Youssuf Sylla,Sporting Charleroi,Belgian Pro League,2023/2024,missing_heatmap_session
1287871,Zakaria El Ouahdi,RWDM Brussels,Belgian Pro League,2023/2024,missing_heatmap_session
969870,Adam Hlozek,Bayer Leverkusen,Bundesliga,2023/2024,missing_heatmap_session
294859,Alassane Pléa,Borussia Mönchengladbach,Bundesliga,2023/2024,missing_heatmap_session
288406,Alejandro Grimaldo,Bayer Leverkusen,Bundesliga,2023/2024,missing_heatmap_session
1079557,Amine Adli,Bayer Leverkusen,Bundesliga,2023/2024,missing_heatmap_session
173461,Andrej Kramaric,Hoffenheim,Bundesliga,2023/2024,missing_heatmap_session
1175708,Ansgar Knauff,Eintracht Frankfurt,Bundesliga,2023/2024,missing_heatmap_session
210420,Anthony Losilla,Bochum,Bundesliga,2023/2024,missing_heatmap_session
1185568,Benedict Hollerbach,Union Berlin,Bundesliga,2023/2024,missing_heatmap_session
681383,Benjamin Henrichs,RB Leipzig,Bundesliga,2023/2024,missing_heatmap_session
1073977,Benjamin Sesko,RB Leipzig,Bundesliga,2023/2024,missing_heatmap_session
637716,Bernardo,Bochum,Bundesliga,2023/2024,missing_heatmap_session
1430151,Brajan Gruda,Mainz 05,Bundesliga,2023/2024,missing_heatmap_session
952322,Brenden Aaronson,Union Berlin,Bundesliga,2023/2024,missing_heatmap_session
892679,Chris Führich,VfB Stuttgart,Bundesliga,2023/2024,missing_heatmap_session
747718,Christoph Baumgartner,RB Leipzig,Bundesliga,2023/2024,missing_heatmap_session
782361,Christopher Antwi-Adjej,Bochum,Bundesliga,2023/2024,missing_heatmap_session
614834,Dani Olmo,RB Leipzig,Bundesliga,2023/2024,missing_heatmap_session
501568,Davie Selke,1. FC Köln,Bundesliga,2023/2024,missing_heatmap_session
661519,Deniz Undav,VfB Stuttgart,Bundesliga,2023/2024,missing_heatmap_session
1186606,Dion Drena Beljo,Augsburg,Bundesliga,2023/2024,missing_heatmap_session
660301,Donyell Malen,Borussia Dortmund,Bundesliga,2023/2024,missing_heatmap_session
574642,Ellyes Skhiri,Eintracht Frankfurt,Bundesliga,2023/2024,missing_heatmap_session
307021,Emre Can,Borussia Dortmund,Bundesliga,2023/2024,missing_heatmap_session
1050859,Enzo Millot,VfB Stuttgart,Bundesliga,2023/2024,missing_heatmap_session
1146376,Eren Dinkçi,FC Heidenheim,Bundesliga,2023/2024,missing_heatmap_session
1199283,Eric Martel,1. FC Köln,Bundesliga,2023/2024,missing_heatmap_session
95082,Eric Maxim Choupo-Moting,Bayern München,Bundesliga,2023/2024,missing_heatmap_session
840241,Ermedin Demirovic,Augsburg,Bundesliga,2023/2024,missing_heatmap_session
693599,Exequiel Palacios,Bayer Leverkusen,Bundesliga,2023/2024,missing_heatmap_session
1091141,Faride Alidou,1. FC Köln,Bundesliga,2023/2024,missing_heatmap_session
1345875,Farès Chaïbi,Eintracht Frankfurt,Bundesliga,2023/2024,missing_heatmap_session
187358,Florian Kainz,1. FC Köln,Bundesliga,2023/2024,missing_heatmap_session
764507,Florian Neuhaus,Borussia Mönchengladbach,Bundesliga,2023/2024,missing_heatmap_session
1152455,Florian Wirtz,Bayer Leverkusen,Bundesliga,2023/2024,missing_heatmap_session
540073,Gian-Luca Waldschmidt,1. FC Köln,Bundesliga,2023/2024,missing_heatmap_session
388514,Gonçalo Paciência,Bochum,Bundesliga,2023/2024,missing_heatmap_session
625175,Grischa Prömel,Hoffenheim,Bundesliga,2023/2024,missing_heatmap_session
194165,Harry Kane,Bayern München,Bundesliga,2023/2024,missing_heatmap_session
458630,Ihlas Bebou,Hoffenheim,Bundesliga,2023/2024,missing_heatmap_session
523749,Jae-Sung Lee,Mainz 05,Bundesliga,2023/2024,missing_heatmap_session
1156141,Jamal Musiala,Bayern München,Bundesliga,2023/2024,missing_heatmap_session
1113692,Jamie Gittens,Borussia Dortmund,Bundesliga,2023/2024,missing_heatmap_session
1074968,Jamie Leweling,VfB Stuttgart,Bundesliga,2023/2024,missing_heatmap_session
1119643,Jan Thielmann,1. FC Köln,Bundesliga,2023/2024,sportsapi_id_unresolved
864157,Jan-Niklas Beste,FC Heidenheim,Bundesliga,2023/2024,missing_heatmap_session
528811,Jens Stage,Werder Bremen,Bundesliga,2023/2024,missing_heatmap_session
966018,Jeremie Frimpong,Bayer Leverkusen,Bundesliga,2023/2024,missing_heatmap_session
1083717,Jessic Ngankam,Eintracht Frankfurt,Bundesliga,2023/2024,missing_heatmap_session
278831,John Anthony Brooks,Hoffenheim,Bundesliga,2023/2024,sportsapi_id_unresolved
331542,Jonas Hofmann,Bayer Leverkusen,Bundesliga,2023/2024,missing_heatmap_session
889785,Jonas Wind,Wolfsburg,Bundesliga,2023/2024,missing_heatmap_session
947901,Jonathan Burkardt,Mainz 05,Bundesliga,2023/2024,missing_heatmap_session
469700,Jonathan Tah,Bayer Leverkusen,Bundesliga,2023/2024,missing_heatmap_session
613714,Jordan Pefok,Borussia Mönchengladbach,Bundesliga,2023/2024,sportsapi_id_unresolved
516846,Julian Brandt,Borussia Dortmund,Bundesliga,2023/2024,missing_heatmap_session
521421,Julian Weigl,Borussia Mönchengladbach,Bundesliga,2023/2024,missing_heatmap_session
1040889,Junior Dina Ebimbe,Eintracht Frankfurt,Bundesliga,2023/2024,sportsapi_id_unresolved
1137364,Justin Njinmah,Werder Bremen,Bundesliga,2023/2024,missing_heatmap_session
959594,Karim Adeyemi,Borussia Dortmund,Bundesliga,2023/2024,missing_heatmap_session
176953,Karim Onisiwo,Mainz 05,Bundesliga,2023/2024,missing_heatmap_session
900523,Keven Schlotterbeck,Bochum,Bundesliga,2023/2024,missing_heatmap_session
614923,Kevin Behrens,Union Berlin,Bundesliga,2023/2024,missing_heatmap_session
1136099,Kevin Paredes,Wolfsburg,Bundesliga,2023/2024,missing_heatmap_session
929613,Kevin Sessa,FC Heidenheim,Bundesliga,2023/2024,missing_heatmap_session
276739,Kevin Stöger,Bochum,Bundesliga,2023/2024,missing_heatmap_session
212893,Kevin Volland,Union Berlin,Bundesliga,2023/2024,missing_heatmap_session
429265,Kingsley Coman,Bayern München,Bundesliga,2023/2024,missing_heatmap_session
930065,Leandro Barreiro,Mainz 05,Bundesliga,2023/2024,missing_heatmap_session
343748,Leon Goretzka,Bayern München,Bundesliga,2023/2024,missing_heatmap_session
260470,Leonardo Bittencourt,Werder Bremen,Bundesliga,2023/2024,missing_heatmap_session
530859,Leroy Sané,Bayern München,Bundesliga,2023/2024,missing_heatmap_session
762721,Lovro Majer,Wolfsburg,Bundesliga,2023/2024,missing_heatmap_session
747767,Loïs Openda,RB Leipzig,Bundesliga,2023/2024,missing_heatmap_session
784735,Luca Pfeiffer,Darmstadt,Bundesliga,2023/2024,missing_heatmap_session
556524,Lucas Höler,Freiburg,Bundesliga,2023/2024,missing_heatmap_session
471153,Ludovic Ajorque,Mainz 05,Bundesliga,2023/2024,missing_heatmap_session
836786,Lukas Daschner,Bochum,Bundesliga,2023/2024,missing_heatmap_session
215151,Marcel Sabitzer,Borussia Dortmund,Bundesliga,2023/2024,missing_heatmap_session
129944,Marco Reus,Borussia Dortmund,Bundesliga,2023/2024,missing_heatmap_session
177714,Mario Götze,Eintracht Frankfurt,Bundesliga,2023/2024,missing_heatmap_session
343757,Marvin Ducksch,Werder Bremen,Bundesliga,2023/2024,missing_heatmap_session
658423,Marvin Mehlem,Darmstadt,Bundesliga,2023/2024,missing_heatmap_session
956913,Marvin Pieringer,FC Heidenheim,Bundesliga,2023/2024,missing_heatmap_session
1288111,Mathys Tel,Bayern München,Bundesliga,2023/2024,missing_heatmap_session
36388,Mats Hummels,Borussia Dortmund,Bundesliga,2023/2024,missing_heatmap_session
647900,Mattias Svanberg,Wolfsburg,Bundesliga,2023/2024,missing_heatmap_session
464981,Matús Bero,Bochum,Bundesliga,2023/2024,missing_heatmap_session
1047667,Maximilian Beier,Hoffenheim,Bundesliga,2023/2024,missing_heatmap_session
602523,Maximilian Eggestein,Freiburg,Bundesliga,2023/2024,missing_heatmap_session
1210384,Merlin Röhl,Freiburg,Bundesliga,2023/2024,missing_heatmap_session
198316,Michael Gregoritsch,Freiburg,Bundesliga,2023/2024,missing_heatmap_session
298823,Mitchell Weiser,Werder Bremen,Bundesliga,2023/2024,missing_heatmap_session
1039600,Mohamed Simakan,RB Leipzig,Bundesliga,2023/2024,missing_heatmap_session
936618,Moritz Broschinski,Bochum,Bundesliga,2023/2024,missing_heatmap_session
614449,Nadiem Amiri,Bayer Leverkusen,Bundesliga,2023/2024,missing_heatmap_session
979759,Nathan N'Goumou,Borussia Mönchengladbach,Bundesliga,2023/2024,missing_heatmap_session
877700,Nathan Tella,Bayer Leverkusen,Bundesliga,2023/2024,missing_heatmap_session
1106563,Nick Woltemade,Werder Bremen,Bundesliga,2023/2024,missing_heatmap_session
276791,Niclas Füllkrug,Werder Bremen,Bundesliga,2023/2024,missing_heatmap_session
1002058,Nico Schlotterbeck,Borussia Dortmund,Bundesliga,2023/2024,missing_heatmap_session
839204,Omar Marmoush,Eintracht Frankfurt,Bundesliga,2023/2024,missing_heatmap_session
1086251,Oscar Vilhelmsson,Darmstadt,Bundesliga,2023/2024,missing_heatmap_session
845990,Ozan Kabak,Hoffenheim,Bundesliga,2023/2024,missing_heatmap_session
423624,Patrick Mainka,FC Heidenheim,Bundesliga,2023/2024,missing_heatmap_session
540097,Patrik Schick,Bayer Leverkusen,Bundesliga,2023/2024,missing_heatmap_session
212156,Pavel Kaderábek,Hoffenheim,Bundesliga,2023/2024,missing_heatmap_session
290201,Philipp Hofmann,Bochum,Bundesliga,2023/2024,missing_heatmap_session
686315,Phillip Tietz,Augsburg,Bundesliga,2023/2024,missing_heatmap_session
533775,Rafael Borré,Werder Bremen,Bundesliga,2023/2024,missing_heatmap_session
352994,Raphaël Guerreiro,Bayern München,Bundesliga,2023/2024,missing_heatmap_session
629805,Ritsu Doan,Freiburg,Bundesliga,2023/2024,missing_heatmap_session
518346,Robin Gosens,Union Berlin,Bundesliga,2023/2024,missing_heatmap_session
884919,Robin Hack,Borussia Mönchengladbach,Bundesliga,2023/2024,missing_heatmap_session
628201,Robin Koch,Eintracht Frankfurt,Bundesliga,2023/2024,missing_heatmap_session
1174726,Rocco Reitz,Borussia Mönchengladbach,Bundesliga,2023/2024,missing_heatmap_session
583601,Roland Sallai,Freiburg,Bundesliga,2023/2024,missing_heatmap_session
749488,Romano Schmid,Werder Bremen,Bundesliga,2023/2024,missing_heatmap_session
860752,Rubén Vargas,Augsburg,Bundesliga,2023/2024,missing_heatmap_session
423802,Sargis Adamyan,1. FC Köln,Bundesliga,2023/2024,missing_heatmap_session
919435,Sepp van den Berg,Mainz 05,Bundesliga,2023/2024,missing_heatmap_session
448540,Serhou Guirassy,VfB Stuttgart,Bundesliga,2023/2024,missing_heatmap_session
959404,Silas Katompa Mvumpa,VfB Stuttgart,Bundesliga,2023/2024,sportsapi_id_unresolved
706500,Steffen Tigges,1. FC Köln,Bundesliga,2023/2024,missing_heatmap_session
419774,Sven Michel,Augsburg,Bundesliga,2023/2024,missing_heatmap_session
430856,Takuma Asano,Bochum,Bundesliga,2023/2024,missing_heatmap_session
116772,Thomas Müller,Bayern München,Bundesliga,2023/2024,missing_heatmap_session
1164506,Tiago Tomás,Wolfsburg,Bundesliga,2023/2024,missing_heatmap_session
442728,Tim Kleindienst,FC Heidenheim,Bundesliga,2023/2024,missing_heatmap_session
658440,Tim Skarke,Darmstadt,Bundesliga,2023/2024,missing_heatmap_session
141114,Tobias Kempe,Darmstadt,Bundesliga,2023/2024,missing_heatmap_session
928696,Tomás Cvancara,Borussia Mönchengladbach,Bundesliga,2023/2024,missing_heatmap_session
1035208,Victor Okoh Boniface,Bayer Leverkusen,Bundesliga,2023/2024,missing_heatmap_session
400625,Vincenzo Grifo,Freiburg,Bundesliga,2023/2024,missing_heatmap_session
623540,Václav Cerny,Wolfsburg,Bundesliga,2023/2024,missing_heatmap_session
351999,Wout Weghorst,Hoffenheim,Bundesliga,2023/2024,missing_heatmap_session
1173787,Xavi Simons,RB Leipzig,Bundesliga,2023/2024,missing_heatmap_session
1174708,Youssoufa Moukoko,Borussia Dortmund,Bundesliga,2023/2024,missing_heatmap_session
266527,Yussuf Poulsen,RB Leipzig,Bundesliga,2023/2024,missing_heatmap_session
395154,Alen Halilovic,Fortuna Sittard,Eredivisie,2023/2024,missing_heatmap_session
1019589,Amine Boutrah,Vitesse,Eredivisie,2023/2024,missing_heatmap_session
521272,Anas Tahiri,SC Heerenveen,Eredivisie,2023/2024,missing_heatmap_session
251244,André Ramalho,PSV Eindhoven,Eredivisie,2023/2024,missing_heatmap_session
560413,Arno Verschueren,Sparta Rotterdam,Eredivisie,2023/2024,missing_heatmap_session
942393,Ayase Ueda,Feyenoord,Eredivisie,2023/2024,missing_heatmap_session
467480,Bas Kuipers,Go Ahead Eagles,Eredivisie,2023/2024,missing_heatmap_session
1080657,Benaissa Benamar,FC Volendam,Eredivisie,2023/2024,missing_heatmap_session
1072516,Bobby Adekanye,Go Ahead Eagles,Eredivisie,2023/2024,missing_heatmap_session
37215,Bram van Polen,PEC Zwolle,Eredivisie,2023/2024,missing_heatmap_session
940446,Brian Brobbey,Ajax,Eredivisie,2023/2024,missing_heatmap_session
1067744,Bryan Limbombe,Heracles,Eredivisie,2023/2024,missing_heatmap_session
800624,Calvin Stengs,Feyenoord,Eredivisie,2023/2024,missing_heatmap_session
1203447,Camiel Neghli,Sparta Rotterdam,Eredivisie,2023/2024,missing_heatmap_session
1186529,Carlos Forbs,Ajax,Eredivisie,2023/2024,missing_heatmap_session
1079216,Charles-Andreas Brym,Sparta Rotterdam,Eredivisie,2023/2024,missing_heatmap_session
1276291,Chris Lokesa,RKC Waalwijk,Eredivisie,2023/2024,missing_heatmap_session
413158,Chuba Akpom,Ajax,Eredivisie,2023/2024,missing_heatmap_session
749490,Ché Nunnely,SC Heerenveen,Eredivisie,2023/2024,missing_heatmap_session
1178444,Cisse Sandra,Excelsior,Eredivisie,2023/2024,missing_heatmap_session
1184693,Couhaib Driouech,Excelsior,Eredivisie,2023/2024,missing_heatmap_session
1203490,Daan Rots,FC Twente,Eredivisie,2023/2024,missing_heatmap_session
486835,Damon Mirani,FC Volendam,Eredivisie,2023/2024,missing_heatmap_session
813428,Dani de Wit,AZ Alkmaar,Eredivisie,2023/2024,missing_heatmap_session
997577,David Min,RKC Waalwijk,Eredivisie,2023/2024,missing_heatmap_session
1049679,David Møller Wolfe,AZ Alkmaar,Eredivisie,2023/2024,missing_heatmap_session
1075819,Davy van den Berg,PEC Zwolle,Eredivisie,2023/2024,missing_heatmap_session
1108758,Denilho Cleonise,RKC Waalwijk,Eredivisie,2023/2024,missing_heatmap_session
1097467,Dirk Proper,NEC Nijmegen,Eredivisie,2023/2024,sportsapi_id_unresolved
727897,Dávid Hancko,Feyenoord,Eredivisie,2023/2024,missing_heatmap_session
972306,Eliano Reijnders,PEC Zwolle,Eredivisie,2023/2024,missing_heatmap_session
519890,Emil Hansson,Heracles,Eredivisie,2023/2024,missing_heatmap_session
1251666,Ernest Poku,AZ Alkmaar,Eredivisie,2023/2024,missing_heatmap_session
774947,Guus Til,PSV Eindhoven,Eredivisie,2023/2024,missing_heatmap_session
1323311,Gyan de Regt,Vitesse,Eredivisie,2023/2024,missing_heatmap_session
521210,Hirving Lozano,PSV Eindhoven,Eredivisie,2023/2024,missing_heatmap_session
1265963,Igor Paixão,Feyenoord,Eredivisie,2023/2024,missing_heatmap_session
938375,Ion Nicolaescu,SC Heerenveen,Eredivisie,2023/2024,missing_heatmap_session
655095,Isac Lidberg,FC Utrecht,Eredivisie,2023/2024,missing_heatmap_session
1180288,Ismael Saibari,PSV Eindhoven,Eredivisie,2023/2024,missing_heatmap_session
670030,Iñigo Córdoba,Fortuna Sittard,Eredivisie,2023/2024,missing_heatmap_session
1155675,Jakob Breum,Go Ahead Eagles,Eredivisie,2023/2024,missing_heatmap_session
188557,Jens Toornstra,FC Utrecht,Eredivisie,2023/2024,missing_heatmap_session
772104,Jerdy Schouten,PSV Eindhoven,Eredivisie,2023/2024,missing_heatmap_session
905457,Jizz Hornkamp,Heracles,Eredivisie,2023/2024,missing_heatmap_session
792429,Joey Veerman,PSV Eindhoven,Eredivisie,2023/2024,missing_heatmap_session
1203194,Johan Bakayoko,PSV Eindhoven,Eredivisie,2023/2024,missing_heatmap_session
902675,Joshua Kitolano,Sparta Rotterdam,Eredivisie,2023/2024,missing_heatmap_session
1051411,Kacper Kozlowski,Vitesse,Eredivisie,2023/2024,missing_heatmap_session
813429,Kaj Sierhuis,Fortuna Sittard,Eredivisie,2023/2024,missing_heatmap_session
970565,Kenneth Taylor,Ajax,Eredivisie,2023/2024,missing_heatmap_session
1337282,Kodai Sano,NEC Nijmegen,Eredivisie,2023/2024,missing_heatmap_session
727837,Koki Ogawa,NEC Nijmegen,Eredivisie,2023/2024,missing_heatmap_session
950861,Koki Saito,Sparta Rotterdam,Eredivisie,2023/2024,missing_heatmap_session
843767,Kornelius Hansen,Almere City FC,Eredivisie,2023/2024,sportsapi_id_unresolved
1098086,Kristian Hlynsson,Ajax,Eredivisie,2023/2024,missing_heatmap_session
956728,Lance Duijvestijn,Almere City FC,Eredivisie,2023/2024,missing_heatmap_session
560847,Lazaros Lamprou,Excelsior,Eredivisie,2023/2024,missing_heatmap_session
196489,Lennart Thy,PEC Zwolle,Eredivisie,2023/2024,missing_heatmap_session
1250495,Lequincio Zeefuik,FC Volendam,Eredivisie,2023/2024,missing_heatmap_session
688297,Luka Ivanusec,Feyenoord,Eredivisie,2023/2024,missing_heatmap_session
881640,Lutsharel Geertruida,Feyenoord,Eredivisie,2023/2024,missing_heatmap_session
630495,Luuk Brouwers,SC Heerenveen,Eredivisie,2023/2024,missing_heatmap_session
150201,Luuk de Jong,PSV Eindhoven,Eredivisie,2023/2024,missing_heatmap_session
875306,Magnus Mattsson,NEC Nijmegen,Eredivisie,2023/2024,missing_heatmap_session
1126058,Malik Tillman,PSV Eindhoven,Eredivisie,2023/2024,missing_heatmap_session
1016738,Manfred Ugalde,FC Twente,Eredivisie,2023/2024,missing_heatmap_session
199291,Marco van Ginkel,Vitesse,Eredivisie,2023/2024,missing_heatmap_session
554971,Mario Engels,Heracles,Eredivisie,2023/2024,missing_heatmap_session
279116,Mats Seuntjens,FC Utrecht,Eredivisie,2023/2024,missing_heatmap_session
970243,Mats Wieffer,Feyenoord,Eredivisie,2023/2024,missing_heatmap_session
864893,Melle Meulensteen,Vitesse,Eredivisie,2023/2024,missing_heatmap_session
662735,Michel Vlap,FC Twente,Eredivisie,2023/2024,missing_heatmap_session
110161,Michiel Kramer,RKC Waalwijk,Eredivisie,2023/2024,missing_heatmap_session
1255093,Milan de Haan,FC Volendam,Eredivisie,2023/2024,missing_heatmap_session
1183512,Million Manhoef,Vitesse,Eredivisie,2023/2024,missing_heatmap_session
1116945,Mohamed Sankoh,Heracles,Eredivisie,2023/2024,missing_heatmap_session
1050856,Naci Ünüvar,FC Twente,Eredivisie,2023/2024,missing_heatmap_session
1180316,Nikolas Agrafiotis,Excelsior,Eredivisie,2023/2024,missing_heatmap_session
775666,Odysseus Velanas,PEC Zwolle,Eredivisie,2023/2024,missing_heatmap_session
1049004,Oliver Edvardsen,Go Ahead Eagles,Eredivisie,2023/2024,missing_heatmap_session
613715,Olivier Boscagli,PSV Eindhoven,Eredivisie,2023/2024,missing_heatmap_session
988160,Osame Sahraoui,SC Heerenveen,Eredivisie,2023/2024,missing_heatmap_session
1273294,Oscar Fraulo,FC Utrecht,Eredivisie,2023/2024,missing_heatmap_session
839476,Othman Boussaid,FC Utrecht,Eredivisie,2023/2024,sportsapi_id_unresolved
180330,Patrick van Aanholt,PSV Eindhoven,Eredivisie,2023/2024,missing_heatmap_session
1134825,Patrik Wålemark,SC Heerenveen,Eredivisie,2023/2024,missing_heatmap_session
637741,Pelle Clement,Sparta Rotterdam,Eredivisie,2023/2024,missing_heatmap_session
574630,Pelle van Amersfoort,SC Heerenveen,Eredivisie,2023/2024,missing_heatmap_session
583138,Philippe Rommens,Go Ahead Eagles,Eredivisie,2023/2024,missing_heatmap_session
970563,Quinten Timber,Feyenoord,Eredivisie,2023/2024,missing_heatmap_session
143945,Rajiv van La Parra,Almere City FC,Eredivisie,2023/2024,missing_heatmap_session
776706,Reuven Niemeijer,RKC Waalwijk,Eredivisie,2023/2024,missing_heatmap_session
1036401,Ricardo Pepi,PSV Eindhoven,Eredivisie,2023/2024,missing_heatmap_session
1338070,Richie Omorowa,Excelsior,Eredivisie,2023/2024,missing_heatmap_session
1014841,Richonell Margaret,RKC Waalwijk,Eredivisie,2023/2024,missing_heatmap_session
116750,Ricky van Wolfswinkel,FC Twente,Eredivisie,2023/2024,missing_heatmap_session
278807,Robert Mühren,FC Volendam,Eredivisie,2023/2024,missing_heatmap_session
874482,Roberto González,NEC Nijmegen,Eredivisie,2023/2024,sportsapi_id_unresolved
1166329,Rodrigo Guth,Fortuna Sittard,Eredivisie,2023/2024,missing_heatmap_session
1359970,Ruben van Bommel,AZ Alkmaar,Eredivisie,2023/2024,missing_heatmap_session
1386551,Ryan Flamingo,FC Utrecht,Eredivisie,2023/2024,missing_heatmap_session
665164,Sam Lammers,FC Utrecht,Eredivisie,2023/2024,missing_heatmap_session
954092,Santiago Giménez,Feyenoord,Eredivisie,2023/2024,missing_heatmap_session
947898,Sem Steijn,FC Twente,Eredivisie,2023/2024,missing_heatmap_session
892816,Sergiño Dest,PSV Eindhoven,Eredivisie,2023/2024,missing_heatmap_session
1227814,Shunsuke Mito,Sparta Rotterdam,Eredivisie,2023/2024,missing_heatmap_session
770402,Siebe Horemans,Excelsior,Eredivisie,2023/2024,missing_heatmap_session
792690,Simon Olsson,SC Heerenveen,Eredivisie,2023/2024,missing_heatmap_session
1050160,Sontje Hansen,NEC Nijmegen,Eredivisie,2023/2024,missing_heatmap_session
209786,Steven Berghuis,Ajax,Eredivisie,2023/2024,missing_heatmap_session
564818,Steven Bergwijn,Ajax,Eredivisie,2023/2024,missing_heatmap_session
1206846,Stije Resink,Almere City FC,Eredivisie,2023/2024,missing_heatmap_session
1035643,Sven Mijnans,AZ Alkmaar,Eredivisie,2023/2024,missing_heatmap_session
775672,Sylla Sow,Go Ahead Eagles,Eredivisie,2023/2024,missing_heatmap_session
1159539,Taylor Booth,FC Utrecht,Eredivisie,2023/2024,missing_heatmap_session
384446,Thom Haye,SC Heerenveen,Eredivisie,2023/2024,missing_heatmap_session
278838,Thomas Lam,PEC Zwolle,Eredivisie,2023/2024,missing_heatmap_session
619289,Thomas Robinet,Almere City FC,Eredivisie,2023/2024,missing_heatmap_session
630278,Tobias Lauritsen,Sparta Rotterdam,Eredivisie,2023/2024,missing_heatmap_session
942365,Troy Parrott,Excelsior,Eredivisie,2023/2024,missing_heatmap_session
637749,Vangelis Pavlidis,AZ Alkmaar,Eredivisie,2023/2024,missing_heatmap_session
658222,Victor Edvardsen,Go Ahead Eagles,Eredivisie,2023/2024,missing_heatmap_session
915331,Victor Jensen,FC Utrecht,Eredivisie,2023/2024,missing_heatmap_session
774237,Willum Willumsson,Go Ahead Eagles,Eredivisie,2023/2024,sportsapi_id_unresolved
1400227,Yankuba Minteh,Feyenoord,Eredivisie,2023/2024,missing_heatmap_session
1119702,Yassin Oukili,RKC Waalwijk,Eredivisie,2023/2024,missing_heatmap_session
1234634,Yoann Cathline,Almere City FC,Eredivisie,2023/2024,missing_heatmap_session
320672,Younes Namli,PEC Zwolle,Eredivisie,2023/2024,missing_heatmap_session
1214036,Youri Baas,NEC Nijmegen,Eredivisie,2023/2024,missing_heatmap_session
1257558,Zach Booth,FC Volendam,Eredivisie,2023/2024,missing_heatmap_session
1209399,Abdessamad Ezzalzouli,Barcelona,LaLiga,2023/2024,missing_heatmap_session
245311,Abdón Prats,Mallorca,LaLiga,2023/2024,missing_heatmap_session
482331,Adrián Embarba,Almeria,LaLiga,2023/2024,missing_heatmap_session
1054786,Aimar Oroz,Osasuna,LaLiga,2023/2024,missing_heatmap_session
574629,Alex Berenguer,Athletic Club,LaLiga,2023/2024,missing_heatmap_session
440330,Alexander Sørloth,Villarreal,LaLiga,2023/2024,missing_heatmap_session
873270,Anastasios Douvikas,Celta Vigo,LaLiga,2023/2024,missing_heatmap_session
1002618,Ander Barrenetxea,Real Sociedad,LaLiga,2023/2024,missing_heatmap_session
388523,André Silva,Real Sociedad,LaLiga,2023/2024,missing_heatmap_session
251269,Ante Budimir,Osasuna,LaLiga,2023/2024,missing_heatmap_session
210282,Anthony Lozano,Getafe,LaLiga,2023/2024,sportsapi_id_unresolved
184138,Antoine Griezmann,Atletico Madrid,LaLiga,2023/2024,missing_heatmap_session
434593,Antonio Puertas,Granada,LaLiga,2023/2024,missing_heatmap_session
1055327,Antonio Sánchez,Mallorca,LaLiga,2023/2024,missing_heatmap_session
1175610,Arsen Zakharyan,Real Sociedad,LaLiga,2023/2024,missing_heatmap_session
655696,Artem Dovbyk,Girona,LaLiga,2023/2024,missing_heatmap_session
479020,Ayoze Pérez,Real Betis,LaLiga,2023/2024,missing_heatmap_session
635772,Borja Mayoral,Getafe,LaLiga,2023/2024,missing_heatmap_session
750027,Brahim Díaz,Real Madrid,LaLiga,2023/2024,missing_heatmap_session
640122,Brais Méndez,Real Sociedad,LaLiga,2023/2024,missing_heatmap_session
1202525,Bryan Zaragoza,Granada,LaLiga,2023/2024,missing_heatmap_session
891059,Christopher Ramos,Cadiz,LaLiga,2023/2024,sportsapi_id_unresolved
58294,Cristhian Stuani,Girona,LaLiga,2023/2024,missing_heatmap_session
544312,Cyle Larin,Mallorca,LaLiga,2023/2024,missing_heatmap_session
75307,Dani Parejo,Villarreal,LaLiga,2023/2024,missing_heatmap_session
215584,David López,Girona,LaLiga,2023/2024,missing_heatmap_session
1284434,Diego López,Valencia,LaLiga,2023/2024,missing_heatmap_session
688876,Dodi Lukébakio,Sevilla,LaLiga,2023/2024,missing_heatmap_session
915987,Edgar González,Almeria,LaLiga,2023/2024,missing_heatmap_session
940573,Eric García,Barcelona,LaLiga,2023/2024,missing_heatmap_session
361724,Ezequiel Ávila,Osasuna,LaLiga,2023/2024,missing_heatmap_session
743533,Federico Valverde,Real Madrid,LaLiga,2023/2024,missing_heatmap_session
1404415,Fermín López,Barcelona,LaLiga,2023/2024,missing_heatmap_session
881771,Ferran Torres,Barcelona,LaLiga,2023/2024,missing_heatmap_session
184521,Florian Lejeune,Rayo Vallecano,LaLiga,2023/2024,missing_heatmap_session
246438,Gerard Moreno,Villarreal,LaLiga,2023/2024,missing_heatmap_session
186991,Germán Pezzella,Real Betis,LaLiga,2023/2024,missing_heatmap_session
434404,Gonzalo Escalante,Cadiz,LaLiga,2023/2024,missing_heatmap_session
711231,Gorka Guruzeta,Athletic Club,LaLiga,2023/2024,missing_heatmap_session
929838,Hugo Duro,Valencia,LaLiga,2023/2024,missing_heatmap_session
174472,Iago Aspas,Celta Vigo,LaLiga,2023/2024,missing_heatmap_session
645107,Ianis Hagi,Deportivo Alaves,LaLiga,2023/2024,missing_heatmap_session
179772,Iker Muniain,Athletic Club,LaLiga,2023/2024,missing_heatmap_session
1311915,Ilias Akhomach,Villarreal,LaLiga,2023/2024,missing_heatmap_session
178818,Ilkay Gündogan,Barcelona,LaLiga,2023/2024,missing_heatmap_session
191315,Isco,Real Betis,LaLiga,2023/2024,missing_heatmap_session
638010,Isi Palazón,Rayo Vallecano,LaLiga,2023/2024,missing_heatmap_session
967871,Iván Martin,Girona,LaLiga,2023/2024,missing_heatmap_session
604105,Iñaki Williams,Athletic Club,LaLiga,2023/2024,missing_heatmap_session
573748,Jaime Mata,Getafe,LaLiga,2023/2024,missing_heatmap_session
616531,Javi Muñoz,Las Palmas,LaLiga,2023/2024,sportsapi_id_unresolved
1284429,Javier Guerra,Valencia,LaLiga,2023/2024,missing_heatmap_session
794427,Joao Félix,Barcelona,LaLiga,2023/2024,missing_heatmap_session
678192,Jon Guridi,Deportivo Alaves,LaLiga,2023/2024,missing_heatmap_session
466478,Jonathan Bamba,Celta Vigo,LaLiga,2023/2024,missing_heatmap_session
213729,Jonathan Viera,Las Palmas,LaLiga,2023/2024,missing_heatmap_session
797901,Jorge de Frutos,Rayo Vallecano,LaLiga,2023/2024,missing_heatmap_session
172321,Joselu,Real Madrid,LaLiga,2023/2024,missing_heatmap_session
477472,José Luis Morales,Villarreal,LaLiga,2023/2024,missing_heatmap_session
1231032,Juanmi Latasa,Getafe,LaLiga,2023/2024,missing_heatmap_session
1077894,Jude Bellingham,Real Madrid,LaLiga,2023/2024,missing_heatmap_session
705450,Jules Koundé,Barcelona,LaLiga,2023/2024,missing_heatmap_session
821100,Jørgen Strand Larsen,Celta Vigo,LaLiga,2023/2024,missing_heatmap_session
183353,Kike García,Deportivo Alaves,LaLiga,2023/2024,missing_heatmap_session
936206,Kirian Rodríguez,Las Palmas,LaLiga,2023/2024,missing_heatmap_session
1467236,Lamine Yamal,Barcelona,LaLiga,2023/2024,missing_heatmap_session
1077915,Largie Ramazani,Almeria,LaLiga,2023/2024,missing_heatmap_session
780418,Luca de la Torre,Celta Vigo,LaLiga,2023/2024,missing_heatmap_session
561164,Lucas Boyé,Granada,LaLiga,2023/2024,missing_heatmap_session
357080,Lucas Ocampos,Sevilla,LaLiga,2023/2024,missing_heatmap_session
638070,Luis Rioja,Deportivo Alaves,LaLiga,2023/2024,missing_heatmap_session
358127,Léo Baptistão,Almeria,LaLiga,2023/2024,missing_heatmap_session
792249,Marc Cardona,Las Palmas,LaLiga,2023/2024,missing_heatmap_session
602563,Marcos Llorente,Atletico Madrid,LaLiga,2023/2024,missing_heatmap_session
1031325,Martín Zubimendi,Real Sociedad,LaLiga,2023/2024,missing_heatmap_session
950473,Mason Greenwood,Getafe,LaLiga,2023/2024,missing_heatmap_session
303824,Memphis Depay,Atletico Madrid,LaLiga,2023/2024,missing_heatmap_session
942379,Miguel Gutiérrez,Girona,LaLiga,2023/2024,missing_heatmap_session
574645,Mikel Merino,Real Sociedad,LaLiga,2023/2024,missing_heatmap_session
678234,Mikel Oyarzabal,Real Sociedad,LaLiga,2023/2024,missing_heatmap_session
616545,Mikel Vesga,Athletic Club,LaLiga,2023/2024,missing_heatmap_session
522579,Munir El Haddadi,Las Palmas,LaLiga,2023/2024,missing_heatmap_session
948247,Myrto Uzuni,Granada,LaLiga,2023/2024,missing_heatmap_session
469852,Nabil Fekir,Real Betis,LaLiga,2023/2024,missing_heatmap_session
495962,Nemanja Maksimovic,Getafe,LaLiga,2023/2024,missing_heatmap_session
1202110,Nico Williams,Athletic Club,LaLiga,2023/2024,missing_heatmap_session
950545,Oihan Sancet,Athletic Club,LaLiga,2023/2024,missing_heatmap_session
1238154,Pablo Ibánez,Osasuna,LaLiga,2023/2024,missing_heatmap_session
1083323,Pedri,Barcelona,LaLiga,2023/2024,missing_heatmap_session
673689,Pepelu,Valencia,LaLiga,2023/2024,missing_heatmap_session
282692,Portu,Getafe,LaLiga,2023/2024,missing_heatmap_session
696679,Raphinha,Barcelona,LaLiga,2023/2024,missing_heatmap_session
1094778,Raúl García,Osasuna,LaLiga,2023/2024,sportsapi_id_unresolved
359196,Raúl de Tomás,Rayo Vallecano,LaLiga,2023/2024,missing_heatmap_session
93447,Robert Lewandowski,Barcelona,LaLiga,2023/2024,missing_heatmap_session
1011117,Robert Navarro,Cadiz,LaLiga,2023/2024,missing_heatmap_session
1072200,Rodrigo Riquelme,Atletico Madrid,LaLiga,2023/2024,missing_heatmap_session
895362,Rodrygo,Real Madrid,LaLiga,2023/2024,missing_heatmap_session
303088,Roger Martí,Cadiz,LaLiga,2023/2024,missing_heatmap_session
643690,Roman Yaremchuk,Valencia,LaLiga,2023/2024,missing_heatmap_session
921253,Ronald Araujo,Barcelona,LaLiga,2023/2024,missing_heatmap_session
639144,Rubén Alcaraz,Cadiz,LaLiga,2023/2024,missing_heatmap_session
384413,Rubén Garcia,Osasuna,LaLiga,2023/2024,missing_heatmap_session
1414859,Samuel Aghehowa,Granada,LaLiga,2023/2024,missing_heatmap_session
1082941,Samuel Dias Lino,Atletico Madrid,LaLiga,2023/2024,missing_heatmap_session
477615,Sandro Ramírez,Las Palmas,LaLiga,2023/2024,missing_heatmap_session
1174337,Savinho,Girona,LaLiga,2023/2024,missing_heatmap_session
673937,Sergi Canós,Valencia,LaLiga,2023/2024,missing_heatmap_session
1059657,Sergi Cardona,Las Palmas,LaLiga,2023/2024,missing_heatmap_session
282472,Sergi Darder,Mallorca,LaLiga,2023/2024,missing_heatmap_session
1187766,Sergio Arribas,Almeria,LaLiga,2023/2024,missing_heatmap_session
980422,Sergio Camello,Rayo Vallecano,LaLiga,2023/2024,missing_heatmap_session
848289,Takefusa Kubo,Real Sociedad,LaLiga,2023/2024,missing_heatmap_session
590494,Umar Sadiq,Real Sociedad,LaLiga,2023/2024,missing_heatmap_session
517052,Vedat Muriqi,Mallorca,LaLiga,2023/2024,missing_heatmap_session
564847,Viktor Tsigankov,Girona,LaLiga,2023/2024,missing_heatmap_session
846033,Vinícius Júnior,Real Madrid,LaLiga,2023/2024,missing_heatmap_session
179083,Willian José,Real Betis,LaLiga,2023/2024,missing_heatmap_session
730901,Yangel Herrera,Girona,LaLiga,2023/2024,missing_heatmap_session
788555,Youssef En-Nesyri,Sevilla,LaLiga,2023/2024,missing_heatmap_session
942372,Álex Baena,Villarreal,LaLiga,2023/2024,missing_heatmap_session
474658,Álvaro Garcia,Rayo Vallecano,LaLiga,2023/2024,missing_heatmap_session
213501,Álvaro Morata,Atletico Madrid,LaLiga,2023/2024,missing_heatmap_session
432950,Ángel Correa,Atletico Madrid,LaLiga,2023/2024,missing_heatmap_session
952095,Óscar Mingueza,Celta Vigo,LaLiga,2023/2024,missing_heatmap_session
913184,Abdoul Kader Bamba,Nantes,Ligue 1,2023/2024,missing_heatmap_session
439366,Abdoulaye Touré,Le Havre,Ligue 1,2023/2024,missing_heatmap_session
770881,Achraf Hakimi,Paris Saint-Germain,Ligue 1,2023/2024,missing_heatmap_session
317062,Adrien Thomasson,Lens,Ligue 1,2023/2024,missing_heatmap_session
604089,Ainsley Maitland-Niles,Lyon,Ligue 1,2023/2024,missing_heatmap_session
958640,Akor Adams,Montpellier,Ligue 1,2023/2024,missing_heatmap_session
586388,Aleksandr Golovin,Monaco,Ligue 1,2023/2024,missing_heatmap_session
169193,Alexandre Lacazette,Lyon,Ligue 1,2023/2024,missing_heatmap_session
1186553,Alexsandro Ribeiro,Lille,Ligue 1,2023/2024,missing_heatmap_session
844437,Amine Gouiri,Rennes,Ligue 1,2023/2024,missing_heatmap_session
780815,Amine Harit,Marseille,Ligue 1,2023/2024,missing_heatmap_session
95955,André Ayew,Le Havre,Ligue 1,2023/2024,missing_heatmap_session
848667,Angel Gomes,Lille,Ligue 1,2023/2024,missing_heatmap_session
611528,Angelo Fulgini,Lens,Ligue 1,2023/2024,missing_heatmap_session
1095445,Arnaud Kalimuendo-Muinga,Rennes,Ligue 1,2023/2024,missing_heatmap_session
770340,Arnaud Nordin,Montpellier,Ligue 1,2023/2024,missing_heatmap_session
979752,Bafodé Diakité,Lille,Ligue 1,2023/2024,missing_heatmap_session
148830,Benjamin André,Lille,Ligue 1,2023/2024,missing_heatmap_session
441871,Benjamin Bourigeaud,Rennes,Ligue 1,2023/2024,missing_heatmap_session
605858,Bilal Boutobba,Clermont Foot,Ligue 1,2023/2024,missing_heatmap_session
1297165,Bradley Barcola,Lyon,Ligue 1,2023/2024,missing_heatmap_session
950967,Cheikh Sabaly,Metz,Ligue 1,2023/2024,sportsapi_id_unresolved
473852,Corentin Tolisso,Lyon,Ligue 1,2023/2024,missing_heatmap_session
1329461,Danley Jean Jacques,Metz,Ligue 1,2023/2024,missing_heatmap_session
1138769,David Da Costa,Lens,Ligue 1,2023/2024,heatmap_request_failed
1079539,Dilane Bakwa,Strasbourg,Ligue 1,2023/2024,missing_heatmap_session
1243913,Dion Sahi,Strasbourg,Ligue 1,2023/2024,sportsapi_id_unresolved
1339208,Désiré Doué,Rennes,Ligue 1,2023/2024,missing_heatmap_session
862616,Edon Zhegrova,Lille,Ligue 1,2023/2024,missing_heatmap_session
196972,Elbasan Rashani,Clermont Foot,Ligue 1,2023/2024,missing_heatmap_session
1213430,Elye Wahi,Lens,Ligue 1,2023/2024,missing_heatmap_session
1183148,Emanuel Emegha,Strasbourg,Ligue 1,2023/2024,missing_heatmap_session
1114979,Emmanuel Agbadou,Reims,Ligue 1,2023/2024,missing_heatmap_session
848008,Emmanuel Sabbi,Le Havre,Ligue 1,2023/2024,missing_heatmap_session
1338390,Ernest Nuamah,Lyon,Ligue 1,2023/2024,missing_heatmap_session
1087966,Evann Guessand,Nice,Ligue 1,2023/2024,missing_heatmap_session
812652,Facundo Medina,Lens,Ligue 1,2023/2024,missing_heatmap_session
319824,Florent Mollet,Nantes,Ligue 1,2023/2024,missing_heatmap_session
612699,Florian Sotoca,Lens,Ligue 1,2023/2024,missing_heatmap_session
982677,Folarin Balogun,Monaco,Ligue 1,2023/2024,missing_heatmap_session
1324358,Frank Magri,Toulouse,Ligue 1,2023/2024,missing_heatmap_session
420731,Gautier Lloris,Le Havre,Ligue 1,2023/2024,missing_heatmap_session
492158,Gaëtan Laborde,Nice,Ligue 1,2023/2024,missing_heatmap_session
1117069,Georges Mikautadze,Metz,Ligue 1,2023/2024,missing_heatmap_session
940087,Gonçalo Ramos,Paris Saint-Germain,Ligue 1,2023/2024,missing_heatmap_session
562695,Grejohn Kyei,Clermont Foot,Ligue 1,2023/2024,missing_heatmap_session
1285866,Habib Diarra,Strasbourg,Ligue 1,2023/2024,missing_heatmap_session
1033099,Hicham Boudaoui,Nice,Ligue 1,2023/2024,missing_heatmap_session
812415,Hugo Magnetti,Brest,Ligue 1,2023/2024,missing_heatmap_session
1387741,Ibrahim Salah,Rennes,Ligue 1,2023/2024,missing_heatmap_session
965764,Iliman Ndiaye,Marseille,Ligue 1,2023/2024,missing_heatmap_session
771294,Ismaïla Sarr,Marseille,Ligue 1,2023/2024,missing_heatmap_session
1098607,Jake O'Brien,Lyon,Ligue 1,2023/2024,missing_heatmap_session
1011026,Jim Allevinah,Clermont Foot,Ligue 1,2023/2024,missing_heatmap_session
939569,Jonathan David,Lille,Ligue 1,2023/2024,missing_heatmap_session
261313,Jordan Veretout,Marseille,Ligue 1,2023/2024,missing_heatmap_session
955206,Julien Ponceau,Lorient,Ligue 1,2023/2024,missing_heatmap_session
1460534,Junior Kroupi,Lorient,Ligue 1,2023/2024,missing_heatmap_session
604044,Junya Ito,Reims,Ligue 1,2023/2024,missing_heatmap_session
643229,Jérémie Boga,Nice,Ligue 1,2023/2024,missing_heatmap_session
917808,Jérémy Le Douaron,Brest,Ligue 1,2023/2024,missing_heatmap_session
1310270,Kamory Doumbia,Brest,Ligue 1,2023/2024,missing_heatmap_session
887704,Keito Nakamura,Reims,Ligue 1,2023/2024,missing_heatmap_session
1388749,Khalil Fayad,Montpellier,Ligue 1,2023/2024,missing_heatmap_session
980793,Khéphren Thuram-Ulien,Nice,Ligue 1,2023/2024,missing_heatmap_session
701154,Kylian Mbappé,Paris Saint-Germain,Ligue 1,2023/2024,missing_heatmap_session
26392,Kévin Gameiro,Strasbourg,Ligue 1,2023/2024,missing_heatmap_session
1436305,Lamine Camara,Metz,Ligue 1,2023/2024,missing_heatmap_session
693171,Ludovic Blas,Rennes,Ligue 1,2023/2024,missing_heatmap_session
1305618,Maghnes Akliouche,Monaco,Ligue 1,2023/2024,missing_heatmap_session
770321,Mahdi Camara,Brest,Ligue 1,2023/2024,missing_heatmap_session
541933,Mama Baldé,Lyon,Ligue 1,2023/2024,missing_heatmap_session
498033,Marco Asensio,Paris Saint-Germain,Ligue 1,2023/2024,missing_heatmap_session
786580,Marshall Munetsi,Reims,Ligue 1,2023/2024,missing_heatmap_session
770136,Martin Terrier,Rennes,Ligue 1,2023/2024,missing_heatmap_session
1197039,Martín Satriano,Brest,Ligue 1,2023/2024,missing_heatmap_session
725398,Mathias Pereira Lage,Brest,Ligue 1,2023/2024,missing_heatmap_session
1250492,Matthis Abline,Nantes,Ligue 1,2023/2024,missing_heatmap_session
846000,Maxence Caqueret,Lyon,Ligue 1,2023/2024,missing_heatmap_session
891373,Mohamed Bayo,Le Havre,Ligue 1,2023/2024,missing_heatmap_session
965349,Mohamed Daramy,Reims,Ligue 1,2023/2024,missing_heatmap_session
355901,Morgan Sanson,Nice,Ligue 1,2023/2024,missing_heatmap_session
467486,Moses Simon,Nantes,Ligue 1,2023/2024,missing_heatmap_session
817500,Mostafa Mohamed,Nantes,Ligue 1,2023/2024,missing_heatmap_session
813055,Mousa Tamari,Montpellier,Ligue 1,2023/2024,missing_heatmap_session
1092903,Muhammed Cham,Clermont Foot,Ligue 1,2023/2024,heatmap_request_failed
951486,Nabil Alioui,Le Havre,Ligue 1,2023/2024,missing_heatmap_session
1274060,Neil El Aynaoui,Lens,Ligue 1,2023/2024,missing_heatmap_session
195750,Nicolás Tagliafico,Lyon,Ligue 1,2023/2024,missing_heatmap_session
1328540,Oumar Diakité,Reims,Ligue 1,2023/2024,missing_heatmap_session
692984,Ousmane Dembélé,Paris Saint-Germain,Ligue 1,2023/2024,missing_heatmap_session
660462,Pierre Lees-Melou,Brest,Ligue 1,2023/2024,missing_heatmap_session
150565,Pierre-Emerick Aubameyang,Marseille,Ligue 1,2023/2024,missing_heatmap_session
402419,Przemyslaw Frankowski,Lens,Ligue 1,2023/2024,missing_heatmap_session
823825,Randal Kolo Muani,Paris Saint-Germain,Ligue 1,2023/2024,missing_heatmap_session
1104053,Rayan Cherki,Lyon,Ligue 1,2023/2024,missing_heatmap_session
696263,Romain Del Castillo,Brest,Ligue 1,2023/2024,missing_heatmap_session
904021,Romain Faivre,Lorient,Ligue 1,2023/2024,missing_heatmap_session
199834,Rémy Cabella,Lille,Ligue 1,2023/2024,missing_heatmap_session
478112,Samuel Gigot,Marseille,Ligue 1,2023/2024,missing_heatmap_session
744960,Samuel Grandsir,Le Havre,Ligue 1,2023/2024,missing_heatmap_session
822742,Shamar Nicholson,Clermont Foot,Ligue 1,2023/2024,missing_heatmap_session
478527,Steve Mounié,Brest,Ligue 1,2023/2024,missing_heatmap_session
408943,Takumi Minamino,Monaco,Ligue 1,2023/2024,missing_heatmap_session
720733,Teddy Teuma,Reims,Ligue 1,2023/2024,missing_heatmap_session
885005,Terem Moffi,Nice,Ligue 1,2023/2024,missing_heatmap_session
885085,Thijs Dallinga,Toulouse,Ligue 1,2023/2024,missing_heatmap_session
666860,Tino Kadewere,Lyon,Ligue 1,2023/2024,missing_heatmap_session
179515,Téji Savanier,Montpellier,Ligue 1,2023/2024,missing_heatmap_session
1207992,Vanderson,Monaco,Ligue 1,2023/2024,missing_heatmap_session
634310,Vincent Sierro,Toulouse,Ligue 1,2023/2024,missing_heatmap_session
1061249,Vitinha,Paris Saint-Germain,Ligue 1,2023/2024,missing_heatmap_session
1215057,Vítinha,Marseille,Ligue 1,2023/2024,missing_heatmap_session
166019,Wahbi Khazri,Montpellier,Ligue 1,2023/2024,missing_heatmap_session
445856,Wesley Saïd,Lens,Ligue 1,2023/2024,missing_heatmap_session
210184,Wissam Ben Yedder,Monaco,Ligue 1,2023/2024,missing_heatmap_session
954621,Youssouf Fofana,Monaco,Ligue 1,2023/2024,missing_heatmap_session
289001,Yunis Abdelhamid,Reims,Ligue 1,2023/2024,missing_heatmap_session
711559,Yusuf Yazici,Lille,Ligue 1,2023/2024,missing_heatmap_session
352887,Abdoulaye Doucouré,Everton,Premier League,2023/2024,missing_heatmap_session
1203665,Alejandro Garnacho,Manchester United,Premier League,2023/2024,missing_heatmap_session
604785,Alex Iwobi,Everton,Premier League,2023/2024,missing_heatmap_session
690107,Alexander Isak,Newcastle United,Premier League,2023/2024,missing_heatmap_session
831489,Alexis Mac Allister,Liverpool,Premier League,2023/2024,missing_heatmap_session
1185748,Amadou Onana,Everton,Premier League,2023/2024,missing_heatmap_session
575779,Andreas Pereira,Fulham,Premier League,2023/2024,missing_heatmap_session
793820,Anel Ahmedhodzic,Sheffield United,Premier League,2023/2024,missing_heatmap_session
1086012,Ansu Fati,Brighton & Hove Albion,Premier League,2023/2024,missing_heatmap_session
1050166,Anthony Elanga,Nottingham Forest,Premier League,2023/2024,missing_heatmap_session
906937,Anthony Gordon,Newcastle United,Premier League,2023/2024,missing_heatmap_session
933576,Antoine Semenyo,AFC Bournemouth,Premier League,2023/2024,missing_heatmap_session
967622,Antony,Manchester United,Premier League,2023/2024,missing_heatmap_session
1077975,Armando Broja,Chelsea,Premier League,2023/2024,missing_heatmap_session
696646,Axel Disasi,Chelsea,Premier League,2023/2024,missing_heatmap_session
488139,Bernardo Silva,Manchester City,Premier League,2023/2024,missing_heatmap_session
1079485,Beto,Everton,Premier League,2023/2024,missing_heatmap_session
262550,Bobby Reid,Fulham,Premier League,2023/2024,sportsapi_id_unresolved
1076756,Brennan Johnson,Nottingham Forest,Premier League,2023/2024,missing_heatmap_session
422685,Bruno Fernandes,Manchester United,Premier League,2023/2024,missing_heatmap_session
850354,Bruno Guimarães,Newcastle United,Premier League,2023/2024,missing_heatmap_session
923312,Bryan Mbeumo,Brentford,Premier League,2023/2024,missing_heatmap_session
961995,Bukayo Saka,Arsenal,Premier League,2023/2024,missing_heatmap_session
846383,Callum Hudson-Odoi,Nottingham Forest,Premier League,2023/2024,missing_heatmap_session
184321,Callum Wilson,Newcastle United,Premier League,2023/2024,missing_heatmap_session
1086647,Cameron Archer,Sheffield United,Premier League,2023/2024,missing_heatmap_session
562725,Carlton Morris,Luton Town,Premier League,2023/2024,missing_heatmap_session
208494,Casemiro,Manchester United,Premier League,2023/2024,missing_heatmap_session
674009,Chiedozie Ogbene,Luton Town,Premier League,2023/2024,missing_heatmap_session
169719,Chris Wood,Nottingham Forest,Premier League,2023/2024,missing_heatmap_session
266520,Christian Nørgaard,Brentford,Premier League,2023/2024,missing_heatmap_session
806552,Cody Gakpo,Liverpool,Premier League,2023/2024,missing_heatmap_session
1096353,Cole Palmer,Chelsea,Premier League,2023/2024,missing_heatmap_session
966027,Conor Gallagher,Chelsea,Premier League,2023/2024,missing_heatmap_session
789066,Cristian Romero,Tottenham Hotspur,Premier League,2023/2024,missing_heatmap_session
933768,Curtis Jones,Liverpool,Premier League,2023/2024,missing_heatmap_session
1250253,Dango Ouattara,AFC Bournemouth,Premier League,2023/2024,missing_heatmap_session
188058,Daniel Burn,Newcastle United,Premier League,2023/2024,sportsapi_id_unresolved
113836,Danny Welbeck,Brighton & Hove Albion,Premier League,2023/2024,missing_heatmap_session
950561,Darwin Núñez,Liverpool,Premier League,2023/2024,missing_heatmap_session
654096,Declan Rice,Arsenal,Premier League,2023/2024,missing_heatmap_session
935379,Dejan Kulusevski,Tottenham Hotspur,Premier League,2023/2024,missing_heatmap_session
1052898,Destiny Udogie,Tottenham Hotspur,Premier League,2023/2024,missing_heatmap_session
570434,Diego Carlos,Aston Villa,Premier League,2023/2024,missing_heatmap_session
570461,Diogo Jota,Liverpool,Premier League,2023/2024,missing_heatmap_session
426202,Divock Origi,Nottingham Forest,Premier League,2023/2024,missing_heatmap_session
612150,Dominic Calvert-Lewin,Everton,Premier League,2023/2024,missing_heatmap_session
591734,Dominic Solanke,AFC Bournemouth,Premier League,2023/2024,missing_heatmap_session
846005,Dominik Szoboszlai,Liverpool,Premier League,2023/2024,missing_heatmap_session
787350,Douglas Luiz,Aston Villa,Premier League,2023/2024,missing_heatmap_session
939542,Dwight McNeil,Everton,Premier League,2023/2024,missing_heatmap_session
818975,Eberechi Eze,Crystal Palace,Premier League,2023/2024,missing_heatmap_session
860920,Edward Nketiah,Arsenal,Premier League,2023/2024,missing_heatmap_session
873237,Elijah Adebayo,Luton Town,Premier League,2023/2024,missing_heatmap_session
1137705,Enzo Fernández,Chelsea,Premier League,2023/2024,missing_heatmap_session
737066,Erling Haaland,Manchester City,Premier League,2023/2024,missing_heatmap_session
711357,Ethan Pinnock,Brentford,Premier League,2023/2024,missing_heatmap_session
1068482,Evan Ferguson,Brighton & Hove Albion,Premier League,2023/2024,missing_heatmap_session
710159,Ezri Konsa,Aston Villa,Premier League,2023/2024,missing_heatmap_session
189982,Fabian Schär,Newcastle United,Premier League,2023/2024,missing_heatmap_session
1336566,Facundo Buonanotte,Brighton & Hove Albion,Premier League,2023/2024,missing_heatmap_session
856685,Frank Onyeka,Brentford,Premier League,2023/2024,missing_heatmap_session
795179,Gabriel,Arsenal,Premier League,2023/2024,sportsapi_id_unresolved
576165,Gabriel Jesus,Arsenal,Premier League,2023/2024,missing_heatmap_session
1021586,Gabriel Martinelli,Arsenal,Premier League,2023/2024,missing_heatmap_session
775355,Gustavo Hamer,Sheffield United,Premier League,2023/2024,missing_heatmap_session
494417,Harry Wilson,Fulham,Premier League,2023/2024,missing_heatmap_session
760359,Harvey Barnes,Newcastle United,Premier League,2023/2024,missing_heatmap_session
963964,Harvey Elliott,Liverpool,Premier League,2023/2024,missing_heatmap_session
620026,Hee-Chan Hwang,Wolverhampton Wanderers,Premier League,2023/2024,missing_heatmap_session
212867,Heung-Min Son,Tottenham Hotspur,Premier League,2023/2024,missing_heatmap_session
312765,Jack Grealish,Manchester City,Premier League,2023/2024,missing_heatmap_session
751649,Jack Harrison,Everton,Premier League,2023/2024,missing_heatmap_session
802245,Jacob Brown,Luton Town,Premier League,2023/2024,sportsapi_id_unresolved
655575,Jacob Bruun Larsen,Burnley,Premier League,2023/2024,missing_heatmap_session
521148,Jacob Murphy,Newcastle United,Premier League,2023/2024,missing_heatmap_session
950474,James Garner,Everton,Premier League,2023/2024,missing_heatmap_session
493165,James Maddison,Tottenham Hotspur,Premier League,2023/2024,missing_heatmap_session
1107648,James McAtee,Sheffield United,Premier League,2023/2024,missing_heatmap_session
243138,James Tarkowski,Everton,Premier League,2023/2024,missing_heatmap_session
279490,James Ward-Prowse,West Ham United,Premier League,2023/2024,missing_heatmap_session
523825,Jarrod Bowen,West Ham United,Premier League,2023/2024,missing_heatmap_session
109491,Jay Rodriguez,Burnley,Premier League,2023/2024,missing_heatmap_session
789646,Jayden Bogle,Sheffield United,Premier League,2023/2024,missing_heatmap_session
706297,Jean-Philippe Mateta,Crystal Palace,Premier League,2023/2024,missing_heatmap_session
466672,Jefferson Lerma,Crystal Palace,Premier League,2023/2024,missing_heatmap_session
1088066,Jhon Durán,Aston Villa,Premier League,2023/2024,missing_heatmap_session
535936,Joelinton,Newcastle United,Premier League,2023/2024,missing_heatmap_session
356406,John McGinn,Aston Villa,Premier League,2023/2024,missing_heatmap_session
154280,Jordan Ayew,Crystal Palace,Premier League,2023/2024,missing_heatmap_session
1070712,Josko Gvardiol,Manchester City,Premier League,2023/2024,missing_heatmap_session
524434,João Palhinha,Fulham,Premier League,2023/2024,missing_heatmap_session
1021382,João Pedro,Brighton & Hove Albion,Premier League,2023/2024,missing_heatmap_session
974753,Julián Álvarez,Manchester City,Premier League,2023/2024,missing_heatmap_session
794253,Justin Kluivert,AFC Bournemouth,Premier League,2023/2024,missing_heatmap_session
942368,Jérémy Doku,Manchester City,Premier League,2023/2024,missing_heatmap_session
749736,Kai Havertz,Arsenal,Premier League,2023/2024,missing_heatmap_session
862608,Kaoru Mitoma,Brighton & Hove Albion,Premier League,2023/2024,missing_heatmap_session
1010426,Keane Lewis-Potter,Brentford,Premier League,2023/2024,missing_heatmap_session
318615,Leandro Trossard,Arsenal,Premier League,2023/2024,missing_heatmap_session
671331,Leon Bailey,Aston Villa,Premier League,2023/2024,missing_heatmap_session
201690,Lewis Dunk,Brighton & Hove Albion,Premier League,2023/2024,missing_heatmap_session
766435,Lucas Paquetá,West Ham United,Premier League,2023/2024,missing_heatmap_session
860914,Luis Díaz,Liverpool,Premier League,2023/2024,missing_heatmap_session
846369,Luis Sinisterra,AFC Bournemouth,Premier League,2023/2024,missing_heatmap_session
881500,Lyle Foster,Burnley,Premier League,2023/2024,missing_heatmap_session
785411,Marcos Senesi,AFC Bournemouth,Premier League,2023/2024,missing_heatmap_session
696365,Marcus Rashford,Manchester United,Premier League,2023/2024,missing_heatmap_session
789630,Marcus Tavernier,AFC Bournemouth,Premier League,2023/2024,missing_heatmap_session
421786,Mario Lemina,Wolverhampton Wanderers,Premier League,2023/2024,missing_heatmap_session
534670,Martin Ødegaard,Arsenal,Premier League,2023/2024,missing_heatmap_session
863098,Matheus Cunha,Wolverhampton Wanderers,Premier League,2023/2024,missing_heatmap_session
729731,Matty Cash,Aston Villa,Premier League,2023/2024,missing_heatmap_session
1029063,Michael Olise,Crystal Palace,Premier League,2023/2024,missing_heatmap_session
158545,Michail Antonio,West Ham United,Premier League,2023/2024,missing_heatmap_session
442277,Miguel Almirón,Newcastle United,Premier League,2023/2024,missing_heatmap_session
292462,Mohamed Salah,Liverpool,Premier League,2023/2024,missing_heatmap_session
891743,Mohammed Kudus,West Ham United,Premier League,2023/2024,missing_heatmap_session
789502,Morgan Gibbs-White,Nottingham Forest,Premier League,2023/2024,missing_heatmap_session
923498,Moussa Diaby,Aston Villa,Premier League,2023/2024,missing_heatmap_session
976506,Mykhaylo Mudryk,Chelsea,Premier League,2023/2024,sportsapi_id_unresolved
417068,Nathan Aké,Manchester City,Premier League,2023/2024,missing_heatmap_session
961306,Nathan Collins,Brentford,Premier League,2023/2024,missing_heatmap_session
391064,Neal Maupay,Everton,Premier League,2023/2024,missing_heatmap_session
1197347,Nicolas Jackson,Chelsea,Premier League,2023/2024,missing_heatmap_session
818893,Nicolò Zaniolo,Aston Villa,Premier League,2023/2024,missing_heatmap_session
1084981,Noni Madueke,Chelsea,Premier League,2023/2024,missing_heatmap_session
637746,Odsonne Édouard,Crystal Palace,Premier League,2023/2024,missing_heatmap_session
509151,Oli McBurnie,Sheffield United,Premier League,2023/2024,missing_heatmap_session
540088,Ollie Watkins,Aston Villa,Premier League,2023/2024,missing_heatmap_session
240054,Pablo Sarabia,Wolverhampton Wanderers,Premier League,2023/2024,missing_heatmap_session
1107280,Pape Sarr,Tottenham Hotspur,Premier League,2023/2024,missing_heatmap_session
167008,Pascal Groß,Brighton & Hove Albion,Premier League,2023/2024,missing_heatmap_session
843040,Pedro Neto,Wolverhampton Wanderers,Premier League,2023/2024,missing_heatmap_session
941573,Pedro Porro,Tottenham Hotspur,Premier League,2023/2024,missing_heatmap_session
815006,Phil Foden,Manchester City,Premier League,2023/2024,missing_heatmap_session
532743,Philip Billing,AFC Bournemouth,Premier League,2023/2024,missing_heatmap_session
246575,Raheem Sterling,Chelsea,Premier League,2023/2024,missing_heatmap_session
1199272,Rasmus Højlund,Manchester United,Premier League,2023/2024,missing_heatmap_session
292313,Raul Jiménez,Fulham,Premier League,2023/2024,missing_heatmap_session
933845,Rayan Aït-Nouri,Wolverhampton Wanderers,Premier League,2023/2024,missing_heatmap_session
654908,Richarlison,Tottenham Hotspur,Premier League,2023/2024,missing_heatmap_session
675088,Rodri,Manchester City,Premier League,2023/2024,missing_heatmap_session
1128945,Rodrigo Muniz,Fulham,Premier League,2023/2024,missing_heatmap_session
215384,Ross Barkley,Luton Town,Premier League,2023/2024,missing_heatmap_session
439369,Ryan Christie,AFC Bournemouth,Premier League,2023/2024,missing_heatmap_session
775614,Ryan Yates,Nottingham Forest,Premier League,2023/2024,missing_heatmap_session
843099,Scott McTominay,Manchester United,Premier League,2023/2024,missing_heatmap_session
820024,Sean Longstaff,Newcastle United,Premier League,2023/2024,missing_heatmap_session
1227012,Simon Adingra,Brighton & Hove Albion,Premier League,2023/2024,missing_heatmap_session
751066,Tahith Chong,Luton Town,Premier League,2023/2024,missing_heatmap_session
643717,Taiwo Awoniyi,Nottingham Forest,Premier League,2023/2024,missing_heatmap_session
524437,Tomás Soucek,West Ham United,Premier League,2023/2024,missing_heatmap_session
760712,Trent Alexander-Arnold,Liverpool,Premier League,2023/2024,missing_heatmap_session
209405,Virgil van Dijk,Liverpool,Premier League,2023/2024,missing_heatmap_session
94086,Willian,Fulham,Premier League,2023/2024,missing_heatmap_session
1341387,Wilson Odobert,Burnley,Premier League,2023/2024,missing_heatmap_session
666857,Yoane Wissa,Brentford,Premier League,2023/2024,missing_heatmap_session
1067168,Zeki Amdouni,Burnley,Premier League,2023/2024,missing_heatmap_session
748380,Abel Ruiz,Braga,Primeira Liga,2023/2024,missing_heatmap_session
892751,Alan,Moreirense,Primeira Liga,2023/2024,missing_heatmap_session
952781,Alberto Soro,Vizela,Primeira Liga,2023/2024,missing_heatmap_session
929835,Alejandro Marqués,Estoril,Primeira Liga,2023/2024,missing_heatmap_session
505960,Ali Alipour,Gil Vicente,Primeira Liga,2023/2024,missing_heatmap_session
919919,André,Vitoria de Guimaraes,Primeira Liga,2023/2024,heatmap_request_failed
1284944,André Luiz,Estrela da Amadora,Primeira Liga,2023/2024,missing_heatmap_session
1292092,António Silva,Benfica,Primeira Liga,2023/2024,missing_heatmap_session
670948,Arthur Cabral,Benfica,Primeira Liga,2023/2024,missing_heatmap_session
361322,Bruma,Braga,Primeira Liga,2023/2024,missing_heatmap_session
951043,Bruno Duarte,Farense,Primeira Liga,2023/2024,missing_heatmap_session
1052464,Bruno Lourenço,Boavista,Primeira Liga,2023/2024,missing_heatmap_session
358676,Carlinhos,Portimonense,Primeira Liga,2023/2024,missing_heatmap_session
1102240,Casper Tengstedt,Benfica,Primeira Liga,2023/2024,missing_heatmap_session
387525,Cassiano,Estoril,Primeira Liga,2023/2024,missing_heatmap_session
1127007,Chiquinho,Famalicao,Primeira Liga,2023/2024,missing_heatmap_session
1290479,Clayton,Casa Pia AC,Primeira Liga,2023/2024,missing_heatmap_session
864779,Cláudio Falcão,Farense,Primeira Liga,2023/2024,missing_heatmap_session
1079456,Costinha,Rio Ave,Primeira Liga,2023/2024,missing_heatmap_session
573784,Cristo González,Arouca,Primeira Liga,2023/2024,missing_heatmap_session
793066,David Neres,Benfica,Primeira Liga,2023/2024,missing_heatmap_session
783619,Elves,Farense,Primeira Liga,2023/2024,heatmap_request_failed
561219,Emmanuel Boateng,Rio Ave,Primeira Liga,2023/2024,missing_heatmap_session
1098096,Evanilson,FC Porto,Primeira Liga,2023/2024,missing_heatmap_session
916351,Felippe Cardoso,Casa Pia AC,Primeira Liga,2023/2024,missing_heatmap_session
1185336,Francisco Conceição,FC Porto,Primeira Liga,2023/2024,missing_heatmap_session
310768,Fredrik Aursnes,Benfica,Primeira Liga,2023/2024,missing_heatmap_session
1288115,Fábio Ronaldo,Rio Ave,Primeira Liga,2023/2024,missing_heatmap_session
942358,Félix Correia,Gil Vicente,Primeira Liga,2023/2024,missing_heatmap_session
1288187,Gabriel Pereira,Gil Vicente,Primeira Liga,2023/2024,missing_heatmap_session
773062,Gaïus Makouta,Boavista,Primeira Liga,2023/2024,missing_heatmap_session
1088753,Geny Catamo,Sporting CP,Primeira Liga,2023/2024,missing_heatmap_session
1395482,Gustavo Sá,Famalicao,Primeira Liga,2023/2024,missing_heatmap_session
915102,Hidemasa Morita,Sporting CP,Primeira Liga,2023/2024,missing_heatmap_session
575229,Héctor Hernández,Chaves,Primeira Liga,2023/2024,missing_heatmap_session
1524518,Hélio Varela,Portimonense,Primeira Liga,2023/2024,missing_heatmap_session
451984,Jason,Arouca,Primeira Liga,2023/2024,missing_heatmap_session
523414,Jhonder Cádiz,Famalicao,Primeira Liga,2023/2024,missing_heatmap_session
694773,Jo,Chaves,Primeira Liga,2023/2024,sportsapi_id_unresolved
300916,Joao Mário,Benfica,Primeira Liga,2023/2024,missing_heatmap_session
566470,Joca,Rio Ave,Primeira Liga,2023/2024,missing_heatmap_session
1114798,Jota Silva,Vitoria de Guimaraes,Primeira Liga,2023/2024,missing_heatmap_session
435902,João Camacho,Moreirense,Primeira Liga,2023/2024,missing_heatmap_session
666950,João Correia,Chaves,Primeira Liga,2023/2024,missing_heatmap_session
1428671,João Marques,Estoril,Primeira Liga,2023/2024,missing_heatmap_session
874318,João Mendes,Vitoria de Guimaraes,Primeira Liga,2023/2024,missing_heatmap_session
924315,Kanya Fujimoto,Gil Vicente,Primeira Liga,2023/2024,missing_heatmap_session
957181,Kikas,Estrela da Amadora,Primeira Liga,2023/2024,missing_heatmap_session
671899,Kobamelo Kodisang,Moreirense,Primeira Liga,2023/2024,missing_heatmap_session
1165261,Leandro Sanca,Chaves,Primeira Liga,2023/2024,missing_heatmap_session
1079235,Léo Cordeiro,Estrela da Amadora,Primeira Liga,2023/2024,missing_heatmap_session
796803,Léo Jabá,Estrela da Amadora,Primeira Liga,2023/2024,missing_heatmap_session
1116481,Madson,Moreirense,Primeira Liga,2023/2024,sportsapi_id_unresolved
40946,Marco Matias,Farense,Primeira Liga,2023/2024,missing_heatmap_session
637744,Marcus Edwards,Sporting CP,Primeira Liga,2023/2024,missing_heatmap_session
1187623,Matheus Pereira,Vizela,Primeira Liga,2023/2024,missing_heatmap_session
323380,Mattheus,Farense,Primeira Liga,2023/2024,missing_heatmap_session
520450,Maxime Dominguez,Gil Vicente,Primeira Liga,2023/2024,missing_heatmap_session
619506,Mehdi Taremi,FC Porto,Primeira Liga,2023/2024,missing_heatmap_session
872405,Miguel Reisinho,Boavista,Primeira Liga,2023/2024,missing_heatmap_session
1231090,Mohamed Belloumi,Farense,Primeira Liga,2023/2024,missing_heatmap_session
689050,Morlaye Sylla,Arouca,Primeira Liga,2023/2024,missing_heatmap_session
586719,Murilo,Gil Vicente,Primeira Liga,2023/2024,missing_heatmap_session
1280132,Nico González,FC Porto,Primeira Liga,2023/2024,missing_heatmap_session
174321,Nicolás Otamendi,Benfica,Primeira Liga,2023/2024,missing_heatmap_session
1188608,Nuno Moreira,Vizela,Primeira Liga,2023/2024,missing_heatmap_session
554283,Nuno Santos,Sporting CP,Primeira Liga,2023/2024,missing_heatmap_session
935409,Orkun Kökcü,Benfica,Primeira Liga,2023/2024,missing_heatmap_session
361377,Paulinho,Sporting CP,Primeira Liga,2023/2024,missing_heatmap_session
164053,Pedro Tiba,Gil Vicente,Primeira Liga,2023/2024,missing_heatmap_session
940134,Pedrão,Portimonense,Primeira Liga,2023/2024,missing_heatmap_session
850356,Pepê,FC Porto,Primeira Liga,2023/2024,missing_heatmap_session
875133,Pote,Sporting CP,Primeira Liga,2023/2024,sportsapi_id_unresolved
741103,Rafa Mújica,Arouca,Primeira Liga,2023/2024,missing_heatmap_session
477023,Rafa Silva,Benfica,Primeira Liga,2023/2024,missing_heatmap_session
814869,Rafik Guitane,Estoril,Primeira Liga,2023/2024,missing_heatmap_session
1300483,Regis N'Do,Estrela da Amadora,Primeira Liga,2023/2024,missing_heatmap_session
432591,Ricardo Horta,Braga,Primeira Liga,2023/2024,missing_heatmap_session
824655,Ricardo Mangas,Vitoria de Guimaraes,Primeira Liga,2023/2024,missing_heatmap_session
1192166,Rodrigo Gomes,Estoril,Primeira Liga,2023/2024,missing_heatmap_session
1070776,Rodrigo Zalazar,Braga,Primeira Liga,2023/2024,missing_heatmap_session
1260020,Ronald Pereira,Estrela da Amadora,Primeira Liga,2023/2024,missing_heatmap_session
717260,Ronaldo Tavares,Estrela da Amadora,Primeira Liga,2023/2024,missing_heatmap_session
860287,Ronie Carrillo,Portimonense,Primeira Liga,2023/2024,missing_heatmap_session
776568,Rui Costa,Farense,Primeira Liga,2023/2024,missing_heatmap_session
922622,Róbert Bozeník,Boavista,Primeira Liga,2023/2024,missing_heatmap_session
214449,Salvador Agra,Boavista,Primeira Liga,2023/2024,missing_heatmap_session
667952,Samu,Vizela,Primeira Liga,2023/2024,missing_heatmap_session
958232,Samuel Essende,Vizela,Primeira Liga,2023/2024,missing_heatmap_session
165526,Sebastián Coates,Sporting CP,Primeira Liga,2023/2024,missing_heatmap_session
696932,Simon Banza,Braga,Primeira Liga,2023/2024,missing_heatmap_session
1098807,Sylvester Jasper,Portimonense,Primeira Liga,2023/2024,missing_heatmap_session
1187392,Tiago Morais,Boavista,Primeira Liga,2023/2024,missing_heatmap_session
422812,Tiago Silva,Vitoria de Guimaraes,Primeira Liga,2023/2024,missing_heatmap_session
1436985,Tidjany Touré,Gil Vicente,Primeira Liga,2023/2024,missing_heatmap_session
640123,Toni Martínez,FC Porto,Primeira Liga,2023/2024,missing_heatmap_session
732282,Trincão,Sporting CP,Primeira Liga,2023/2024,missing_heatmap_session
664500,Viktor Gyökeres,Sporting CP,Primeira Liga,2023/2024,missing_heatmap_session
776972,Wenderson Galeno,FC Porto,Primeira Liga,2023/2024,missing_heatmap_session
955320,Yuki Soma,Casa Pia AC,Primeira Liga,2023/2024,missing_heatmap_session
1355668,Álvaro Djaló,Braga,Primeira Liga,2023/2024,missing_heatmap_session
46509,Ángel Di Maria,Benfica,Primeira Liga,2023/2024,missing_heatmap_session
690516,Ademola Lookman,Atalanta,Serie A,2023/2024,missing_heatmap_session
352879,Adrien Rabiot,Juventus,Serie A,2023/2024,missing_heatmap_session
665188,Albert Gudmundsson,Genoa,Serie A,2023/2024,missing_heatmap_session
822789,Alberto Dossena,Cagliari,Serie A,2023/2024,missing_heatmap_session
442581,Aleksey Miranchuk,Atalanta,Serie A,2023/2024,missing_heatmap_session
449283,Alessandro Deiola,Cagliari,Serie A,2023/2024,missing_heatmap_session
921341,Alexis Saelemaekers,Bologna,Serie A,2023/2024,missing_heatmap_session
50047,Alexis Sánchez,Inter,Serie A,2023/2024,missing_heatmap_session
544693,Amir Rrahmani,Napoli,Serie A,2023/2024,missing_heatmap_session
309726,Andrea Belotti,Roma,Serie A,2023/2024,missing_heatmap_session
1078846,Andrea Cambiaso,Juventus,Serie A,2023/2024,missing_heatmap_session
937462,Andrea Colpani,Monza,Serie A,2023/2024,missing_heatmap_session
750030,Andrea Pinamonti,Sassuolo,Serie A,2023/2024,missing_heatmap_session
11685,Antonio Candreva,Salernitana,Serie A,2023/2024,missing_heatmap_session
474448,Antonio Sanabria,Torino,Serie A,2023/2024,missing_heatmap_session
277460,Arkadiusz Milik,Juventus,Serie A,2023/2024,missing_heatmap_session
935769,Armand Laurienté,Sassuolo,Serie A,2023/2024,missing_heatmap_session
299799,Bryan Cristante,Roma,Serie A,2023/2024,missing_heatmap_session
424614,Caleb Ekuban,Genoa,Serie A,2023/2024,missing_heatmap_session
1095432,Charles De Ketelaere,Atalanta,Serie A,2023/2024,missing_heatmap_session
688295,Christian Pulisic,Milan,Serie A,2023/2024,missing_heatmap_session
1297995,Chukwubuikem Ikwuemesi,Salernitana,Serie A,2023/2024,missing_heatmap_session
161660,Ciro Immobile,Lazio,Serie A,2023/2024,missing_heatmap_session
994403,Cyril Ngonge,Hellas Verona,Serie A,2023/2024,missing_heatmap_session
1022649,Dan Ndoye,Bologna,Serie A,2023/2024,missing_heatmap_session
737339,Dany Mota,Monza,Serie A,2023/2024,missing_heatmap_session
119014,Darko Lazovic,Hellas Verona,Serie A,2023/2024,missing_heatmap_session
815431,Davide Frattesi,Inter,Serie A,2023/2024,missing_heatmap_session
244811,Davide Zappacosta,Atalanta,Serie A,2023/2024,missing_heatmap_session
593118,Denzel Dumfries,Inter,Serie A,2023/2024,missing_heatmap_session
737857,Dusan Vlahovic,Juventus,Serie A,2023/2024,missing_heatmap_session
116555,Duván Zapata,Atalanta,Serie A,2023/2024,missing_heatmap_session
619513,Eldor Shomurodov,Cagliari,Serie A,2023/2024,missing_heatmap_session
1014630,Emil Holm,Atalanta,Serie A,2023/2024,missing_heatmap_session
526450,Emmanuel Quartsin Gyasi,Empoli,Serie A,2023/2024,sportsapi_id_unresolved
543306,Federico Bonazzoli,Hellas Verona,Serie A,2023/2024,missing_heatmap_session
784510,Federico Chiesa,Juventus,Serie A,2023/2024,missing_heatmap_session
605224,Federico Dimarco,Inter,Serie A,2023/2024,missing_heatmap_session
1189288,Federico Gatti,Juventus,Serie A,2023/2024,missing_heatmap_session
230190,Felipe Anderson,Lazio,Serie A,2023/2024,missing_heatmap_session
749662,Fikayo Tomori,Milan,Serie A,2023/2024,missing_heatmap_session
254308,Florian Thauvin,Udinese,Serie A,2023/2024,missing_heatmap_session
155254,Francesco Caputo,Empoli,Serie A,2023/2024,missing_heatmap_session
612863,Frank Anguissa,Napoli,Serie A,2023/2024,missing_heatmap_session
836436,Gabriel Strefezza,Lecce,Serie A,2023/2024,missing_heatmap_session
127460,Giacomo Bonaventura,Fiorentina,Serie A,2023/2024,missing_heatmap_session
951743,Giacomo Raspadori,Napoli,Serie A,2023/2024,missing_heatmap_session
231521,Gianluca Lapadula,Cagliari,Serie A,2023/2024,missing_heatmap_session
721089,Gianluca Scamacca,Atalanta,Serie A,2023/2024,missing_heatmap_session
414906,Giovanni Di Lorenzo,Napoli,Serie A,2023/2024,missing_heatmap_session
1276505,Giovanni Fabbian,Bologna,Serie A,2023/2024,missing_heatmap_session
469615,Giovanni Simeone,Napoli,Serie A,2023/2024,missing_heatmap_session
776571,Giulio Maggiore,Salernitana,Serie A,2023/2024,missing_heatmap_session
625797,Grigoris Kastanos,Salernitana,Serie A,2023/2024,missing_heatmap_session
304733,Hakan Çalhanoglu,Inter,Serie A,2023/2024,missing_heatmap_session
73167,Henrikh Mkhitaryan,Inter,Serie A,2023/2024,missing_heatmap_session
534484,Isaac Success,Udinese,Serie A,2023/2024,missing_heatmap_session
1036182,Ivan Ilic,Torino,Serie A,2023/2024,missing_heatmap_session
637745,Jonathan Ikoné,Fiorentina,Serie A,2023/2024,missing_heatmap_session
950830,Joshua Zirkzee,Bologna,Serie A,2023/2024,missing_heatmap_session
964661,Kaio Jorge,Frosinone,Serie A,2023/2024,missing_heatmap_session
900433,Khvicha Kvaratskhelia,Napoli,Serie A,2023/2024,missing_heatmap_session
921921,Kristian Thorstvedt,Sassuolo,Serie A,2023/2024,missing_heatmap_session
896377,Lameck Banda,Lecce,Serie A,2023/2024,missing_heatmap_session
690230,Lautaro Martínez,Inter,Serie A,2023/2024,missing_heatmap_session
1050178,Lazar Samardzic,Udinese,Serie A,2023/2024,missing_heatmap_session
237606,Leandro Paredes,Roma,Serie A,2023/2024,missing_heatmap_session
888921,Lewis Ferguson,Bologna,Serie A,2023/2024,missing_heatmap_session
1050163,Lorenzo Colombo,Monza,Serie A,2023/2024,missing_heatmap_session
1212630,Lorenzo Lucca,Udinese,Serie A,2023/2024,missing_heatmap_session
540307,Lorenzo Pellegrini,Roma,Serie A,2023/2024,missing_heatmap_session
1283034,Loum Tchaouna,Salernitana,Serie A,2023/2024,missing_heatmap_session
513982,Luca Mazzitelli,Frosinone,Serie A,2023/2024,missing_heatmap_session
974755,Lucas Beltrán,Fiorentina,Serie A,2023/2024,missing_heatmap_session
638771,Lucas Martínez Quarta,Fiorentina,Serie A,2023/2024,missing_heatmap_session
198566,Luis Alberto,Lazio,Serie A,2023/2024,missing_heatmap_session
463291,Luka Jovic,Milan,Serie A,2023/2024,missing_heatmap_session
613334,M'Bala Nzola,Fiorentina,Serie A,2023/2024,missing_heatmap_session
950596,Marco Brescianini,Frosinone,Serie A,2023/2024,missing_heatmap_session
621562,Marcus Thuram,Inter,Serie A,2023/2024,missing_heatmap_session
446266,Mario Pasalic,Atalanta,Serie A,2023/2024,missing_heatmap_session
110148,Marko Arnautovic,Inter,Serie A,2023/2024,missing_heatmap_session
874621,Martín Payero,Udinese,Serie A,2023/2024,missing_heatmap_session
905546,Mateo Retegui,Genoa,Serie A,2023/2024,missing_heatmap_session
900043,Matheus Henrique,Sassuolo,Serie A,2023/2024,missing_heatmap_session
1280082,Matias Soulé,Frosinone,Serie A,2023/2024,missing_heatmap_session
1146500,Matteo Cancellieri,Empoli,Serie A,2023/2024,missing_heatmap_session
566654,Matteo Pessina,Monza,Serie A,2023/2024,missing_heatmap_session
415539,Matteo Politano,Napoli,Serie A,2023/2024,missing_heatmap_session
1396089,Matteo Prati,Cagliari,Serie A,2023/2024,missing_heatmap_session
541555,Mattia Zaccagni,Lazio,Serie A,2023/2024,missing_heatmap_session
206322,Matías Vecino,Lazio,Serie A,2023/2024,missing_heatmap_session
822440,Michael Folorunsho,Hellas Verona,Serie A,2023/2024,missing_heatmap_session
108381,Milan Djuric,Hellas Verona,Serie A,2023/2024,missing_heatmap_session
747926,Moise Kean,Juventus,Serie A,2023/2024,missing_heatmap_session
643573,Nahitan Nández,Cagliari,Serie A,2023/2024,missing_heatmap_session
822794,Nedim Bajrami,Sassuolo,Serie A,2023/2024,missing_heatmap_session
195199,Nicola Sansone,Lecce,Serie A,2023/2024,missing_heatmap_session
68404,Nicolas Viola,Cagliari,Serie A,2023/2024,missing_heatmap_session
841672,Nicolás González,Fiorentina,Serie A,2023/2024,missing_heatmap_session
541820,Nicolò Barella,Inter,Serie A,2023/2024,missing_heatmap_session
1044029,Nicolò Cambiaghi,Empoli,Serie A,2023/2024,missing_heatmap_session
833638,Nikola Krstovic,Lecce,Serie A,2023/2024,missing_heatmap_session
557677,Nikola Vlasic,Torino,Serie A,2023/2024,missing_heatmap_session
915797,Noah Okafor,Milan,Serie A,2023/2024,missing_heatmap_session
46469,Olivier Giroud,Milan,Serie A,2023/2024,missing_heatmap_session
350634,Ondrej Duda,Hellas Verona,Serie A,2023/2024,missing_heatmap_session
325916,Paulo Dybala,Roma,Serie A,2023/2024,missing_heatmap_session
362212,Piotr Zielinski,Napoli,Serie A,2023/2024,missing_heatmap_session
822589,Pontus Almqvist,Lecce,Serie A,2023/2024,missing_heatmap_session
848844,Rafael Leão,Milan,Serie A,2023/2024,missing_heatmap_session
902651,Raoul Bellanova,Torino,Serie A,2023/2024,missing_heatmap_session
661761,Riccardo Orsolini,Bologna,Serie A,2023/2024,missing_heatmap_session
933817,Riccardo Sottil,Fiorentina,Serie A,2023/2024,missing_heatmap_session
485634,Roberto Gagliardini,Monza,Serie A,2023/2024,missing_heatmap_session
210278,Roberto Pereyra,Udinese,Serie A,2023/2024,missing_heatmap_session
1017401,Roberto Piccoli,Empoli,Serie A,2023/2024,missing_heatmap_session
577911,Rolando Mandragora,Fiorentina,Serie A,2023/2024,missing_heatmap_session
181276,Romelu Lukaku,Roma,Serie A,2023/2024,missing_heatmap_session
604982,Ruben Loftus-Cheek,Milan,Serie A,2023/2024,missing_heatmap_session
557346,Sandi Lovric,Udinese,Serie A,2023/2024,missing_heatmap_session
441309,Sardar Azmoun,Roma,Serie A,2023/2024,missing_heatmap_session
161328,Stephan El Shaarawy,Roma,Serie A,2023/2024,missing_heatmap_session
866516,Teun Koopmeiners,Atalanta,Serie A,2023/2024,missing_heatmap_session
724371,Theo Hernández,Milan,Serie A,2023/2024,missing_heatmap_session
868344,Tijjani Reijnders,Milan,Serie A,2023/2024,missing_heatmap_session
1200591,Tommaso Baldanzi,Empoli,Serie A,2023/2024,missing_heatmap_session
1127054,Tomás Suslov,Hellas Verona,Serie A,2023/2024,missing_heatmap_session
1347567,Valentín Carboni,Monza,Serie A,2023/2024,missing_heatmap_session
823658,Valentín Castellanos,Lazio,Serie A,2023/2024,missing_heatmap_session
687681,Victor Osimhen,Napoli,Serie A,2023/2024,missing_heatmap_session
1078113,Walid Cheddira,Frosinone,Serie A,2023/2024,missing_heatmap_session
848266,Weston McKennie,Juventus,Serie A,2023/2024,missing_heatmap_session
1089744,Zito Luvumbo,Cagliari,Serie A,2023/2024,missing_heatmap_session
957203,Éderson,Atalanta,Serie A,2023/2024,missing_heatmap_session
1203665,Alejandro Garnacho,Manchester United,UEFA Champions League,2023/2024,missing_heatmap_session
50047,Alexis Sánchez,Inter,UEFA Champions League,2023/2024,missing_heatmap_session
611528,Angelo Fulgini,Lens,UEFA Champions League,2023/2024,missing_heatmap_session
184138,Antoine Griezmann,Atletico Madrid,UEFA Champions League,2023/2024,missing_heatmap_session
1073977,Benjamin Sesko,RB Leipzig,UEFA Champions League,2023/2024,missing_heatmap_session
488139,Bernardo Silva,Manchester City,UEFA Champions League,2023/2024,missing_heatmap_session
1297165,Bradley Barcola,Paris Saint-Germain,UEFA Champions League,2023/2024,missing_heatmap_session
750027,Brahim Díaz,Real Madrid,UEFA Champions League,2023/2024,missing_heatmap_session
640122,Brais Méndez,Real Sociedad,UEFA Champions League,2023/2024,missing_heatmap_session
422685,Bruno Fernandes,Manchester United,UEFA Champions League,2023/2024,missing_heatmap_session
961995,Bukayo Saka,Arsenal,UEFA Champions League,2023/2024,missing_heatmap_session
819972,Cherif Ndiaye,FK Crvena Zvezda,UEFA Champions League,2023/2024,missing_heatmap_session
688295,Christian Pulisic,Milan,UEFA Champions League,2023/2024,missing_heatmap_session
161660,Ciro Immobile,Lazio,UEFA Champions League,2023/2024,missing_heatmap_session
955572,Danylo Sikan,Shakhtar Donetsk,UEFA Champions League,2023/2024,missing_heatmap_session
576118,Diogo Gonçalves,FC København,UEFA Champions League,2023/2024,missing_heatmap_session
660301,Donyell Malen,Borussia Dortmund,UEFA Champions League,2023/2024,missing_heatmap_session
727897,Dávid Hancko,Feyenoord,UEFA Champions League,2023/2024,missing_heatmap_session
1213430,Elye Wahi,Lens,UEFA Champions League,2023/2024,missing_heatmap_session
737066,Erling Haaland,Manchester City,UEFA Champions League,2023/2024,missing_heatmap_session
1098096,Evanilson,FC Porto,UEFA Champions League,2023/2024,missing_heatmap_session
605654,Fabián Ruiz,Paris Saint-Germain,UEFA Champions League,2023/2024,missing_heatmap_session
743533,Federico Valverde,Real Madrid,UEFA Champions League,2023/2024,missing_heatmap_session
1404415,Fermín López,Barcelona,UEFA Champions League,2023/2024,missing_heatmap_session
881771,Ferran Torres,Barcelona,UEFA Champions League,2023/2024,missing_heatmap_session
612863,Frank Anguissa,Napoli,UEFA Champions League,2023/2024,missing_heatmap_session
576165,Gabriel Jesus,Arsenal,UEFA Champions League,2023/2024,missing_heatmap_session
1021586,Gabriel Martinelli,Arsenal,UEFA Champions League,2023/2024,missing_heatmap_session
1192398,Georgiy Sudakov,Shakhtar Donetsk,UEFA Champions League,2023/2024,missing_heatmap_session
304733,Hakan Çalhanoglu,Inter,UEFA Champions League,2023/2024,missing_heatmap_session
194165,Harry Kane,Bayern München,UEFA Champions League,2023/2024,missing_heatmap_session
1265963,Igor Paixão,Feyenoord,UEFA Champions League,2023/2024,missing_heatmap_session
1180288,Ismael Saibari,PSV Eindhoven,UEFA Champions League,2023/2024,missing_heatmap_session
312765,Jack Grealish,Manchester City,UEFA Champions League,2023/2024,missing_heatmap_session
1156141,Jamal Musiala,Bayern München,UEFA Champions League,2023/2024,missing_heatmap_session
794427,Joao Félix,Barcelona,UEFA Champions League,2023/2024,missing_heatmap_session
1203194,Johan Bakayoko,PSV Eindhoven,UEFA Champions League,2023/2024,missing_heatmap_session
1077894,Jude Bellingham,Real Madrid,UEFA Champions League,2023/2024,missing_heatmap_session
516846,Julian Brandt,Borussia Dortmund,UEFA Champions League,2023/2024,missing_heatmap_session
974753,Julián Álvarez,Manchester City,UEFA Champions League,2023/2024,missing_heatmap_session
942368,Jérémy Doku,Manchester City,UEFA Champions League,2023/2024,missing_heatmap_session
940976,Kang-In Lee,Paris Saint-Germain,UEFA Champions League,2023/2024,missing_heatmap_session
959594,Karim Adeyemi,Borussia Dortmund,UEFA Champions League,2023/2024,missing_heatmap_session
1117570,Kerem Aktürkoglu,Galatasaray,UEFA Champions League,2023/2024,missing_heatmap_session
429265,Kingsley Coman,Bayern München,UEFA Champions League,2023/2024,missing_heatmap_session
701154,Kylian Mbappé,Paris Saint-Germain,UEFA Champions League,2023/2024,missing_heatmap_session
826089,Kyogo Furuhashi,Celtic,UEFA Champions League,2023/2024,missing_heatmap_session
1467236,Lamine Yamal,Barcelona,UEFA Champions League,2023/2024,missing_heatmap_session
690230,Lautaro Martínez,Inter,UEFA Champions League,2023/2024,missing_heatmap_session
318615,Leandro Trossard,Arsenal,UEFA Champions League,2023/2024,missing_heatmap_session
530859,Leroy Sané,Bayern München,UEFA Champions League,2023/2024,missing_heatmap_session
747767,Loïs Openda,RB Leipzig,UEFA Champions League,2023/2024,missing_heatmap_session
31097,Luka Modric,Real Madrid,UEFA Champions League,2023/2024,missing_heatmap_session
262739,Lukas Lerager,FC København,UEFA Champions League,2023/2024,missing_heatmap_session
215151,Marcel Sabitzer,Borussia Dortmund,UEFA Champions League,2023/2024,missing_heatmap_session
129944,Marco Reus,Borussia Dortmund,UEFA Champions League,2023/2024,missing_heatmap_session
621562,Marcus Thuram,Inter,UEFA Champions League,2023/2024,missing_heatmap_session
534670,Martin Ødegaard,Arsenal,UEFA Champions League,2023/2024,missing_heatmap_session
955529,Matheus Nunes,Manchester City,UEFA Champions League,2023/2024,missing_heatmap_session
282770,Mauro Icardi,Galatasaray,UEFA Champions League,2023/2024,missing_heatmap_session
619506,Mehdi Taremi,FC Porto,UEFA Champions League,2023/2024,missing_heatmap_session
442277,Miguel Almirón,Newcastle United,UEFA Champions League,2023/2024,missing_heatmap_session
574645,Mikel Merino,Real Sociedad,UEFA Champions League,2023/2024,missing_heatmap_session
678234,Mikel Oyarzabal,Real Sociedad,UEFA Champions League,2023/2024,missing_heatmap_session
261936,Mohamed Elyounoussi,FC København,UEFA Champions League,2023/2024,missing_heatmap_session
276791,Niclas Füllkrug,Borussia Dortmund,UEFA Champions League,2023/2024,missing_heatmap_session
1337911,Oscar Gloukh,Salzburg,UEFA Champions League,2023/2024,missing_heatmap_session
692984,Ousmane Dembélé,Paris Saint-Germain,UEFA Champions League,2023/2024,missing_heatmap_session
850356,Pepê,FC Porto,UEFA Champions League,2023/2024,missing_heatmap_session
709796,Petar Musa,Benfica,UEFA Champions League,2023/2024,missing_heatmap_session
815006,Phil Foden,Manchester City,UEFA Champions League,2023/2024,missing_heatmap_session
362212,Piotr Zielinski,Napoli,UEFA Champions League,2023/2024,missing_heatmap_session
477023,Rafa Silva,Benfica,UEFA Champions League,2023/2024,missing_heatmap_session
823825,Randal Kolo Muani,Paris Saint-Germain,UEFA Champions League,2023/2024,missing_heatmap_session
696679,Raphinha,Barcelona,UEFA Champions League,2023/2024,missing_heatmap_session
1199272,Rasmus Højlund,Manchester United,UEFA Champions League,2023/2024,missing_heatmap_session
432591,Ricardo Horta,Braga,UEFA Champions League,2023/2024,missing_heatmap_session
93447,Robert Lewandowski,Barcelona,UEFA Champions League,2023/2024,missing_heatmap_session
518346,Robin Gosens,Union Berlin,UEFA Champions League,2023/2024,missing_heatmap_session
895362,Rodrygo,Real Madrid,UEFA Champions League,2023/2024,missing_heatmap_session
1178504,Roko Simic,Salzburg,UEFA Champions League,2023/2024,missing_heatmap_session
1082941,Samuel Dias Lino,Atletico Madrid,UEFA Champions League,2023/2024,missing_heatmap_session
696932,Simon Banza,Braga,UEFA Champions League,2023/2024,missing_heatmap_session
116772,Thomas Müller,Bayern München,UEFA Champions League,2023/2024,missing_heatmap_session
687681,Victor Osimhen,Napoli,UEFA Champions League,2023/2024,missing_heatmap_session
846033,Vinícius Júnior,Real Madrid,UEFA Champions League,2023/2024,missing_heatmap_session
1061249,Vitinha,Paris Saint-Germain,UEFA Champions League,2023/2024,missing_heatmap_session
776972,Wenderson Galeno,FC Porto,UEFA Champions League,2023/2024,missing_heatmap_session
1173787,Xavi Simons,RB Leipzig,UEFA Champions League,2023/2024,missing_heatmap_session
788555,Youssef En-Nesyri,Sevilla,UEFA Champions League,2023/2024,missing_heatmap_session
213501,Álvaro Morata,Atletico Madrid,UEFA Champions League,2023/2024,missing_heatmap_session
432950,Ángel Correa,Atletico Madrid,UEFA Champions League,2023/2024,missing_heatmap_session
425950,Abdellah Zoubir,Qarabag FK,UEFA Europa League,2023/2024,missing_heatmap_session
969870,Adam Hlozek,Bayer Leverkusen,UEFA Europa League,2023/2024,missing_heatmap_session
690516,Ademola Lookman,Atalanta,UEFA Europa League,2023/2024,missing_heatmap_session
288406,Alejandro Grimaldo,Bayer Leverkusen,UEFA Europa League,2023/2024,missing_heatmap_session
1079557,Amine Adli,Bayer Leverkusen,UEFA Europa League,2023/2024,missing_heatmap_session
844437,Amine Gouiri,Rennes,UEFA Europa League,2023/2024,missing_heatmap_session
780815,Amine Harit,Marseille,UEFA Europa League,2023/2024,missing_heatmap_session
1073143,Azzedine Ounahi,Marseille,UEFA Europa League,2023/2024,missing_heatmap_session
919330,Bahlul Mustafazada,Qarabag FK,UEFA Europa League,2023/2024,missing_heatmap_session
609505,Borja Iglesias,Real Betis,UEFA Europa League,2023/2024,missing_heatmap_session
299799,Bryan Cristante,Roma,UEFA Europa League,2023/2024,missing_heatmap_session
277761,Chancel Mbemba,Marseille,UEFA Europa League,2023/2024,missing_heatmap_session
1095432,Charles De Ketelaere,Atalanta,UEFA Europa League,2023/2024,missing_heatmap_session
806552,Cody Gakpo,Liverpool,UEFA Europa League,2023/2024,missing_heatmap_session
1014980,Daniel Bragança,Sporting CP,UEFA Europa League,2023/2024,missing_heatmap_session
950561,Darwin Núñez,Liverpool,UEFA Europa League,2023/2024,missing_heatmap_session
1152455,Florian Wirtz,Bayer Leverkusen,UEFA Europa League,2023/2024,missing_heatmap_session
659490,Gabriel Suazo,Toulouse,UEFA Europa League,2023/2024,missing_heatmap_session
214972,Geoffrey Kondogbia,Marseille,UEFA Europa League,2023/2024,missing_heatmap_session
588687,Gianluca Mancini,Roma,UEFA Europa League,2023/2024,missing_heatmap_session
721089,Gianluca Scamacca,Atalanta,UEFA Europa League,2023/2024,missing_heatmap_session
1165710,Gonçalo Inácio,Sporting CP,UEFA Europa League,2023/2024,missing_heatmap_session
965764,Iliman Ndiaye,Marseille,UEFA Europa League,2023/2024,missing_heatmap_session
771294,Ismaïla Sarr,Marseille,UEFA Europa League,2023/2024,missing_heatmap_session
523825,Jarrod Bowen,West Ham United,UEFA Europa League,2023/2024,missing_heatmap_session
966018,Jeremie Frimpong,Bayer Leverkusen,UEFA Europa League,2023/2024,missing_heatmap_session
331542,Jonas Hofmann,Bayer Leverkusen,UEFA Europa League,2023/2024,missing_heatmap_session
715301,Jonathan Clauss,Marseille,UEFA Europa League,2023/2024,missing_heatmap_session
261313,Jordan Veretout,Marseille,UEFA Europa League,2023/2024,missing_heatmap_session
728409,Juninho,Qarabag FK,UEFA Europa League,2023/2024,missing_heatmap_session
1124533,Kilian Sildillia,Freiburg,UEFA Europa League,2023/2024,sportsapi_id_unresolved
1171780,Leandro Andrade,Qarabag FK,UEFA Europa League,2023/2024,missing_heatmap_session
237606,Leandro Paredes,Roma,UEFA Europa League,2023/2024,missing_heatmap_session
556524,Lucas Höler,Freiburg,UEFA Europa League,2023/2024,missing_heatmap_session
766435,Lucas Paquetá,West Ham United,UEFA Europa League,2023/2024,missing_heatmap_session
693171,Ludovic Blas,Rennes,UEFA Europa League,2023/2024,missing_heatmap_session
860914,Luis Díaz,Liverpool,UEFA Europa League,2023/2024,missing_heatmap_session
518628,Lukás Haraslín,Sparta Prague,UEFA Europa League,2023/2024,missing_heatmap_session
637744,Marcus Edwards,Sporting CP,UEFA Europa League,2023/2024,missing_heatmap_session
446266,Mario Pasalic,Atalanta,UEFA Europa League,2023/2024,missing_heatmap_session
577904,Marko Jankovic,Qarabag FK,UEFA Europa League,2023/2024,missing_heatmap_session
770136,Martin Terrier,Rennes,UEFA Europa League,2023/2024,missing_heatmap_session
1051097,Matteo Ruggeri,Atalanta,UEFA Europa League,2023/2024,missing_heatmap_session
1210384,Merlin Röhl,Freiburg,UEFA Europa League,2023/2024,missing_heatmap_session
198316,Michael Gregoritsch,Freiburg,UEFA Europa League,2023/2024,missing_heatmap_session
292462,Mohamed Salah,Liverpool,UEFA Europa League,2023/2024,missing_heatmap_session
891743,Mohammed Kudus,West Ham United,UEFA Europa League,2023/2024,missing_heatmap_session
988769,Mojmír Chytil,Slavia Prague,UEFA Europa League,2023/2024,missing_heatmap_session
540097,Patrik Schick,Bayer Leverkusen,UEFA Europa League,2023/2024,missing_heatmap_session
361377,Paulinho,Sporting CP,UEFA Europa League,2023/2024,missing_heatmap_session
325916,Paulo Dybala,Roma,UEFA Europa League,2023/2024,missing_heatmap_session
1137667,Piero Hincapié,Bayer Leverkusen,UEFA Europa League,2023/2024,missing_heatmap_session
150565,Pierre-Emerick Aubameyang,Marseille,UEFA Europa League,2023/2024,missing_heatmap_session
875133,Pote,Sporting CP,UEFA Europa League,2023/2024,sportsapi_id_unresolved
613262,Qazim Laçi,Sparta Prague,UEFA Europa League,2023/2024,missing_heatmap_session
629805,Ritsu Doan,Freiburg,UEFA Europa League,2023/2024,missing_heatmap_session
583601,Roland Sallai,Freiburg,UEFA Europa League,2023/2024,missing_heatmap_session
181276,Romelu Lukaku,Roma,UEFA Europa League,2023/2024,missing_heatmap_session
1227012,Simon Adingra,Brighton & Hove Albion,UEFA Europa League,2023/2024,missing_heatmap_session
161328,Stephan El Shaarawy,Roma,UEFA Europa League,2023/2024,missing_heatmap_session
866516,Teun Koopmeiners,Atalanta,UEFA Europa League,2023/2024,missing_heatmap_session
885085,Thijs Dallinga,Toulouse,UEFA Europa League,2023/2024,missing_heatmap_session
940735,Veljko Birmancevic,Sparta Prague,UEFA Europa League,2023/2024,missing_heatmap_session
1035208,Victor Okoh Boniface,Bayer Leverkusen,UEFA Europa League,2023/2024,missing_heatmap_session
664500,Viktor Gyökeres,Sporting CP,UEFA Europa League,2023/2024,missing_heatmap_session
400625,Vincenzo Grifo,Freiburg,UEFA Europa League,2023/2024,missing_heatmap_session
627499,Václav Jurecka,Slavia Prague,UEFA Europa League,2023/2024,missing_heatmap_session
942372,Álex Baena,Villarreal,UEFA Europa League,2023/2024,missing_heatmap_session
1120987,Abdelkahar Kadri,Kortrijk,Belgian Pro League,2024/2025,missing_heatmap_session
1073421,Adriano Bertaccini,St.Truiden,Belgian Pro League,2024/2025,missing_heatmap_session
1274400,Alan Minda,Cercle Brugge,Belgian Pro League,2024/2025,missing_heatmap_session
1178263,Alfie Devine,Westerlo,Belgian Pro League,2024/2025,missing_heatmap_session
887680,Allahyar Sayyadmanesh,Westerlo,Belgian Pro League,2024/2025,missing_heatmap_session
1477878,Anan Khalaili,Union St.Gilloise,Belgian Pro League,2024/2025,missing_heatmap_session
642230,Andi Zeqiri,Genk,Belgian Pro League,2024/2025,missing_heatmap_session
1050161,Andri Gudjohnsen,Gent,Belgian Pro League,2024/2025,missing_heatmap_session
1386351,Andrés Ferrari,St.Truiden,Belgian Pro League,2024/2025,missing_heatmap_session
1073471,Anouar Ait El Hadj,Union St.Gilloise,Belgian Pro League,2024/2025,missing_heatmap_session
1353364,Anthony Valencia,Royal Antwerp,Belgian Pro League,2024/2025,missing_heatmap_session
945883,Antoine Bernier,Sporting Charleroi,Belgian Pro League,2024/2025,missing_heatmap_session
1127251,Antoine Colassin,Beerschot,Belgian Pro League,2024/2025,missing_heatmap_session
1163219,Ardon Jashari,Club Brugge,Belgian Pro League,2024/2025,missing_heatmap_session
1227813,Atsuki Ito,Gent,Belgian Pro League,2024/2025,missing_heatmap_session
846963,Aurélien Scheidler,FCV Dender EH,Belgian Pro League,2024/2025,missing_heatmap_session
289248,Benito Raman,KV Mechelen,Belgian Pro League,2024/2025,missing_heatmap_session
1431105,Bilal Bafdili,KV Mechelen,Belgian Pro League,2024/2025,missing_heatmap_session
961770,Billal Brahimi,St.Truiden,Belgian Pro League,2024/2025,missing_heatmap_session
445873,Brandon Mechele,Club Brugge,Belgian Pro League,2024/2025,missing_heatmap_session
208929,Brecht Dejaeghere,Kortrijk,Belgian Pro League,2024/2025,missing_heatmap_session
1173031,Bruny Nsimba,FCV Dender EH,Belgian Pro League,2024/2025,missing_heatmap_session
659493,Bryan Heynen,Genk,Belgian Pro League,2024/2025,missing_heatmap_session
1292139,Charly Keita,Beerschot,Belgian Pro League,2024/2025,missing_heatmap_session
1368654,Chemsdine Talbi,Club Brugge,Belgian Pro League,2024/2025,missing_heatmap_session
1452385,Christopher Bonsu Baah,Genk,Belgian Pro League,2024/2025,missing_heatmap_session
1157237,Christos Tzolis,Club Brugge,Belgian Pro League,2024/2025,missing_heatmap_session
1297995,Chukwubuikem Ikwuemesi,OH Leuven,Belgian Pro League,2024/2025,missing_heatmap_session
1054011,Collins Sor,Genk,Belgian Pro League,2024/2025,missing_heatmap_session
768505,Daan Heymans,Sporting Charleroi,Belgian Pro League,2024/2025,missing_heatmap_session
892709,Dennis Eckert,Union St.Gilloise,Belgian Pro League,2024/2025,missing_heatmap_session
776258,Dogucan Haspolat,Westerlo,Belgian Pro League,2024/2025,missing_heatmap_session
940584,Dávid Hrncár,FCV Dender EH,Belgian Pro League,2024/2025,missing_heatmap_session
885319,Ewan Henderson,Beerschot,Belgian Pro League,2024/2025,missing_heatmap_session
1310001,Ezechiel Banzuzi,OH Leuven,Belgian Pro League,2024/2025,missing_heatmap_session
1122232,Faisel Al-Ghamdi,Beerschot,Belgian Pro League,2024/2025,missing_heatmap_session
522203,Federico Ricca,OH Leuven,Belgian Pro League,2024/2025,missing_heatmap_session
1267102,Felipe Augusto,Cercle Brugge,Belgian Pro League,2024/2025,missing_heatmap_session
1102732,Ferrán Jutglà,Club Brugge,Belgian Pro League,2024/2025,missing_heatmap_session
1269992,Franck Surdez,Gent,Belgian Pro League,2024/2025,missing_heatmap_session
1406419,Franjo Ivanovic,Union St.Gilloise,Belgian Pro League,2024/2025,missing_heatmap_session
174747,Geoffry Hairemans,KV Mechelen,Belgian Pro League,2024/2025,missing_heatmap_session
1033176,Griffin Yow,Westerlo,Belgian Pro League,2024/2025,missing_heatmap_session
118241,Gustaf Nilsson,Club Brugge,Belgian Pro League,2024/2025,missing_heatmap_session
519134,Gyrano Kerk,Royal Antwerp,Belgian Pro League,2024/2025,missing_heatmap_session
232299,Hannes van der Bruggen,Cercle Brugge,Belgian Pro League,2024/2025,missing_heatmap_session
203666,Hans Vanaken,Club Brugge,Belgian Pro League,2024/2025,missing_heatmap_session
837064,Hugo Vetlesen,Club Brugge,Belgian Pro League,2024/2025,missing_heatmap_session
1044299,Hyun-Gyu Oh,Genk,Belgian Pro League,2024/2025,missing_heatmap_session
614720,Isaac Mbenza,Sporting Charleroi,Belgian Pro League,2024/2025,missing_heatmap_session
1246270,Isaac Price,Standard Liege,Belgian Pro League,2024/2025,missing_heatmap_session
1109476,Jacob Ondrejka,Royal Antwerp,Belgian Pro League,2024/2025,missing_heatmap_session
1224465,Jarne Steuckers,Genk,Belgian Pro League,2024/2025,missing_heatmap_session
1354085,Joel Ordóñez,Club Brugge,Belgian Pro League,2024/2025,missing_heatmap_session
1296660,Josimar Alcócer,Westerlo,Belgian Pro League,2024/2025,missing_heatmap_session
1557028,Kahveh Zahiroleslam,St.Truiden,Belgian Pro League,2024/2025,missing_heatmap_session
640742,Kasper Dolberg,Anderlecht,Belgian Pro League,2024/2025,missing_heatmap_session
528409,Kerim Mrabti,KV Mechelen,Belgian Pro League,2024/2025,missing_heatmap_session
1421270,Kevin Rodríguez,Union St.Gilloise,Belgian Pro League,2024/2025,missing_heatmap_session
1027594,Konan N’Dri,OH Leuven,Belgian Pro League,2024/2025,missing_heatmap_session
1536436,Konstantinos Karetsas,Genk,Belgian Pro League,2024/2025,missing_heatmap_session
1246235,Lawrence Agyekum,Cercle Brugge,Belgian Pro League,2024/2025,missing_heatmap_session
424129,Leander Dendoncker,Anderlecht,Belgian Pro League,2024/2025,missing_heatmap_session
866165,Lion Lauberbach,KV Mechelen,Belgian Pro League,2024/2025,missing_heatmap_session
1178319,Louis Patris,St.Truiden,Belgian Pro League,2024/2025,missing_heatmap_session
1215735,Luis Vázquez,Anderlecht,Belgian Pro League,2024/2025,missing_heatmap_session
1413996,Luka Vuskovic,Westerlo,Belgian Pro League,2024/2025,missing_heatmap_session
1396064,Léandre Kuavita,Standard Liege,Belgian Pro League,2024/2025,missing_heatmap_session
1435226,Mahamadou Doumbia,Royal Antwerp,Belgian Pro League,2024/2025,missing_heatmap_session
1219672,Mario Stroeykens,Anderlecht,Belgian Pro League,2024/2025,missing_heatmap_session
1399713,Marwan Al-Sahafi,Beerschot,Belgian Pro League,2024/2025,missing_heatmap_session
1190371,Matija Frigan,Westerlo,Belgian Pro League,2024/2025,missing_heatmap_session
1134871,Maxim De Cuyper,Club Brugge,Belgian Pro League,2024/2025,missing_heatmap_session
1257872,Mohamed Berte,FCV Dender EH,Belgian Pro League,2024/2025,missing_heatmap_session
1385177,Mohammed Fuseini,Union St.Gilloise,Belgian Pro League,2024/2025,missing_heatmap_session
1355206,Momodou Sonko,Gent,Belgian Pro League,2024/2025,missing_heatmap_session
1382019,Nacho Ferri,Kortrijk,Belgian Pro League,2024/2025,missing_heatmap_session
848646,Nathan Rôdes,FCV Dender EH,Belgian Pro League,2024/2025,missing_heatmap_session
1275688,Nayel Mehssatou,Kortrijk,Belgian Pro League,2024/2025,missing_heatmap_session
465726,Nikola Storm,KV Mechelen,Belgian Pro League,2024/2025,missing_heatmap_session
1577582,Noah Adedeji-Sternberg,Genk,Belgian Pro League,2024/2025,missing_heatmap_session
1359649,Noah Sadiki,Union St.Gilloise,Belgian Pro League,2024/2025,missing_heatmap_session
1202114,Omri Gandelman,Gent,Belgian Pro League,2024/2025,missing_heatmap_session
1186770,Parfait Guiagon,Sporting Charleroi,Belgian Pro League,2024/2025,missing_heatmap_session
562906,Patrick Pflücke,KV Mechelen,Belgian Pro League,2024/2025,missing_heatmap_session
351661,Patrik Hrosovsky,Genk,Belgian Pro League,2024/2025,missing_heatmap_session
1252132,Promise David,Union St.Gilloise,Belgian Pro League,2024/2025,missing_heatmap_session
1231029,Rafik Belghali,KV Mechelen,Belgian Pro League,2024/2025,missing_heatmap_session
215415,Rob Schoofs,KV Mechelen,Belgian Pro League,2024/2025,missing_heatmap_session
802213,Roman Kvet,FCV Dender EH,Belgian Pro League,2024/2025,missing_heatmap_session
1178453,Romeo Vermant,Club Brugge,Belgian Pro League,2024/2025,missing_heatmap_session
727838,Ryotaro Ito,St.Truiden,Belgian Pro League,2024/2025,missing_heatmap_session
727419,Ryoya Ogawa,St.Truiden,Belgian Pro League,2024/2025,missing_heatmap_session
1130774,Samuel Edozie,Anderlecht,Belgian Pro League,2024/2025,missing_heatmap_session
354494,Siebe Schrijvers,OH Leuven,Belgian Pro League,2024/2025,missing_heatmap_session
1157634,Stefan Mitrovic,OH Leuven,Belgian Pro League,2024/2025,missing_heatmap_session
1110862,Stélios Andreou,Sporting Charleroi,Belgian Pro League,2024/2025,missing_heatmap_session
789532,Thibaud Verlinden,Beerschot,Belgian Pro League,2024/2025,missing_heatmap_session
1106599,Thibo Somers,Cercle Brugge,Belgian Pro League,2024/2025,missing_heatmap_session
607120,Thierry Ambrose,Kortrijk,Belgian Pro League,2024/2025,missing_heatmap_session
1126079,Thomas Van den Keybus,Westerlo,Belgian Pro League,2024/2025,missing_heatmap_session
117541,Tjaronn Chery,Royal Antwerp,Belgian Pro League,2024/2025,missing_heatmap_session
1072864,Tolu Arokodare,Genk,Belgian Pro League,2024/2025,missing_heatmap_session
1276501,Tuur Rommens,Westerlo,Belgian Pro League,2024/2025,missing_heatmap_session
467022,Vincent Janssen,Royal Antwerp,Belgian Pro League,2024/2025,missing_heatmap_session
951973,William Balikwisha,OH Leuven,Belgian Pro League,2024/2025,missing_heatmap_session
1288907,Yacine Titraoui,Sporting Charleroi,Belgian Pro League,2024/2025,missing_heatmap_session
988793,Yari Verschaeren,Anderlecht,Belgian Pro League,2024/2025,missing_heatmap_session
814619,Youssef Maziz,OH Leuven,Belgian Pro League,2024/2025,missing_heatmap_session
1287871,Zakaria El Ouahdi,Genk,Belgian Pro League,2024/2025,missing_heatmap_session
969870,Adam Hlozek,Hoffenheim,Bundesliga,2024/2025,missing_heatmap_session
794393,Adrian Beck,FC Heidenheim,Bundesliga,2024/2025,missing_heatmap_session
294859,Alassane Pléa,Borussia Mönchengladbach,Bundesliga,2024/2025,missing_heatmap_session
288406,Alejandro Grimaldo,Bayer Leverkusen,Bundesliga,2024/2025,missing_heatmap_session
1014688,Alexander Bernhardsson,Holstein Kiel,Bundesliga,2024/2025,missing_heatmap_session
689065,Alexis Claude-Maurice,Augsburg,Bundesliga,2024/2025,missing_heatmap_session
1079557,Amine Adli,Bayer Leverkusen,Bundesliga,2024/2025,missing_heatmap_session
173461,Andrej Kramaric,Hoffenheim,Bundesliga,2024/2025,missing_heatmap_session
1175708,Ansgar Knauff,Eintracht Frankfurt,Bundesliga,2024/2025,missing_heatmap_session
771401,Anthony Caci,Mainz 05,Bundesliga,2024/2025,missing_heatmap_session
881735,Anton Stach,Hoffenheim,Bundesliga,2024/2025,missing_heatmap_session
1191741,Armindo Sieb,Mainz 05,Bundesliga,2024/2025,missing_heatmap_session
1173250,Arthur Theate,Eintracht Frankfurt,Bundesliga,2024/2025,missing_heatmap_session
684983,Atakan Karazor,VfB Stuttgart,Bundesliga,2024/2025,missing_heatmap_session
1185568,Benedict Hollerbach,Union Berlin,Bundesliga,2024/2025,missing_heatmap_session
803163,Benedikt Pichler,Holstein Kiel,Bundesliga,2024/2025,missing_heatmap_session
1073977,Benjamin Sesko,RB Leipzig,Bundesliga,2024/2025,missing_heatmap_session
1367924,Can Uzun,Eintracht Frankfurt,Bundesliga,2024/2025,missing_heatmap_session
892679,Chris Führich,VfB Stuttgart,Bundesliga,2024/2025,missing_heatmap_session
747718,Christoph Baumgartner,RB Leipzig,Bundesliga,2024/2025,missing_heatmap_session
882163,Chukwubuike Adamu,Freiburg,Bundesliga,2024/2025,sportsapi_id_unresolved
813428,Dani de Wit,Bochum,Bundesliga,2024/2025,missing_heatmap_session
724196,Danilho Doekhi,Union Berlin,Bundesliga,2024/2025,missing_heatmap_session
661519,Deniz Undav,VfB Stuttgart,Bundesliga,2024/2025,missing_heatmap_session
1285773,Elias Saad,St. Pauli,Bundesliga,2024/2025,missing_heatmap_session
307021,Emre Can,Borussia Dortmund,Bundesliga,2024/2025,missing_heatmap_session
1050859,Enzo Millot,VfB Stuttgart,Bundesliga,2024/2025,missing_heatmap_session
840241,Ermedin Demirovic,VfB Stuttgart,Bundesliga,2024/2025,missing_heatmap_session
1345875,Farès Chaïbi,Eintracht Frankfurt,Bundesliga,2024/2025,missing_heatmap_session
1152455,Florian Wirtz,Bayer Leverkusen,Bundesliga,2024/2025,missing_heatmap_session
501543,Franck Honorat,Borussia Mönchengladbach,Bundesliga,2024/2025,missing_heatmap_session
625091,Gerrit Holtmann,Bochum,Bundesliga,2024/2025,missing_heatmap_session
388903,Haris Tabakovic,Hoffenheim,Bundesliga,2024/2025,missing_heatmap_session
194165,Harry Kane,Bayern München,Bundesliga,2024/2025,missing_heatmap_session
1197030,Hugo Ekitiké,Eintracht Frankfurt,Bundesliga,2024/2025,missing_heatmap_session
1339269,Hugo Larsson,Eintracht Frankfurt,Bundesliga,2024/2025,missing_heatmap_session
369742,Jackson Irvine,St. Pauli,Bundesliga,2024/2025,missing_heatmap_session
655575,Jacob Bruun Larsen,Hoffenheim,Bundesliga,2024/2025,missing_heatmap_session
523749,Jae-Sung Lee,Mainz 05,Bundesliga,2024/2025,missing_heatmap_session
1156141,Jamal Musiala,Bayern München,Bundesliga,2024/2025,missing_heatmap_session
1113692,Jamie Gittens,Borussia Dortmund,Bundesliga,2024/2025,missing_heatmap_session
1002673,Jan Schöppner,FC Heidenheim,Bundesliga,2024/2025,missing_heatmap_session
844432,Jann-Fiete Arp,Holstein Kiel,Bundesliga,2024/2025,sportsapi_id_unresolved
867080,Jeff Chabot,VfB Stuttgart,Bundesliga,2024/2025,missing_heatmap_session
528811,Jens Stage,Werder Bremen,Bundesliga,2024/2025,missing_heatmap_session
966018,Jeremie Frimpong,Bayer Leverkusen,Bundesliga,2024/2025,missing_heatmap_session
759097,Joakim Mæhle,Wolfsburg,Bundesliga,2024/2025,missing_heatmap_session
638127,Johannes Eggestein,St. Pauli,Bundesliga,2024/2025,missing_heatmap_session
889785,Jonas Wind,Wolfsburg,Bundesliga,2024/2025,missing_heatmap_session
947901,Jonathan Burkardt,Mainz 05,Bundesliga,2024/2025,missing_heatmap_session
613714,Jordan Pefok,Union Berlin,Bundesliga,2024/2025,sportsapi_id_unresolved
516846,Julian Brandt,Borussia Dortmund,Bundesliga,2024/2025,missing_heatmap_session
1137364,Justin Njinmah,Werder Bremen,Bundesliga,2024/2025,missing_heatmap_session
959594,Karim Adeyemi,Borussia Dortmund,Bundesliga,2024/2025,missing_heatmap_session
276739,Kevin Stöger,Borussia Mönchengladbach,Bundesliga,2024/2025,missing_heatmap_session
429265,Kingsley Coman,Bayern München,Bundesliga,2024/2025,missing_heatmap_session
526827,Konrad Laimer,Bayern München,Bundesliga,2024/2025,missing_heatmap_session
343748,Leon Goretzka,Bayern München,Bundesliga,2024/2025,missing_heatmap_session
530859,Leroy Sané,Bayern München,Bundesliga,2024/2025,missing_heatmap_session
747767,Loïs Openda,RB Leipzig,Bundesliga,2024/2025,missing_heatmap_session
556524,Lucas Höler,Freiburg,Bundesliga,2024/2025,missing_heatmap_session
861197,Lukas Nmecha,Wolfsburg,Bundesliga,2024/2025,missing_heatmap_session
1202769,Léo Scienza,FC Heidenheim,Bundesliga,2024/2025,missing_heatmap_session
1024292,Marco Grüll,Werder Bremen,Bundesliga,2024/2025,missing_heatmap_session
177714,Mario Götze,Eintracht Frankfurt,Bundesliga,2024/2025,missing_heatmap_session
626890,Marius Bülter,Hoffenheim,Bundesliga,2024/2025,missing_heatmap_session
343757,Marvin Ducksch,Werder Bremen,Bundesliga,2024/2025,missing_heatmap_session
956913,Marvin Pieringer,FC Heidenheim,Bundesliga,2024/2025,missing_heatmap_session
557805,Mathias Honsak,FC Heidenheim,Bundesliga,2024/2025,missing_heatmap_session
303912,Matthias Ginter,Freiburg,Bundesliga,2024/2025,missing_heatmap_session
647900,Mattias Svanberg,Wolfsburg,Bundesliga,2024/2025,missing_heatmap_session
464981,Matús Bero,Bochum,Bundesliga,2024/2025,missing_heatmap_session
1047667,Maximilian Beier,Borussia Dortmund,Bundesliga,2024/2025,missing_heatmap_session
1029063,Michael Olise,Bayern München,Bundesliga,2024/2025,missing_heatmap_session
298823,Mitchell Weiser,Werder Bremen,Bundesliga,2024/2025,missing_heatmap_session
1134206,Mohamed Amoura,Wolfsburg,Bundesliga,2024/2025,missing_heatmap_session
1092680,Morgan Guilavogui,St. Pauli,Bundesliga,2024/2025,missing_heatmap_session
936618,Moritz Broschinski,Bochum,Bundesliga,2024/2025,missing_heatmap_session
866517,Myron Boadu,Bochum,Bundesliga,2024/2025,missing_heatmap_session
614449,Nadiem Amiri,Mainz 05,Bundesliga,2024/2025,missing_heatmap_session
877700,Nathan Tella,Bayer Leverkusen,Bundesliga,2024/2025,missing_heatmap_session
1395447,Nathaniel Brown,Eintracht Frankfurt,Bundesliga,2024/2025,missing_heatmap_session
1367614,Nelson Weiper,Mainz 05,Bundesliga,2024/2025,missing_heatmap_session
1106563,Nick Woltemade,VfB Stuttgart,Bundesliga,2024/2025,missing_heatmap_session
1231555,Noah Weisshaupt,Freiburg,Bundesliga,2024/2025,missing_heatmap_session
823592,Oladapo Afolayan,St. Pauli,Bundesliga,2024/2025,missing_heatmap_session
609504,Oliver Burke,Werder Bremen,Bundesliga,2024/2025,missing_heatmap_session
839204,Omar Marmoush,Eintracht Frankfurt,Bundesliga,2024/2025,missing_heatmap_session
167008,Pascal Groß,Borussia Dortmund,Bundesliga,2024/2025,missing_heatmap_session
1073498,Patrick Wimmer,Wolfsburg,Bundesliga,2024/2025,missing_heatmap_session
540097,Patrik Schick,Bayer Leverkusen,Bundesliga,2024/2025,missing_heatmap_session
1175939,Paul Nebel,Mainz 05,Bundesliga,2024/2025,missing_heatmap_session
1327149,Paul Wanner,FC Heidenheim,Bundesliga,2024/2025,missing_heatmap_session
1275291,Phil Harres,Holstein Kiel,Bundesliga,2024/2025,missing_heatmap_session
290201,Philipp Hofmann,Bochum,Bundesliga,2024/2025,missing_heatmap_session
686315,Phillip Tietz,Augsburg,Bundesliga,2024/2025,missing_heatmap_session
1137667,Piero Hincapié,Bayer Leverkusen,Bundesliga,2024/2025,missing_heatmap_session
352994,Raphaël Guerreiro,Bayern München,Bundesliga,2024/2025,missing_heatmap_session
722207,Rasmus Kristensen,Eintracht Frankfurt,Bundesliga,2024/2025,missing_heatmap_session
883087,Ridle Baku,Wolfsburg,Bundesliga,2024/2025,missing_heatmap_session
629805,Ritsu Doan,Freiburg,Bundesliga,2024/2025,missing_heatmap_session
884919,Robin Hack,Borussia Mönchengladbach,Bundesliga,2024/2025,missing_heatmap_session
749488,Romano Schmid,Werder Bremen,Bundesliga,2024/2025,missing_heatmap_session
958232,Samuel Essende,Augsburg,Bundesliga,2024/2025,missing_heatmap_session
385437,Serge Gnabry,Bayern München,Bundesliga,2024/2025,missing_heatmap_session
448540,Serhou Guirassy,Borussia Dortmund,Bundesliga,2024/2025,missing_heatmap_session
915111,Shuto Machino,Holstein Kiel,Bundesliga,2024/2025,missing_heatmap_session
673432,Sirlord Conteh,FC Heidenheim,Bundesliga,2024/2025,missing_heatmap_session
212982,Steven Skrzybski,Holstein Kiel,Bundesliga,2024/2025,missing_heatmap_session
116772,Thomas Müller,Bayern München,Bundesliga,2024/2025,missing_heatmap_session
1164506,Tiago Tomás,Wolfsburg,Bundesliga,2024/2025,missing_heatmap_session
442728,Tim Kleindienst,Borussia Mönchengladbach,Bundesliga,2024/2025,missing_heatmap_session
658440,Tim Skarke,Union Berlin,Bundesliga,2024/2025,missing_heatmap_session
1286183,Tom Bischof,Hoffenheim,Bundesliga,2024/2025,missing_heatmap_session
928696,Tomás Cvancara,Borussia Mönchengladbach,Bundesliga,2024/2025,missing_heatmap_session
1035208,Victor Okoh Boniface,Bayer Leverkusen,Bundesliga,2024/2025,missing_heatmap_session
400625,Vincenzo Grifo,Freiburg,Bundesliga,2024/2025,missing_heatmap_session
278856,Willi Orbán,RB Leipzig,Bundesliga,2024/2025,missing_heatmap_session
949673,Woo-Yeong Jeong,Union Berlin,Bundesliga,2024/2025,missing_heatmap_session
1173787,Xavi Simons,RB Leipzig,Bundesliga,2024/2025,missing_heatmap_session
395154,Alen Halilovic,Fortuna Sittard,Eredivisie,2024/2025,missing_heatmap_session
602306,Alessio Da Cruz,Fortuna Sittard,Eredivisie,2024/2025,missing_heatmap_session
466890,Alireza Jahanbakhsh,SC Heerenveen,Eredivisie,2024/2025,missing_heatmap_session
1576876,Anis Hadj Moussa,Feyenoord,Eredivisie,2024/2025,missing_heatmap_session
1285119,Anouar El Azzouzi,PEC Zwolle,Eredivisie,2024/2025,missing_heatmap_session
1286190,Anselmo MacNulty,PEC Zwolle,Eredivisie,2024/2025,sportsapi_id_unresolved
1276312,Antoni Milambo,Feyenoord,Eredivisie,2024/2025,missing_heatmap_session
560413,Arno Verschueren,Sparta Rotterdam,Eredivisie,2024/2025,missing_heatmap_session
942393,Ayase Ueda,Feyenoord,Eredivisie,2024/2025,missing_heatmap_session
467480,Bas Kuipers,FC Twente,Eredivisie,2024/2025,missing_heatmap_session
1347229,Basar Önal,NEC Nijmegen,Eredivisie,2024/2025,missing_heatmap_session
303059,Bertrand Traoré,Ajax,Eredivisie,2024/2025,missing_heatmap_session
940446,Brian Brobbey,Ajax,Eredivisie,2024/2025,missing_heatmap_session
1039566,Brian De Keersmaecker,Heracles,Eredivisie,2024/2025,missing_heatmap_session
1203447,Camiel Neghli,Sparta Rotterdam,Eredivisie,2024/2025,missing_heatmap_session
775537,Carel Eiting,FC Twente,Eredivisie,2024/2025,missing_heatmap_session
1079216,Charles-Andreas Brym,Sparta Rotterdam,Eredivisie,2024/2025,missing_heatmap_session
1276291,Chris Lokesa,RKC Waalwijk,Eredivisie,2024/2025,missing_heatmap_session
1178444,Cisse Sandra,Willem II,Eredivisie,2024/2025,missing_heatmap_session
561619,Clint Leemans,NAC Breda,Eredivisie,2024/2025,missing_heatmap_session
1203490,Daan Rots,FC Twente,Eredivisie,2024/2025,missing_heatmap_session
997577,David Min,FC Utrecht,Eredivisie,2024/2025,missing_heatmap_session
298448,Davy Klaassen,Ajax,Eredivisie,2024/2025,missing_heatmap_session
1075819,Davy van den Berg,PEC Zwolle,Eredivisie,2024/2025,missing_heatmap_session
1668215,Dimitris Rallis,SC Heerenveen,Eredivisie,2024/2025,missing_heatmap_session
864067,Dominik Janosek,NAC Breda,Eredivisie,2024/2025,missing_heatmap_session
1022702,Dylan Mbayo,PEC Zwolle,Eredivisie,2024/2025,missing_heatmap_session
750026,Dylan Vente,PEC Zwolle,Eredivisie,2024/2025,missing_heatmap_session
727897,Dávid Hancko,Feyenoord,Eredivisie,2024/2025,missing_heatmap_session
317287,Elías Már Ómarsson,NAC Breda,Eredivisie,2024/2025,missing_heatmap_session
1033342,Enric Llansana,Go Ahead Eagles,Eredivisie,2024/2025,missing_heatmap_session
1251666,Ernest Poku,AZ Alkmaar,Eredivisie,2024/2025,missing_heatmap_session
972098,Ezequiel Bullaude,Fortuna Sittard,Eredivisie,2024/2025,missing_heatmap_session
939625,Filip Krastev,PEC Zwolle,Eredivisie,2024/2025,missing_heatmap_session
1523822,Gjivai Zechiël,Feyenoord,Eredivisie,2024/2025,missing_heatmap_session
774947,Guus Til,PSV Eindhoven,Eredivisie,2024/2025,missing_heatmap_session
1215410,Ibrahim Osman,Feyenoord,Eredivisie,2024/2025,missing_heatmap_session
887137,Ibrahim Sadiq,AZ Alkmaar,Eredivisie,2024/2025,missing_heatmap_session
1265963,Igor Paixão,Feyenoord,Eredivisie,2024/2025,missing_heatmap_session
1307959,Ilias Sebaoui,SC Heerenveen,Eredivisie,2024/2025,missing_heatmap_session
938375,Ion Nicolaescu,SC Heerenveen,Eredivisie,2024/2025,missing_heatmap_session
1180288,Ismael Saibari,PSV Eindhoven,Eredivisie,2024/2025,missing_heatmap_session
163670,Ivan Perisic,PSV Eindhoven,Eredivisie,2024/2025,missing_heatmap_session
1188247,Jacob Trenskow,SC Heerenveen,Eredivisie,2024/2025,missing_heatmap_session
1155675,Jakob Breum,Go Ahead Eagles,Eredivisie,2024/2025,missing_heatmap_session
680905,Jamiro Monteiro,PEC Zwolle,Eredivisie,2024/2025,missing_heatmap_session
562258,Jan van den Bergh,NAC Breda,Eredivisie,2024/2025,missing_heatmap_session
188557,Jens Toornstra,FC Utrecht,Eredivisie,2024/2025,missing_heatmap_session
98407,Jeremy Bokila,Willem II,Eredivisie,2024/2025,missing_heatmap_session
1076780,Jesse Bosch,Willem II,Eredivisie,2024/2025,missing_heatmap_session
905457,Jizz Hornkamp,Heracles,Eredivisie,2024/2025,missing_heatmap_session
792429,Joey Veerman,PSV Eindhoven,Eredivisie,2024/2025,missing_heatmap_session
1203194,Johan Bakayoko,PSV Eindhoven,Eredivisie,2024/2025,missing_heatmap_session
1419385,Jorg Schreuders,FC Groningen,Eredivisie,2024/2025,missing_heatmap_session
1463260,Juho Talvitie,Heracles,Eredivisie,2024/2025,missing_heatmap_session
874618,Julián Carranza,Feyenoord,Eredivisie,2024/2025,missing_heatmap_session
1334534,Junior Kadile,Almere City FC,Eredivisie,2024/2025,missing_heatmap_session
970565,Kenneth Taylor,Ajax,Eredivisie,2024/2025,missing_heatmap_session
1611223,Kento Shiogai,NEC Nijmegen,Eredivisie,2024/2025,missing_heatmap_session
1218556,Kian Fitz-Jim,Ajax,Eredivisie,2024/2025,missing_heatmap_session
727837,Koki Ogawa,NEC Nijmegen,Eredivisie,2024/2025,missing_heatmap_session
843767,Kornelius Hansen,Almere City FC,Eredivisie,2024/2025,sportsapi_id_unresolved
1098086,Kristian Hlynsson,Ajax,Eredivisie,2024/2025,missing_heatmap_session
510399,Kristoffer Peterson,Fortuna Sittard,Eredivisie,2024/2025,missing_heatmap_session
1110376,Kyan Vaesen,Willem II,Eredivisie,2024/2025,missing_heatmap_session
183500,Leandro Bacuna,FC Groningen,Eredivisie,2024/2025,missing_heatmap_session
1425998,Leo Sauer,NAC Breda,Eredivisie,2024/2025,missing_heatmap_session
1285774,Levi Smans,SC Heerenveen,Eredivisie,2024/2025,missing_heatmap_session
1256180,Luciano Valente,FC Groningen,Eredivisie,2024/2025,missing_heatmap_session
1359465,Luka Kulenovic,Heracles,Eredivisie,2024/2025,missing_heatmap_session
630495,Luuk Brouwers,SC Heerenveen,Eredivisie,2024/2025,missing_heatmap_session
150201,Luuk de Jong,PSV Eindhoven,Eredivisie,2024/2025,missing_heatmap_session
1233935,Makan Aiko,Fortuna Sittard,Eredivisie,2024/2025,missing_heatmap_session
1126058,Malik Tillman,PSV Eindhoven,Eredivisie,2024/2025,missing_heatmap_session
554971,Mario Engels,Heracles,Eredivisie,2024/2025,missing_heatmap_session
1192848,Mathis Suray,Go Ahead Eagles,Eredivisie,2024/2025,missing_heatmap_session
630494,Mats Deijl,Go Ahead Eagles,Eredivisie,2024/2025,missing_heatmap_session
1192130,Mees Hilgers,FC Twente,Eredivisie,2024/2025,missing_heatmap_session
1321125,Mexx Meerdink,AZ Alkmaar,Eredivisie,2024/2025,missing_heatmap_session
662735,Michel Vlap,FC Twente,Eredivisie,2024/2025,missing_heatmap_session
1184663,Miguel Rodríguez,FC Utrecht,Eredivisie,2024/2025,missing_heatmap_session
1396372,Mika Godts,Ajax,Eredivisie,2024/2025,missing_heatmap_session
264860,Mike van der Hoorn,FC Utrecht,Eredivisie,2024/2025,missing_heatmap_session
1353053,Milan Smit,Go Ahead Eagles,Eredivisie,2024/2025,missing_heatmap_session
709734,Mitchell van Bergen,FC Twente,Eredivisie,2024/2025,missing_heatmap_session
1203191,Mohamed Nassoh,Sparta Rotterdam,Eredivisie,2024/2025,missing_heatmap_session
1015183,Mohammed Ihattaren,RKC Waalwijk,Eredivisie,2024/2025,missing_heatmap_session
164246,Nick Viergever,FC Utrecht,Eredivisie,2024/2025,missing_heatmap_session
837341,Noa Lang,PSV Eindhoven,Eredivisie,2024/2025,missing_heatmap_session
1224719,Noah Ohio,FC Utrecht,Eredivisie,2024/2025,missing_heatmap_session
775666,Odysseus Velanas,PEC Zwolle,Eredivisie,2024/2025,missing_heatmap_session
1021082,Oliver Antman,Go Ahead Eagles,Eredivisie,2024/2025,missing_heatmap_session
1049004,Oliver Edvardsen,Go Ahead Eagles,Eredivisie,2024/2025,missing_heatmap_session
1273294,Oscar Fraulo,FC Utrecht,Eredivisie,2024/2025,missing_heatmap_session
560109,Oskar Zawada,RKC Waalwijk,Eredivisie,2024/2025,missing_heatmap_session
1171008,Paxten Aaronson,FC Utrecht,Eredivisie,2024/2025,missing_heatmap_session
970563,Quinten Timber,Feyenoord,Eredivisie,2024/2025,missing_heatmap_session
1036401,Ricardo Pepi,PSV Eindhoven,Eredivisie,2024/2025,missing_heatmap_session
662363,Richard van der Venne,RKC Waalwijk,Eredivisie,2024/2025,missing_heatmap_session
1014841,Richonell Margaret,RKC Waalwijk,Eredivisie,2024/2025,missing_heatmap_session
116750,Ricky van Wolfswinkel,FC Twente,Eredivisie,2024/2025,missing_heatmap_session
1080660,Ringo Meerveld,Willem II,Eredivisie,2024/2025,missing_heatmap_session
874482,Roberto González,NEC Nijmegen,Eredivisie,2024/2025,sportsapi_id_unresolved
1069826,Romano Postema,FC Groningen,Eredivisie,2024/2025,missing_heatmap_session
1359970,Ruben van Bommel,AZ Alkmaar,Eredivisie,2024/2025,missing_heatmap_session
1386551,Ryan Flamingo,PSV Eindhoven,Eredivisie,2024/2025,missing_heatmap_session
665164,Sam Lammers,FC Twente,Eredivisie,2024/2025,missing_heatmap_session
1393117,Sami Ouaissa,NEC Nijmegen,Eredivisie,2024/2025,missing_heatmap_session
947898,Sem Steijn,FC Twente,Eredivisie,2024/2025,missing_heatmap_session
1522438,Shiloh Zand,Heracles,Eredivisie,2024/2025,sportsapi_id_unresolved
1227814,Shunsuke Mito,Sparta Rotterdam,Eredivisie,2024/2025,missing_heatmap_session
1050160,Sontje Hansen,NEC Nijmegen,Eredivisie,2024/2025,missing_heatmap_session
209786,Steven Berghuis,Ajax,Eredivisie,2024/2025,missing_heatmap_session
1206846,Stije Resink,Almere City FC,Eredivisie,2024/2025,missing_heatmap_session
1201833,Suf Podgoreanu,Heracles,Eredivisie,2024/2025,missing_heatmap_session
1035643,Sven Mijnans,AZ Alkmaar,Eredivisie,2024/2025,missing_heatmap_session
949481,Sydney van Hooijdonk,NAC Breda,Eredivisie,2024/2025,missing_heatmap_session
1412105,Thom van Bergen,FC Groningen,Eredivisie,2024/2025,missing_heatmap_session
243439,Thomas Bruns,Heracles,Eredivisie,2024/2025,missing_heatmap_session
660136,Thomas Ouwejan,NEC Nijmegen,Eredivisie,2024/2025,missing_heatmap_session
619289,Thomas Robinet,Almere City FC,Eredivisie,2024/2025,missing_heatmap_session
630278,Tobias Lauritsen,Sparta Rotterdam,Eredivisie,2024/2025,missing_heatmap_session
942365,Troy Parrott,AZ Alkmaar,Eredivisie,2024/2025,missing_heatmap_session
658222,Victor Edvardsen,Go Ahead Eagles,Eredivisie,2024/2025,missing_heatmap_session
915331,Victor Jensen,FC Utrecht,Eredivisie,2024/2025,missing_heatmap_session
521471,Vito van Crooij,NEC Nijmegen,Eredivisie,2024/2025,missing_heatmap_session
351999,Wout Weghorst,Ajax,Eredivisie,2024/2025,missing_heatmap_session
1119702,Yassin Oukili,RKC Waalwijk,Eredivisie,2024/2025,missing_heatmap_session
1234634,Yoann Cathline,FC Utrecht,Eredivisie,2024/2025,missing_heatmap_session
320672,Younes Namli,PEC Zwolle,Eredivisie,2024/2025,missing_heatmap_session
1180299,Zico Buurmeester,AZ Alkmaar,Eredivisie,2024/2025,missing_heatmap_session
1209399,Abdessamad Ezzalzouli,Real Betis,LaLiga,2024/2025,missing_heatmap_session
748380,Abel Ruiz,Girona,LaLiga,2024/2025,missing_heatmap_session
482331,Adrián Embarba,Rayo Vallecano,LaLiga,2024/2025,missing_heatmap_session
1054786,Aimar Oroz,Osasuna,LaLiga,2024/2025,missing_heatmap_session
1184694,Alberto Moleiro,Las Palmas,LaLiga,2024/2025,missing_heatmap_session
814663,Alejandro Catena,Osasuna,LaLiga,2024/2025,missing_heatmap_session
1250658,Alejo Veliz,Espanyol,LaLiga,2024/2025,missing_heatmap_session
574629,Alex Berenguer,Athletic Club,LaLiga,2024/2025,missing_heatmap_session
440330,Alexander Sørloth,Atletico Madrid,LaLiga,2024/2025,missing_heatmap_session
926643,Alfon González,Celta Vigo,LaLiga,2024/2025,missing_heatmap_session
873270,Anastasios Douvikas,Celta Vigo,LaLiga,2024/2025,missing_heatmap_session
251269,Ante Budimir,Osasuna,LaLiga,2024/2025,missing_heatmap_session
184138,Antoine Griezmann,Atletico Madrid,LaLiga,2024/2025,missing_heatmap_session
640231,Antonio Raíllo,Mallorca,LaLiga,2024/2025,missing_heatmap_session
1253890,Arda Güler,Real Madrid,LaLiga,2024/2025,missing_heatmap_session
704151,Arnaut Danjuma,Villarreal,LaLiga,2024/2025,missing_heatmap_session
479020,Ayoze Pérez,Villarreal,LaLiga,2024/2025,missing_heatmap_session
1282765,Bertug Yildirim,Getafe,LaLiga,2024/2025,missing_heatmap_session
609505,Borja Iglesias,Celta Vigo,LaLiga,2024/2025,missing_heatmap_session
635772,Borja Mayoral,Getafe,LaLiga,2024/2025,missing_heatmap_session
750027,Brahim Díaz,Real Madrid,LaLiga,2024/2025,missing_heatmap_session
640122,Brais Méndez,Real Sociedad,LaLiga,2024/2025,missing_heatmap_session
970692,Bryan Gil,Girona,LaLiga,2024/2025,missing_heatmap_session
1202525,Bryan Zaragoza,Osasuna,LaLiga,2024/2025,missing_heatmap_session
873297,Carles Pérez,Getafe,LaLiga,2024/2025,missing_heatmap_session
1282015,Carlos Martín,Deportivo Alaves,LaLiga,2024/2025,missing_heatmap_session
1229177,Carlos Vicente,Deportivo Alaves,LaLiga,2024/2025,missing_heatmap_session
1580704,Christantus Uche,Getafe,LaLiga,2024/2025,missing_heatmap_session
488412,Clément Lenglet,Atletico Madrid,LaLiga,2024/2025,missing_heatmap_session
966027,Conor Gallagher,Atletico Madrid,LaLiga,2024/2025,missing_heatmap_session
58294,Cristhian Stuani,Girona,LaLiga,2024/2025,missing_heatmap_session
544312,Cyle Larin,Mallorca,LaLiga,2024/2025,missing_heatmap_session
201939,Cédric Bakambu,Real Betis,LaLiga,2024/2025,missing_heatmap_session
1311985,César Tárrega,Valencia,LaLiga,2024/2025,missing_heatmap_session
614834,Dani Olmo,Barcelona,LaLiga,2024/2025,missing_heatmap_session
75307,Dani Parejo,Villarreal,LaLiga,2024/2025,missing_heatmap_session
784246,Dani Raba,Leganes,LaLiga,2024/2025,missing_heatmap_session
213516,Dani Rodríguez,Mallorca,LaLiga,2024/2025,missing_heatmap_session
1256237,Diego García,Leganes,LaLiga,2024/2025,missing_heatmap_session
1284434,Diego López,Valencia,LaLiga,2024/2025,missing_heatmap_session
707970,Djibril Sow,Sevilla,LaLiga,2024/2025,missing_heatmap_session
688876,Dodi Lukébakio,Sevilla,LaLiga,2024/2025,missing_heatmap_session
940573,Eric García,Barcelona,LaLiga,2024/2025,missing_heatmap_session
743533,Federico Valverde,Real Madrid,LaLiga,2024/2025,missing_heatmap_session
1404415,Fermín López,Barcelona,LaLiga,2024/2025,missing_heatmap_session
881771,Ferran Torres,Barcelona,LaLiga,2024/2025,missing_heatmap_session
184521,Florian Lejeune,Rayo Vallecano,LaLiga,2024/2025,missing_heatmap_session
1050158,Fábio Silva,Las Palmas,LaLiga,2024/2025,missing_heatmap_session
604126,Giovani Lo Celso,Real Betis,LaLiga,2024/2025,missing_heatmap_session
1226147,Giuliano Simeone,Atletico Madrid,LaLiga,2024/2025,missing_heatmap_session
711231,Gorka Guruzeta,Athletic Club,LaLiga,2024/2025,missing_heatmap_session
929838,Hugo Duro,Valencia,LaLiga,2024/2025,missing_heatmap_session
1308414,Hugo Álvarez,Celta Vigo,LaLiga,2024/2025,missing_heatmap_session
174472,Iago Aspas,Celta Vigo,LaLiga,2024/2025,missing_heatmap_session
1130991,Isaac Romero,Sevilla,LaLiga,2024/2025,missing_heatmap_session
191315,Isco,Real Betis,LaLiga,2024/2025,missing_heatmap_session
638010,Isi Palazón,Rayo Vallecano,LaLiga,2024/2025,missing_heatmap_session
604105,Iñaki Williams,Athletic Club,LaLiga,2024/2025,missing_heatmap_session
573748,Jaime Mata,Las Palmas,LaLiga,2024/2025,missing_heatmap_session
846966,Javi Puado,Espanyol,LaLiga,2024/2025,missing_heatmap_session
1435439,Javi Rodríguez,Celta Vigo,LaLiga,2024/2025,missing_heatmap_session
1284429,Javier Guerra,Valencia,LaLiga,2024/2025,missing_heatmap_session
1624039,Jesús Rodríguez,Real Betis,LaLiga,2024/2025,missing_heatmap_session
574662,Joan Jordán,Deportivo Alaves,LaLiga,2024/2025,missing_heatmap_session
1184777,Jofre Carreras,Espanyol,LaLiga,2024/2025,missing_heatmap_session
1173678,Johnny Cardoso,Real Betis,LaLiga,2024/2025,missing_heatmap_session
678192,Jon Guridi,Deportivo Alaves,LaLiga,2024/2025,missing_heatmap_session
797901,Jorge de Frutos,Rayo Vallecano,LaLiga,2024/2025,missing_heatmap_session
940608,Juan Cruz,Leganes,LaLiga,2024/2025,missing_heatmap_session
833219,Juan Foyth,Villarreal,LaLiga,2024/2025,missing_heatmap_session
1158512,Juanlu Sánchez,Sevilla,LaLiga,2024/2025,missing_heatmap_session
191873,Juanmi,Real Betis,LaLiga,2024/2025,missing_heatmap_session
1231032,Juanmi Latasa,Real Valladolid,LaLiga,2024/2025,missing_heatmap_session
1077894,Jude Bellingham,Real Madrid,LaLiga,2024/2025,missing_heatmap_session
974753,Julián Álvarez,Atletico Madrid,LaLiga,2024/2025,missing_heatmap_session
183353,Kike García,Deportivo Alaves,LaLiga,2024/2025,missing_heatmap_session
888167,Kike Pérez,Real Valladolid,LaLiga,2024/2025,missing_heatmap_session
701154,Kylian Mbappé,Real Madrid,LaLiga,2024/2025,missing_heatmap_session
1467236,Lamine Yamal,Barcelona,LaLiga,2024/2025,missing_heatmap_session
303879,Lucas Torró,Osasuna,LaLiga,2024/2025,missing_heatmap_session
638070,Luis Rioja,Valencia,LaLiga,2024/2025,missing_heatmap_session
959597,Luka Sucic,Real Sociedad,LaLiga,2024/2025,missing_heatmap_session
629579,Mamadou Sylla,Real Valladolid,LaLiga,2024/2025,missing_heatmap_session
196169,Marcos Alonso,Celta Vigo,LaLiga,2024/2025,missing_heatmap_session
821271,Marcos André,Real Valladolid,LaLiga,2024/2025,missing_heatmap_session
1031325,Martín Zubimendi,Real Sociedad,LaLiga,2024/2025,missing_heatmap_session
625340,Mauro Arambarri,Getafe,LaLiga,2024/2025,missing_heatmap_session
902901,Miguel de la Fuente,Leganes,LaLiga,2024/2025,missing_heatmap_session
678234,Mikel Oyarzabal,Real Sociedad,LaLiga,2024/2025,missing_heatmap_session
860314,Nahuel Tenaglia,Deportivo Alaves,LaLiga,2024/2025,missing_heatmap_session
617310,Nayef Aguerd,Real Sociedad,LaLiga,2024/2025,missing_heatmap_session
1202110,Nico Williams,Athletic Club,LaLiga,2024/2025,missing_heatmap_session
575735,Nicolas Pépé,Villarreal,LaLiga,2024/2025,missing_heatmap_session
950545,Oihan Sancet,Athletic Club,LaLiga,2024/2025,missing_heatmap_session
509151,Oli McBurnie,Las Palmas,LaLiga,2024/2025,missing_heatmap_session
1097229,Orri Óskarsson,Real Sociedad,LaLiga,2024/2025,missing_heatmap_session
1322858,Pablo Durán,Celta Vigo,LaLiga,2024/2025,missing_heatmap_session
844544,Pape Gueye,Villarreal,LaLiga,2024/2025,missing_heatmap_session
1083323,Pedri,Barcelona,LaLiga,2024/2025,missing_heatmap_session
715069,Pedro Díaz,Rayo Vallecano,LaLiga,2024/2025,missing_heatmap_session
673689,Pepelu,Valencia,LaLiga,2024/2025,missing_heatmap_session
1132607,Peque Fernández,Sevilla,LaLiga,2024/2025,missing_heatmap_session
640492,Rafa Mir,Valencia,LaLiga,2024/2025,missing_heatmap_session
1202587,Ramon Terrats,Villarreal,LaLiga,2024/2025,missing_heatmap_session
915264,Randy Nteka,Rayo Vallecano,LaLiga,2024/2025,missing_heatmap_session
696679,Raphinha,Barcelona,LaLiga,2024/2025,missing_heatmap_session
1094778,Raúl García,Osasuna,LaLiga,2024/2025,sportsapi_id_unresolved
1169596,Raúl Moro,Real Valladolid,LaLiga,2024/2025,missing_heatmap_session
93447,Robert Lewandowski,Barcelona,LaLiga,2024/2025,missing_heatmap_session
1252373,Roberto Fernández,Espanyol,LaLiga,2024/2025,missing_heatmap_session
895362,Rodrygo,Real Madrid,LaLiga,2024/2025,missing_heatmap_session
384413,Rubén Garcia,Osasuna,LaLiga,2024/2025,missing_heatmap_session
1082941,Samuel Dias Lino,Atletico Madrid,LaLiga,2024/2025,missing_heatmap_session
477615,Sandro Ramírez,Las Palmas,LaLiga,2024/2025,missing_heatmap_session
671865,Santi Comesaña,Villarreal,LaLiga,2024/2025,missing_heatmap_session
309334,Saúl,Sevilla,LaLiga,2024/2025,sportsapi_id_unresolved
658658,Selim Amallah,Real Valladolid,LaLiga,2024/2025,missing_heatmap_session
1059657,Sergi Cardona,Villarreal,LaLiga,2024/2025,missing_heatmap_session
282472,Sergi Darder,Mallorca,LaLiga,2024/2025,missing_heatmap_session
980422,Sergio Camello,Rayo Vallecano,LaLiga,2024/2025,missing_heatmap_session
1287783,Seydouba Cissé,Leganes,LaLiga,2024/2025,missing_heatmap_session
495222,Sheraldo Becker,Real Sociedad,LaLiga,2024/2025,missing_heatmap_session
848289,Takefusa Kubo,Real Sociedad,LaLiga,2024/2025,missing_heatmap_session
430856,Takuma Asano,Mallorca,LaLiga,2024/2025,missing_heatmap_session
1398392,Thierno Barry,Villarreal,LaLiga,2024/2025,missing_heatmap_session
688827,Tomás Conechny,Deportivo Alaves,LaLiga,2024/2025,missing_heatmap_session
640123,Toni Martínez,Deportivo Alaves,LaLiga,2024/2025,missing_heatmap_session
590494,Umar Sadiq,Real Sociedad,LaLiga,2024/2025,missing_heatmap_session
517052,Vedat Muriqi,Mallorca,LaLiga,2024/2025,missing_heatmap_session
564847,Viktor Tsigankov,Girona,LaLiga,2024/2025,missing_heatmap_session
846033,Vinícius Júnior,Real Madrid,LaLiga,2024/2025,missing_heatmap_session
1339347,Vitor Roque,Real Betis,LaLiga,2024/2025,missing_heatmap_session
1272740,Williot Swedberg,Celta Vigo,LaLiga,2024/2025,missing_heatmap_session
730901,Yangel Herrera,Girona,LaLiga,2024/2025,missing_heatmap_session
1277380,Yáser Asprilla,Girona,LaLiga,2024/2025,missing_heatmap_session
1047676,Yéremi Pino,Villarreal,LaLiga,2024/2025,missing_heatmap_session
942372,Álex Baena,Villarreal,LaLiga,2024/2025,missing_heatmap_session
474658,Álvaro Garcia,Rayo Vallecano,LaLiga,2024/2025,missing_heatmap_session
432950,Ángel Correa,Atletico Madrid,LaLiga,2024/2025,missing_heatmap_session
863168,Óscar Rodríguez,Leganes,LaLiga,2024/2025,missing_heatmap_session
1189856,Abdallah Sima,Brest,Ligue 1,2024/2025,missing_heatmap_session
439366,Abdoulaye Touré,Le Havre,Ligue 1,2024/2025,missing_heatmap_session
770881,Achraf Hakimi,Paris Saint-Germain,Ligue 1,2024/2025,missing_heatmap_session
628310,Ado Onaiwu,Auxerre,Ligue 1,2024/2025,missing_heatmap_session
352879,Adrien Rabiot,Marseille,Ligue 1,2024/2025,missing_heatmap_session
317062,Adrien Thomasson,Lens,Ligue 1,2024/2025,missing_heatmap_session
1177358,Adrien Truffert,Rennes,Ligue 1,2024/2025,missing_heatmap_session
604089,Ainsley Maitland-Niles,Lyon,Ligue 1,2024/2025,missing_heatmap_session
586388,Aleksandr Golovin,Monaco,Ligue 1,2024/2025,missing_heatmap_session
169193,Alexandre Lacazette,Lyon,Ligue 1,2024/2025,missing_heatmap_session
566187,Ali Abdi,Nice,Ligue 1,2024/2025,missing_heatmap_session
844437,Amine Gouiri,Rennes,Ligue 1,2024/2025,missing_heatmap_session
1372921,Andrey Santos,Strasbourg,Ligue 1,2024/2025,missing_heatmap_session
95955,André Ayew,Le Havre,Ligue 1,2024/2025,missing_heatmap_session
1254297,Andy Diouf,Lens,Ligue 1,2024/2025,missing_heatmap_session
611528,Angelo Fulgini,Lens,Ligue 1,2024/2025,missing_heatmap_session
1095445,Arnaud Kalimuendo-Muinga,Rennes,Ligue 1,2024/2025,missing_heatmap_session
823293,Aron Dønnum,Toulouse,Ligue 1,2024/2025,missing_heatmap_session
1388070,Badredine Bouanani,Nice,Ligue 1,2024/2025,missing_heatmap_session
979752,Bafodé Diakité,Lille,Ligue 1,2024/2025,missing_heatmap_session
1230848,Bamba Dieng,Angers,Ligue 1,2024/2025,missing_heatmap_session
1297165,Bradley Barcola,Paris Saint-Germain,Ligue 1,2024/2025,missing_heatmap_session
527103,Breel Embolo,Monaco,Ligue 1,2024/2025,missing_heatmap_session
1186444,Charlie Cresswell,Toulouse,Ligue 1,2024/2025,missing_heatmap_session
473852,Corentin Tolisso,Lyon,Ligue 1,2024/2025,missing_heatmap_session
578756,Deiver Machado,Lens,Ligue 1,2024/2025,missing_heatmap_session
598355,Denis Zakaria,Monaco,Ligue 1,2024/2025,missing_heatmap_session
1079539,Dilane Bakwa,Strasbourg,Ligue 1,2024/2025,missing_heatmap_session
671961,Douglas Augusto,Nantes,Ligue 1,2024/2025,missing_heatmap_session
557799,Duje Caleta-Car,Lyon,Ligue 1,2024/2025,missing_heatmap_session
1339208,Désiré Doué,Paris Saint-Germain,Ligue 1,2024/2025,missing_heatmap_session
1393439,Eliesse Ben Seghir,Monaco,Ligue 1,2024/2025,missing_heatmap_session
1183148,Emanuel Emegha,Strasbourg,Ligue 1,2024/2025,missing_heatmap_session
1338390,Ernest Nuamah,Lyon,Ligue 1,2024/2025,missing_heatmap_session
1280225,Estéban Lepaul,Angers,Ligue 1,2024/2025,missing_heatmap_session
1087966,Evann Guessand,Nice,Ligue 1,2024/2025,missing_heatmap_session
605654,Fabián Ruiz,Paris Saint-Germain,Ligue 1,2024/2025,missing_heatmap_session
884539,Farid El Melali,Angers,Ligue 1,2024/2025,missing_heatmap_session
612699,Florian Sotoca,Lens,Ligue 1,2024/2025,missing_heatmap_session
1324358,Frank Magri,Toulouse,Ligue 1,2024/2025,missing_heatmap_session
1284071,Félix Lemaréchal,Strasbourg,Ligue 1,2024/2025,missing_heatmap_session
492158,Gaëtan Laborde,Nice,Ligue 1,2024/2025,missing_heatmap_session
708435,Gaëtan Perrin,Auxerre,Ligue 1,2024/2025,missing_heatmap_session
1431516,George Ilenikhena,Monaco,Ligue 1,2024/2025,missing_heatmap_session
1117069,Georges Mikautadze,Lyon,Ligue 1,2024/2025,missing_heatmap_session
940087,Gonçalo Ramos,Paris Saint-Germain,Ligue 1,2024/2025,missing_heatmap_session
1285866,Habib Diarra,Strasbourg,Ligue 1,2024/2025,missing_heatmap_session
875672,Hamed Traorè,Auxerre,Ligue 1,2024/2025,heatmap_request_failed
1033099,Hicham Boudaoui,Nice,Ligue 1,2024/2025,missing_heatmap_session
956659,Himad Abdelli,Angers,Ligue 1,2024/2025,missing_heatmap_session
1044470,Hákon Arnar Haraldsson,Lille,Ligue 1,2024/2025,missing_heatmap_session
715610,Ibrahim Sissoko,Saint-Etienne,Ligue 1,2024/2025,missing_heatmap_session
848563,Ibrahima Niane,Angers,Ligue 1,2024/2025,missing_heatmap_session
1103837,Issa Soumaré,Le Havre,Ligue 1,2024/2025,missing_heatmap_session
1011026,Jim Allevinah,Angers,Ligue 1,2024/2025,missing_heatmap_session
715301,Jonathan Clauss,Nice,Ligue 1,2024/2025,missing_heatmap_session
939569,Jonathan David,Lille,Ligue 1,2024/2025,missing_heatmap_session
1113694,Jonathan Rowe,Marseille,Ligue 1,2024/2025,missing_heatmap_session
185236,Joshua King,Toulouse,Ligue 1,2024/2025,missing_heatmap_session
1199382,Josué Casimir,Le Havre,Ligue 1,2024/2025,missing_heatmap_session
1342757,João Neves,Paris Saint-Germain,Ligue 1,2024/2025,missing_heatmap_session
493731,Jubal,Auxerre,Ligue 1,2024/2025,missing_heatmap_session
604044,Junya Ito,Reims,Ligue 1,2024/2025,missing_heatmap_session
643229,Jérémie Boga,Nice,Ligue 1,2024/2025,missing_heatmap_session
1310270,Kamory Doumbia,Brest,Ligue 1,2024/2025,missing_heatmap_session
940976,Kang-In Lee,Paris Saint-Germain,Ligue 1,2024/2025,missing_heatmap_session
887704,Keito Nakamura,Reims,Ligue 1,2024/2025,missing_heatmap_session
279461,Kenny Lala,Brest,Ligue 1,2024/2025,missing_heatmap_session
1436305,Lamine Camara,Monaco,Ligue 1,2024/2025,missing_heatmap_session
923196,Lassine Sinayoko,Auxerre,Ligue 1,2024/2025,missing_heatmap_session
1192406,Lorenz Assignon,Rennes,Ligue 1,2024/2025,missing_heatmap_session
1398377,Lucas Stassin,Saint-Etienne,Ligue 1,2024/2025,missing_heatmap_session
471153,Ludovic Ajorque,Brest,Ligue 1,2024/2025,missing_heatmap_session
693171,Ludovic Blas,Rennes,Ligue 1,2024/2025,missing_heatmap_session
1114635,Luis Henrique,Marseille,Ligue 1,2024/2025,missing_heatmap_session
613334,M'Bala Nzola,Lens,Ligue 1,2024/2025,missing_heatmap_session
1305618,Maghnes Akliouche,Monaco,Ligue 1,2024/2025,missing_heatmap_session
770321,Mahdi Camara,Brest,Ligue 1,2024/2025,missing_heatmap_session
1364069,Malick Fofana,Lyon,Ligue 1,2024/2025,missing_heatmap_session
541933,Mama Baldé,Lyon,Ligue 1,2024/2025,missing_heatmap_session
786580,Marshall Munetsi,Reims,Ligue 1,2024/2025,missing_heatmap_session
950473,Mason Greenwood,Marseille,Ligue 1,2024/2025,missing_heatmap_session
725398,Mathias Pereira Lage,Brest,Ligue 1,2024/2025,missing_heatmap_session
1444231,Matias Fernandez-Pardo,Lille,Ligue 1,2024/2025,missing_heatmap_session
1250492,Matthis Abline,Nantes,Ligue 1,2024/2025,missing_heatmap_session
1092403,Melvin Bard,Nice,Ligue 1,2024/2025,missing_heatmap_session
891870,Mitchel Bakker,Lille,Ligue 1,2024/2025,missing_heatmap_session
1180718,Mohamed-Ali Cho,Nice,Ligue 1,2024/2025,missing_heatmap_session
467486,Moses Simon,Nantes,Ligue 1,2024/2025,missing_heatmap_session
817500,Mostafa Mohamed,Nantes,Ligue 1,2024/2025,missing_heatmap_session
813055,Mousa Tamari,Montpellier,Ligue 1,2024/2025,missing_heatmap_session
391064,Neal Maupay,Marseille,Ligue 1,2024/2025,missing_heatmap_session
1274060,Neil El Aynaoui,Lens,Ligue 1,2024/2025,missing_heatmap_session
195750,Nicolás Tagliafico,Lyon,Ligue 1,2024/2025,missing_heatmap_session
1158945,Nuno Mendes,Paris Saint-Germain,Ligue 1,2024/2025,missing_heatmap_session
988160,Osame Sahraoui,Lille,Ligue 1,2024/2025,missing_heatmap_session
1328540,Oumar Diakité,Reims,Ligue 1,2024/2025,missing_heatmap_session
692984,Ousmane Dembélé,Paris Saint-Germain,Ligue 1,2024/2025,missing_heatmap_session
664226,Pablo Rosario,Nice,Ligue 1,2024/2025,missing_heatmap_session
266523,Pierre-Emile Højbjerg,Marseille,Ligue 1,2024/2025,missing_heatmap_session
402419,Przemyslaw Frankowski,Lens,Ligue 1,2024/2025,missing_heatmap_session
1233931,Quentin Merlin,Marseille,Ligue 1,2024/2025,missing_heatmap_session
1104053,Rayan Cherki,Lyon,Ligue 1,2024/2025,missing_heatmap_session
696263,Romain Del Castillo,Brest,Ligue 1,2024/2025,missing_heatmap_session
904021,Romain Faivre,Brest,Ligue 1,2024/2025,missing_heatmap_session
199834,Rémy Cabella,Lille,Ligue 1,2024/2025,missing_heatmap_session
1156569,Sebastian Nanasi,Strasbourg,Ligue 1,2024/2025,missing_heatmap_session
1574189,Senny Mayulu,Paris Saint-Germain,Ligue 1,2024/2025,missing_heatmap_session
1586939,Shavy Babicka,Toulouse,Ligue 1,2024/2025,missing_heatmap_session
953812,Sofiane Diop,Nice,Ligue 1,2024/2025,missing_heatmap_session
1177312,Sékou Mara,Strasbourg,Ligue 1,2024/2025,missing_heatmap_session
408943,Takumi Minamino,Monaco,Ligue 1,2024/2025,missing_heatmap_session
1072913,Tanguy Coulibaly,Montpellier,Ligue 1,2024/2025,missing_heatmap_session
773189,Tanguy Ndombélé,Nice,Ligue 1,2024/2025,missing_heatmap_session
942893,Thelonius Bair,Auxerre,Ligue 1,2024/2025,missing_heatmap_session
179515,Téji Savanier,Montpellier,Ligue 1,2024/2025,missing_heatmap_session
1439625,Valentin Atangana Edoa,Reims,Ligue 1,2024/2025,missing_heatmap_session
1207992,Vanderson,Monaco,Ligue 1,2024/2025,missing_heatmap_session
634310,Vincent Sierro,Toulouse,Ligue 1,2024/2025,missing_heatmap_session
1061249,Vitinha,Paris Saint-Germain,Ligue 1,2024/2025,missing_heatmap_session
166019,Wahbi Khazri,Montpellier,Ligue 1,2024/2025,missing_heatmap_session
445856,Wesley Saïd,Lens,Ligue 1,2024/2025,missing_heatmap_session
955411,Yann Gboho,Toulouse,Ligue 1,2024/2025,missing_heatmap_session
1255855,Yassine Kechta,Le Havre,Ligue 1,2024/2025,missing_heatmap_session
846761,Zakaria Aboukhlal,Toulouse,Ligue 1,2024/2025,missing_heatmap_session
966146,Zuriko Davitashvili,Saint-Etienne,Ligue 1,2024/2025,missing_heatmap_session
352887,Abdoulaye Doucouré,Everton,Premier League,2024/2025,missing_heatmap_session
519835,Adam Armstrong,Southampton,Premier League,2024/2025,missing_heatmap_session
493647,Adama Traoré,Fulham,Premier League,2024/2025,missing_heatmap_session
1203665,Alejandro Garnacho,Manchester United,Premier League,2024/2025,missing_heatmap_session
604785,Alex Iwobi,Fulham,Premier League,2024/2025,missing_heatmap_session
690107,Alexander Isak,Newcastle United,Premier League,2024/2025,missing_heatmap_session
831489,Alexis Mac Allister,Liverpool,Premier League,2024/2025,missing_heatmap_session
1070052,Amad,Manchester United,Premier League,2024/2025,missing_heatmap_session
1185748,Amadou Onana,Aston Villa,Premier League,2024/2025,missing_heatmap_session
575779,Andreas Pereira,Fulham,Premier League,2024/2025,missing_heatmap_session
1050166,Anthony Elanga,Nottingham Forest,Premier League,2024/2025,missing_heatmap_session
906937,Anthony Gordon,Newcastle United,Premier League,2024/2025,missing_heatmap_session
933576,Antoine Semenyo,AFC Bournemouth,Premier League,2024/2025,missing_heatmap_session
488139,Bernardo Silva,Manchester City,Premier League,2024/2025,missing_heatmap_session
1079485,Beto,Everton,Premier League,2024/2025,missing_heatmap_session
1076756,Brennan Johnson,Tottenham Hotspur,Premier League,2024/2025,missing_heatmap_session
422685,Bruno Fernandes,Manchester United,Premier League,2024/2025,missing_heatmap_session
850354,Bruno Guimarães,Newcastle United,Premier League,2024/2025,missing_heatmap_session
923312,Bryan Mbeumo,Brentford,Premier League,2024/2025,missing_heatmap_session
961995,Bukayo Saka,Arsenal,Premier League,2024/2025,missing_heatmap_session
846383,Callum Hudson-Odoi,Nottingham Forest,Premier League,2024/2025,missing_heatmap_session
1086647,Cameron Archer,Southampton,Premier League,2024/2025,missing_heatmap_session
1352713,Carlos Baleba,Brighton & Hove Albion,Premier League,2024/2025,missing_heatmap_session
169719,Chris Wood,Nottingham Forest,Premier League,2024/2025,missing_heatmap_session
266520,Christian Nørgaard,Brentford,Premier League,2024/2025,missing_heatmap_session
704523,Christopher Nkunku,Chelsea,Premier League,2024/2025,missing_heatmap_session
806552,Cody Gakpo,Liverpool,Premier League,2024/2025,missing_heatmap_session
1096353,Cole Palmer,Chelsea,Premier League,2024/2025,missing_heatmap_session
933768,Curtis Jones,Liverpool,Premier League,2024/2025,missing_heatmap_session
1250253,Dango Ouattara,AFC Bournemouth,Premier League,2024/2025,missing_heatmap_session
859282,Daniel Muñoz,Crystal Palace,Premier League,2024/2025,missing_heatmap_session
113836,Danny Welbeck,Brighton & Hove Albion,Premier League,2024/2025,missing_heatmap_session
950561,Darwin Núñez,Liverpool,Premier League,2024/2025,missing_heatmap_session
674014,David Brooks,AFC Bournemouth,Premier League,2024/2025,missing_heatmap_session
654096,Declan Rice,Arsenal,Premier League,2024/2025,missing_heatmap_session
935379,Dejan Kulusevski,Tottenham Hotspur,Premier League,2024/2025,missing_heatmap_session
751550,Diogo Dalot,Manchester United,Premier League,2024/2025,missing_heatmap_session
570461,Diogo Jota,Liverpool,Premier League,2024/2025,missing_heatmap_session
612150,Dominic Calvert-Lewin,Everton,Premier League,2024/2025,missing_heatmap_session
591734,Dominic Solanke,Tottenham Hotspur,Premier League,2024/2025,missing_heatmap_session
846005,Dominik Szoboszlai,Liverpool,Premier League,2024/2025,missing_heatmap_session
818975,Eberechi Eze,Crystal Palace,Premier League,2024/2025,missing_heatmap_session
860920,Edward Nketiah,Crystal Palace,Premier League,2024/2025,missing_heatmap_session
1089691,Elliot Anderson,Nottingham Forest,Premier League,2024/2025,missing_heatmap_session
889534,Emile Smith Rowe,Fulham,Premier League,2024/2025,missing_heatmap_session
1137705,Enzo Fernández,Chelsea,Premier League,2024/2025,missing_heatmap_session
737066,Erling Haaland,Manchester City,Premier League,2024/2025,missing_heatmap_session
1098096,Evanilson,AFC Bournemouth,Premier League,2024/2025,missing_heatmap_session
189982,Fabian Schär,Newcastle United,Premier League,2024/2025,missing_heatmap_session
1336566,Facundo Buonanotte,Leicester City,Premier League,2024/2025,missing_heatmap_session
795179,Gabriel,Arsenal,Premier League,2024/2025,sportsapi_id_unresolved
576165,Gabriel Jesus,Arsenal,Premier League,2024/2025,missing_heatmap_session
1021586,Gabriel Martinelli,Arsenal,Premier League,2024/2025,missing_heatmap_session
750033,George Hirst,Ipswich Town,Premier League,2024/2025,missing_heatmap_session
956925,Georginio Rutter,Brighton & Hove Albion,Premier League,2024/2025,missing_heatmap_session
536455,Gonçalo Guedes,Wolverhampton Wanderers,Premier League,2024/2025,missing_heatmap_session
494417,Harry Wilson,Fulham,Premier League,2024/2025,missing_heatmap_session
760359,Harvey Barnes,Newcastle United,Premier League,2024/2025,missing_heatmap_session
212867,Heung-Min Son,Tottenham Hotspur,Premier League,2024/2025,missing_heatmap_session
965764,Iliman Ndiaye,Everton,Premier League,2024/2025,missing_heatmap_session
178818,Ilkay Gündogan,Manchester City,Premier League,2024/2025,missing_heatmap_session
771294,Ismaïla Sarr,Crystal Palace,Premier League,2024/2025,missing_heatmap_session
751649,Jack Harrison,Everton,Premier League,2024/2025,missing_heatmap_session
1251334,Jack Hinshelwood,Brighton & Hove Albion,Premier League,2024/2025,missing_heatmap_session
521148,Jacob Murphy,Newcastle United,Premier League,2024/2025,missing_heatmap_session
1089645,Jaden Philogene-Bidace,Aston Villa,Premier League,2024/2025,missing_heatmap_session
846381,Jadon Sancho,Chelsea,Premier League,2024/2025,missing_heatmap_session
493165,James Maddison,Tottenham Hotspur,Premier League,2024/2025,missing_heatmap_session
286119,Jamie Vardy,Leicester City,Premier League,2024/2025,missing_heatmap_session
523825,Jarrod Bowen,West Ham United,Premier League,2024/2025,missing_heatmap_session
706297,Jean-Philippe Mateta,Crystal Palace,Premier League,2024/2025,missing_heatmap_session
958335,Jesper Lindstrøm,Everton,Premier League,2024/2025,missing_heatmap_session
1088066,Jhon Durán,Aston Villa,Premier League,2024/2025,missing_heatmap_session
798659,Joe Aribo,Southampton,Premier League,2024/2025,missing_heatmap_session
535936,Joelinton,Newcastle United,Premier League,2024/2025,missing_heatmap_session
356406,John McGinn,Aston Villa,Premier League,2024/2025,missing_heatmap_session
154280,Jordan Ayew,Crystal Palace,Premier League,2024/2025,missing_heatmap_session
950830,Joshua Zirkzee,Manchester United,Premier League,2024/2025,missing_heatmap_session
1070712,Josko Gvardiol,Manchester City,Premier League,2024/2025,missing_heatmap_session
1114798,Jota Silva,Nottingham Forest,Premier League,2024/2025,missing_heatmap_session
1174672,João Gomes,Wolverhampton Wanderers,Premier League,2024/2025,missing_heatmap_session
1021382,João Pedro,Brighton & Hove Albion,Premier League,2024/2025,missing_heatmap_session
1073742,Julio Enciso,Brighton & Hove Albion,Premier League,2024/2025,missing_heatmap_session
794253,Justin Kluivert,AFC Bournemouth,Premier League,2024/2025,missing_heatmap_session
821100,Jørgen Strand Larsen,Wolverhampton Wanderers,Premier League,2024/2025,missing_heatmap_session
749736,Kai Havertz,Arsenal,Premier League,2024/2025,missing_heatmap_session
862608,Kaoru Mitoma,Brighton & Hove Albion,Premier League,2024/2025,missing_heatmap_session
1010426,Keane Lewis-Potter,Brentford,Premier League,2024/2025,missing_heatmap_session
169200,Kevin De Bruyne,Manchester City,Premier League,2024/2025,missing_heatmap_session
1083796,Kevin Schade,Brentford,Premier League,2024/2025,missing_heatmap_session
318615,Leandro Trossard,Arsenal,Premier League,2024/2025,missing_heatmap_session
1113903,Liam Delap,Ipswich Town,Premier League,2024/2025,missing_heatmap_session
766435,Lucas Paquetá,West Ham United,Premier League,2024/2025,missing_heatmap_session
860914,Luis Díaz,Liverpool,Premier League,2024/2025,missing_heatmap_session
873289,Marc Cucurella,Chelsea,Premier League,2024/2025,missing_heatmap_session
696365,Marcus Rashford,Manchester United,Premier League,2024/2025,missing_heatmap_session
789630,Marcus Tavernier,AFC Bournemouth,Premier League,2024/2025,missing_heatmap_session
534670,Martin Ødegaard,Arsenal,Premier League,2024/2025,missing_heatmap_session
1356312,Mateus Fernandes,Southampton,Premier League,2024/2025,missing_heatmap_session
863098,Matheus Cunha,Wolverhampton Wanderers,Premier League,2024/2025,missing_heatmap_session
866686,Matthew O'Riley,Brighton & Hove Albion,Premier League,2024/2025,missing_heatmap_session
769895,Matthijs de Ligt,Manchester United,Premier League,2024/2025,missing_heatmap_session
950485,Maxence Lacroix,Crystal Palace,Premier League,2024/2025,missing_heatmap_session
574645,Mikel Merino,Arsenal,Premier League,2024/2025,missing_heatmap_session
888912,Mikkel Damsgaard,Brentford,Premier League,2024/2025,missing_heatmap_session
292462,Mohamed Salah,Liverpool,Premier League,2024/2025,missing_heatmap_session
891743,Mohammed Kudus,West Ham United,Premier League,2024/2025,missing_heatmap_session
789502,Morgan Gibbs-White,Nottingham Forest,Premier League,2024/2025,missing_heatmap_session
883080,Morgan Rogers,Aston Villa,Premier League,2024/2025,missing_heatmap_session
961306,Nathan Collins,Brentford,Premier League,2024/2025,missing_heatmap_session
1078788,Neco Williams,Nottingham Forest,Premier League,2024/2025,missing_heatmap_session
1197347,Nicolas Jackson,Chelsea,Premier League,2024/2025,missing_heatmap_session
766611,Nikola Milenkovic,Nottingham Forest,Premier League,2024/2025,missing_heatmap_session
1084981,Noni Madueke,Chelsea,Premier League,2024/2025,missing_heatmap_session
540088,Ollie Watkins,Aston Villa,Premier League,2024/2025,missing_heatmap_session
1215652,Omari Hutchinson,Ipswich Town,Premier League,2024/2025,missing_heatmap_session
240054,Pablo Sarabia,Wolverhampton Wanderers,Premier League,2024/2025,missing_heatmap_session
1107280,Pape Sarr,Tottenham Hotspur,Premier League,2024/2025,missing_heatmap_session
412357,Paul Onuachu,Southampton,Premier League,2024/2025,missing_heatmap_session
843040,Pedro Neto,Chelsea,Premier League,2024/2025,missing_heatmap_session
815006,Phil Foden,Manchester City,Premier League,2024/2025,missing_heatmap_session
1199272,Rasmus Højlund,Manchester United,Premier League,2024/2025,missing_heatmap_session
292313,Raul Jiménez,Fulham,Premier League,2024/2025,missing_heatmap_session
933845,Rayan Aït-Nouri,Wolverhampton Wanderers,Premier League,2024/2025,missing_heatmap_session
1128945,Rodrigo Muniz,Fulham,Premier League,2024/2025,missing_heatmap_session
439369,Ryan Christie,AFC Bournemouth,Premier League,2024/2025,missing_heatmap_session
775614,Ryan Yates,Nottingham Forest,Premier League,2024/2025,missing_heatmap_session
491827,Sammie Szmodics,Ipswich Town,Premier League,2024/2025,missing_heatmap_session
867414,Sandro Tonali,Newcastle United,Premier League,2024/2025,missing_heatmap_session
1174337,Savinho,Manchester City,Premier League,2024/2025,missing_heatmap_session
1227012,Simon Adingra,Brighton & Hove Albion,Premier League,2024/2025,missing_heatmap_session
434325,Thomas Partey,Arsenal,Premier League,2024/2025,missing_heatmap_session
524437,Tomás Soucek,West Ham United,Premier League,2024/2025,missing_heatmap_session
760712,Trent Alexander-Arnold,Liverpool,Premier League,2024/2025,missing_heatmap_session
793907,Trevoh Chalobah,Crystal Palace,Premier League,2024/2025,missing_heatmap_session
1292833,Tyler Dibling,Southampton,Premier League,2024/2025,missing_heatmap_session
209405,Virgil van Dijk,Liverpool,Premier League,2024/2025,missing_heatmap_session
533228,Wilfred Ndidi,Leicester City,Premier League,2024/2025,missing_heatmap_session
955406,William Saliba,Arsenal,Premier League,2024/2025,missing_heatmap_session
1400227,Yankuba Minteh,Brighton & Hove Albion,Premier League,2024/2025,missing_heatmap_session
1168311,Yasin Ayari,Brighton & Hove Albion,Premier League,2024/2025,missing_heatmap_session
666857,Yoane Wissa,Brentford,Premier League,2024/2025,missing_heatmap_session
465960,Youri Tielemans,Aston Villa,Premier League,2024/2025,missing_heatmap_session
892751,Alan,Moreirense,Primeira Liga,2024/2025,missing_heatmap_session
929835,Alejandro Marqués,Estoril,Primeira Liga,2024/2025,missing_heatmap_session
1139353,Alfonso Trezza,Arouca,Primeira Liga,2024/2025,missing_heatmap_session
1123505,Amine El Ouazzani,Braga,Primeira Liga,2024/2025,missing_heatmap_session
1228558,Andreas Schjelderup,Benfica,Primeira Liga,2024/2025,missing_heatmap_session
1254302,André Lacximicant,Estoril,Primeira Liga,2024/2025,missing_heatmap_session
1284944,André Luiz,Estrela da Amadora,Primeira Liga,2024/2025,missing_heatmap_session
1292092,António Silva,Benfica,Primeira Liga,2024/2025,missing_heatmap_session
1284404,Babatunde Akinsola,AVS Futebol SAD,Primeira Liga,2024/2025,missing_heatmap_session
776606,Bernardo Martins,Moreirense,Primeira Liga,2024/2025,missing_heatmap_session
361322,Bruma,Braga,Primeira Liga,2024/2025,missing_heatmap_session
387525,Cassiano,Casa Pia AC,Primeira Liga,2024/2025,missing_heatmap_session
1075457,Chuchu Ramírez,Vitoria de Guimaraes,Primeira Liga,2024/2025,sportsapi_id_unresolved
1290479,Clayton,Rio Ave,Primeira Liga,2024/2025,missing_heatmap_session
1482294,Conrad Harder,Sporting CP,Primeira Liga,2024/2025,missing_heatmap_session
1014980,Daniel Bragança,Sporting CP,Primeira Liga,2024/2025,missing_heatmap_session
813810,Daniel Penha,Nacional,Primeira Liga,2024/2025,missing_heatmap_session
817724,Danny Namaso,FC Porto,Primeira Liga,2024/2025,missing_heatmap_session
1252093,Dudu Teodora,Nacional,Primeira Liga,2024/2025,sportsapi_id_unresolved
310768,Fredrik Aursnes,Benfica,Primeira Liga,2024/2025,missing_heatmap_session
1025462,Fábio Vieira,FC Porto,Primeira Liga,2024/2025,missing_heatmap_session
942358,Félix Correia,Gil Vicente,Primeira Liga,2024/2025,missing_heatmap_session
1287941,Gabri Martínez,Braga,Primeira Liga,2024/2025,heatmap_request_failed
1173684,Gabriel Silva,Santa Clara,Primeira Liga,2024/2025,missing_heatmap_session
824456,Gabrielzinho,Moreirense,Primeira Liga,2024/2025,missing_heatmap_session
1088753,Geny Catamo,Sporting CP,Primeira Liga,2024/2025,missing_heatmap_session
1530314,Geovany Quenda,Sporting CP,Primeira Liga,2024/2025,missing_heatmap_session
566467,Gil Dias,Famalicao,Primeira Liga,2024/2025,missing_heatmap_session
1165710,Gonçalo Inácio,Sporting CP,Primeira Liga,2024/2025,missing_heatmap_session
797896,Guilherme Schettine,Moreirense,Primeira Liga,2024/2025,missing_heatmap_session
1039551,Gustavo Assunção,AVS Futebol SAD,Primeira Liga,2024/2025,missing_heatmap_session
1393510,Gustavo Silva,Vitoria de Guimaraes,Primeira Liga,2024/2025,missing_heatmap_session
1395482,Gustavo Sá,Famalicao,Primeira Liga,2024/2025,missing_heatmap_session
950417,Güven Yalcin,Arouca,Primeira Liga,2024/2025,missing_heatmap_session
1192386,Henrique Araújo,Arouca,Primeira Liga,2024/2025,missing_heatmap_session
625337,Ilija Vukotic,Boavista,Primeira Liga,2024/2025,missing_heatmap_session
1459741,Isaac Aguiar,Nacional,Primeira Liga,2024/2025,heatmap_request_failed
1244924,Ismaël Gharbi,Braga,Primeira Liga,2024/2025,missing_heatmap_session
451984,Jason,Arouca,Primeira Liga,2024/2025,missing_heatmap_session
1210947,Jeremy Antonisse,Moreirense,Primeira Liga,2024/2025,missing_heatmap_session
1109100,John Mercado,AVS Futebol SAD,Primeira Liga,2024/2025,missing_heatmap_session
1203824,Jorge Aguirre,Gil Vicente,Primeira Liga,2024/2025,missing_heatmap_session
785716,Jovane Cabral,Estrela da Amadora,Primeira Liga,2024/2025,missing_heatmap_session
1402621,João Costa,Santa Clara,Primeira Liga,2024/2025,missing_heatmap_session
874318,João Mendes,Vitoria de Guimaraes,Primeira Liga,2024/2025,missing_heatmap_session
697190,Jérémy Livolant,Casa Pia AC,Primeira Liga,2024/2025,missing_heatmap_session
1395944,Kaio,Vitoria de Guimaraes,Primeira Liga,2024/2025,sportsapi_id_unresolved
924315,Kanya Fujimoto,Gil Vicente,Primeira Liga,2024/2025,missing_heatmap_session
1117570,Kerem Aktürkoglu,Benfica,Primeira Liga,2024/2025,missing_heatmap_session
957181,Kikas,Estrela da Amadora,Primeira Liga,2024/2025,missing_heatmap_session
1150871,Kiko Bondoso,Rio Ave,Primeira Liga,2024/2025,missing_heatmap_session
930065,Leandro Barreiro,Benfica,Primeira Liga,2024/2025,missing_heatmap_session
267380,Lucas Piazón,AVS Futebol SAD,Primeira Liga,2024/2025,missing_heatmap_session
1088749,Luis Asué,Moreirense,Primeira Liga,2024/2025,missing_heatmap_session
1222175,Luís Esteves,Nacional,Primeira Liga,2024/2025,missing_heatmap_session
40946,Marco Matias,Farense,Primeira Liga,2024/2025,missing_heatmap_session
914964,Marios Vrousai,Rio Ave,Primeira Liga,2024/2025,missing_heatmap_session
1199722,Max Svensson,Casa Pia AC,Primeira Liga,2024/2025,missing_heatmap_session
1031656,Maxi Araújo,Sporting CP,Primeira Liga,2024/2025,missing_heatmap_session
872405,Miguel Reisinho,Boavista,Primeira Liga,2024/2025,missing_heatmap_session
689050,Morlaye Sylla,Arouca,Primeira Liga,2024/2025,missing_heatmap_session
950199,Morten Hjulmand,Sporting CP,Primeira Liga,2024/2025,missing_heatmap_session
34633,Nenê,AVS Futebol SAD,Primeira Liga,2024/2025,missing_heatmap_session
1280132,Nico González,FC Porto,Primeira Liga,2024/2025,missing_heatmap_session
174321,Nicolás Otamendi,Benfica,Primeira Liga,2024/2025,missing_heatmap_session
1188608,Nuno Moreira,Casa Pia AC,Primeira Liga,2024/2025,missing_heatmap_session
867395,Nuno Santos,Vitoria de Guimaraes,Primeira Liga,2024/2025,missing_heatmap_session
156556,Nélson Oliveira,Vitoria de Guimaraes,Primeira Liga,2024/2025,missing_heatmap_session
935409,Orkun Kökcü,Benfica,Primeira Liga,2024/2025,missing_heatmap_session
1227326,Pablo,Gil Vicente,Primeira Liga,2024/2025,missing_heatmap_session
193927,Paulo Oliveira,Braga,Primeira Liga,2024/2025,missing_heatmap_session
850356,Pepê,FC Porto,Primeira Liga,2024/2025,missing_heatmap_session
1195451,Ricardinho,Santa Clara,Primeira Liga,2024/2025,missing_heatmap_session
432591,Ricardo Horta,Braga,Primeira Liga,2024/2025,missing_heatmap_session
1525065,Rodrigo Mora,FC Porto,Primeira Liga,2024/2025,missing_heatmap_session
667962,Rodrigo Pinho,Estrela da Amadora,Primeira Liga,2024/2025,missing_heatmap_session
1343749,Rodrigo Ribeiro,Sporting CP,Primeira Liga,2024/2025,missing_heatmap_session
1070776,Rodrigo Zalazar,Braga,Primeira Liga,2024/2025,missing_heatmap_session
1283094,Roger Fernandes,Braga,Primeira Liga,2024/2025,missing_heatmap_session
922622,Róbert Bozeník,Boavista,Primeira Liga,2024/2025,missing_heatmap_session
554295,Rúben Macedo,Nacional,Primeira Liga,2024/2025,missing_heatmap_session
667952,Samu,Vitoria de Guimaraes,Primeira Liga,2024/2025,missing_heatmap_session
1414859,Samuel Aghehowa,FC Porto,Primeira Liga,2024/2025,missing_heatmap_session
1355837,Serginho,Santa Clara,Primeira Liga,2024/2025,missing_heatmap_session
1257305,Sorriso,Famalicao,Primeira Liga,2024/2025,missing_heatmap_session
1165477,Telmo Arcanjo,Vitoria de Guimaraes,Primeira Liga,2024/2025,missing_heatmap_session
1187392,Tiago Morais,Rio Ave,Primeira Liga,2024/2025,missing_heatmap_session
422812,Tiago Silva,Vitoria de Guimaraes,Primeira Liga,2024/2025,missing_heatmap_session
212695,Tomané,Farense,Primeira Liga,2024/2025,missing_heatmap_session
732282,Trincão,Sporting CP,Primeira Liga,2024/2025,missing_heatmap_session
637749,Vangelis Pavlidis,Benfica,Primeira Liga,2024/2025,missing_heatmap_session
664500,Viktor Gyökeres,Sporting CP,Primeira Liga,2024/2025,missing_heatmap_session
1037548,Vinicius Zanocelo,Estoril,Primeira Liga,2024/2025,missing_heatmap_session
1044194,Vinícius,Santa Clara,Primeira Liga,2024/2025,heatmap_request_failed
1460591,Wagner Pina,Estoril,Primeira Liga,2024/2025,missing_heatmap_session
776972,Wenderson Galeno,FC Porto,Primeira Liga,2024/2025,missing_heatmap_session
933639,Yanis Begraoui,Estoril,Primeira Liga,2024/2025,missing_heatmap_session
813549,Zaydou Youssouf,Famalicao,Primeira Liga,2024/2025,missing_heatmap_session
1067168,Zeki Amdouni,Benfica,Primeira Liga,2024/2025,missing_heatmap_session
306167,Zé Luis,AVS Futebol SAD,Primeira Liga,2024/2025,missing_heatmap_session
1256692,Zé Vítor,Nacional,Primeira Liga,2024/2025,missing_heatmap_session
46509,Ángel Di Maria,Benfica,Primeira Liga,2024/2025,missing_heatmap_session
1208987,Óscar Aranda,Famalicao,Primeira Liga,2024/2025,missing_heatmap_session
478447,Adam Marusic,Lazio,Serie A,2024/2025,missing_heatmap_session
690516,Ademola Lookman,Atalanta,Serie A,2024/2025,missing_heatmap_session
665188,Albert Gudmundsson,Fiorentina,Serie A,2024/2025,missing_heatmap_session
850295,Alessio Zerbin,Venezia,Serie A,2024/2025,missing_heatmap_session
921341,Alexis Saelemaekers,Roma,Serie A,2024/2025,missing_heatmap_session
1156568,Amin Sarr,Hellas Verona,Serie A,2024/2025,missing_heatmap_session
544693,Amir Rrahmani,Napoli,Serie A,2024/2025,missing_heatmap_session
937462,Andrea Colpani,Fiorentina,Serie A,2024/2025,missing_heatmap_session
750030,Andrea Pinamonti,Genoa,Serie A,2024/2025,missing_heatmap_session
1199383,Ange-Yoan Bonny,Parma,Serie A,2024/2025,missing_heatmap_session
265725,Ante Rebic,Lecce,Serie A,2024/2025,missing_heatmap_session
474448,Antonio Sanabria,Torino,Serie A,2024/2025,missing_heatmap_session
655696,Artem Dovbyk,Roma,Serie A,2024/2025,missing_heatmap_session
1316088,Benja Domínguez,Bologna,Serie A,2024/2025,sportsapi_id_unresolved
260964,Berat Djimsiti,Atalanta,Serie A,2024/2025,missing_heatmap_session
972120,Boulaye Dia,Lazio,Serie A,2024/2025,missing_heatmap_session
299799,Bryan Cristante,Roma,Serie A,2024/2025,missing_heatmap_session
940829,Carlos Augusto,Inter,Serie A,2024/2025,missing_heatmap_session
1102240,Casper Tengstedt,Hellas Verona,Serie A,2024/2025,missing_heatmap_session
1095432,Charles De Ketelaere,Atalanta,Serie A,2024/2025,missing_heatmap_session
121086,Christian Gytkjær,Venezia,Serie A,2024/2025,missing_heatmap_session
776940,Christian Kouamé,Fiorentina,Serie A,2024/2025,missing_heatmap_session
688295,Christian Pulisic,Milan,Serie A,2024/2025,missing_heatmap_session
599353,Ché Adams,Torino,Serie A,2024/2025,missing_heatmap_session
1022649,Dan Ndoye,Bologna,Serie A,2024/2025,missing_heatmap_session
1072054,Daniel Maldini,Monza,Serie A,2024/2025,missing_heatmap_session
1130732,Daniel Mosquera,Hellas Verona,Serie A,2024/2025,missing_heatmap_session
737339,Dany Mota,Monza,Serie A,2024/2025,missing_heatmap_session
119014,Darko Lazovic,Hellas Verona,Serie A,2024/2025,missing_heatmap_session
793066,David Neres,Napoli,Serie A,2024/2025,missing_heatmap_session
815431,Davide Frattesi,Inter,Serie A,2024/2025,missing_heatmap_session
244811,Davide Zappacosta,Atalanta,Serie A,2024/2025,missing_heatmap_session
805767,Dennis Man,Parma,Serie A,2024/2025,missing_heatmap_session
593118,Denzel Dumfries,Inter,Serie A,2024/2025,missing_heatmap_session
737857,Dusan Vlahovic,Juventus,Serie A,2024/2025,missing_heatmap_session
362121,Edoardo Goldaniga,Como,Serie A,2024/2025,missing_heatmap_session
619513,Eldor Shomurodov,Roma,Serie A,2024/2025,missing_heatmap_session
526450,Emmanuel Quartsin Gyasi,Empoli,Serie A,2024/2025,sportsapi_id_unresolved
935380,Enrico Del Prato,Parma,Serie A,2024/2025,missing_heatmap_session
1280080,Fabio Miretti,Genoa,Serie A,2024/2025,missing_heatmap_session
605224,Federico Dimarco,Inter,Serie A,2024/2025,missing_heatmap_session
1189288,Federico Gatti,Juventus,Serie A,2024/2025,missing_heatmap_session
254308,Florian Thauvin,Udinese,Serie A,2024/2025,missing_heatmap_session
1185336,Francisco Conceição,Juventus,Serie A,2024/2025,missing_heatmap_session
612863,Frank Anguissa,Napoli,Serie A,2024/2025,missing_heatmap_session
836436,Gabriel Strefezza,Como,Serie A,2024/2025,missing_heatmap_session
1110045,Gaetano Oristanio,Venezia,Serie A,2024/2025,missing_heatmap_session
951743,Giacomo Raspadori,Napoli,Serie A,2024/2025,missing_heatmap_session
924431,Gianluca Busio,Venezia,Serie A,2024/2025,missing_heatmap_session
252650,Gianluca Caprari,Monza,Serie A,2024/2025,missing_heatmap_session
1012842,Gianluca Gaetano,Cagliari,Serie A,2024/2025,missing_heatmap_session
414906,Giovanni Di Lorenzo,Napoli,Serie A,2024/2025,missing_heatmap_session
1276505,Giovanni Fabbian,Bologna,Serie A,2024/2025,missing_heatmap_session
1016093,Gustav Isaksen,Lazio,Serie A,2024/2025,missing_heatmap_session
304733,Hakan Çalhanoglu,Inter,Serie A,2024/2025,missing_heatmap_session
845994,Hans Nicolussi Caviglia,Venezia,Serie A,2024/2025,missing_heatmap_session
267374,Hernani,Parma,Serie A,2024/2025,missing_heatmap_session
1329487,Jacopo Fazzini,Empoli,Serie A,2024/2025,missing_heatmap_session
861805,Jaka Bijol,Udinese,Serie A,2024/2025,missing_heatmap_session
689680,Jens Odgaard,Bologna,Serie A,2024/2025,missing_heatmap_session
737061,Jesper Karlsson,Bologna,Serie A,2024/2025,missing_heatmap_session
319631,Joaquín Correa,Inter,Serie A,2024/2025,missing_heatmap_session
290604,Joel Pohjanpalo,Venezia,Serie A,2024/2025,missing_heatmap_session
914103,Johan Vásquez,Genoa,Serie A,2024/2025,missing_heatmap_session
845368,John Yeboah,Venezia,Serie A,2024/2025,missing_heatmap_session
637745,Jonathan Ikoné,Fiorentina,Serie A,2024/2025,missing_heatmap_session
934156,Jurgen Ekkelenkamp,Udinese,Serie A,2024/2025,missing_heatmap_session
724368,Keinan Davis,Udinese,Serie A,2024/2025,missing_heatmap_session
1412132,Kenan Yildiz,Juventus,Serie A,2024/2025,missing_heatmap_session
980793,Khéphren Thuram-Ulien,Juventus,Serie A,2024/2025,missing_heatmap_session
1200630,Koni De Winter,Genoa,Serie A,2024/2025,missing_heatmap_session
1016132,Kouadio Koné,Roma,Serie A,2024/2025,missing_heatmap_session
1208969,Kristjan Asllani,Inter,Serie A,2024/2025,missing_heatmap_session
690230,Lautaro Martínez,Inter,Serie A,2024/2025,missing_heatmap_session
1050178,Lazar Samardzic,Atalanta,Serie A,2024/2025,missing_heatmap_session
237606,Leandro Paredes,Roma,Serie A,2024/2025,missing_heatmap_session
919671,Liberato Cacace,Empoli,Serie A,2024/2025,missing_heatmap_session
1050163,Lorenzo Colombo,Empoli,Serie A,2024/2025,missing_heatmap_session
1212630,Lorenzo Lucca,Udinese,Serie A,2024/2025,missing_heatmap_session
540307,Lorenzo Pellegrini,Roma,Serie A,2024/2025,missing_heatmap_session
1283034,Loum Tchaouna,Lazio,Serie A,2024/2025,missing_heatmap_session
974755,Lucas Beltrán,Fiorentina,Serie A,2024/2025,missing_heatmap_session
1076647,Lucas Da Cunha,Como,Serie A,2024/2025,missing_heatmap_session
950596,Marco Brescianini,Atalanta,Serie A,2024/2025,missing_heatmap_session
621562,Marcus Thuram,Inter,Serie A,2024/2025,missing_heatmap_session
446266,Mario Pasalic,Atalanta,Serie A,2024/2025,missing_heatmap_session
905546,Mateo Retegui,Atalanta,Serie A,2024/2025,missing_heatmap_session
1280082,Matias Soulé,Roma,Serie A,2024/2025,missing_heatmap_session
1146500,Matteo Cancellieri,Parma,Serie A,2024/2025,missing_heatmap_session
415539,Matteo Politano,Napoli,Serie A,2024/2025,missing_heatmap_session
541555,Mattia Zaccagni,Lazio,Serie A,2024/2025,missing_heatmap_session
206322,Matías Vecino,Lazio,Serie A,2024/2025,missing_heatmap_session
619506,Mehdi Taremi,Inter,Serie A,2024/2025,missing_heatmap_session
108381,Milan Djuric,Monza,Serie A,2024/2025,missing_heatmap_session
747926,Moise Kean,Fiorentina,Serie A,2024/2025,missing_heatmap_session
439148,Morten Thorsby,Genoa,Serie A,2024/2025,missing_heatmap_session
1080669,Nadir Zortea,Cagliari,Serie A,2024/2025,missing_heatmap_session
1451196,Niccolò Pisilli,Roma,Serie A,2024/2025,missing_heatmap_session
1347574,Nico Paz,Como,Serie A,2024/2025,missing_heatmap_session
68404,Nicolas Viola,Cagliari,Serie A,2024/2025,missing_heatmap_session
841672,Nicolás González,Juventus,Serie A,2024/2025,missing_heatmap_session
541820,Nicolò Barella,Inter,Serie A,2024/2025,missing_heatmap_session
833638,Nikola Krstovic,Lecce,Serie A,2024/2025,missing_heatmap_session
557677,Nikola Vlasic,Torino,Serie A,2024/2025,missing_heatmap_session
639671,Patrick Cutrone,Como,Serie A,2024/2025,missing_heatmap_session
1526560,Patrick Dorgu,Lecce,Serie A,2024/2025,missing_heatmap_session
325916,Paulo Dybala,Roma,Serie A,2024/2025,missing_heatmap_session
150250,Pedro,Lazio,Serie A,2024/2025,missing_heatmap_session
362212,Piotr Zielinski,Inter,Serie A,2024/2025,missing_heatmap_session
822589,Pontus Almqvist,Parma,Serie A,2024/2025,missing_heatmap_session
848844,Rafael Leão,Milan,Serie A,2024/2025,missing_heatmap_session
574844,Razvan Marin,Cagliari,Serie A,2024/2025,missing_heatmap_session
661761,Riccardo Orsolini,Bologna,Serie A,2024/2025,missing_heatmap_session
1017401,Roberto Piccoli,Cagliari,Serie A,2024/2025,missing_heatmap_session
577911,Rolando Mandragora,Fiorentina,Serie A,2024/2025,missing_heatmap_session
181276,Romelu Lukaku,Napoli,Serie A,2024/2025,missing_heatmap_session
688300,Samuel Chukwueze,Milan,Serie A,2024/2025,missing_heatmap_session
799497,Samuele Birindelli,Monza,Serie A,2024/2025,missing_heatmap_session
557346,Sandi Lovric,Udinese,Serie A,2024/2025,missing_heatmap_session
1282008,Santiago Castro,Bologna,Serie A,2024/2025,missing_heatmap_session
1039403,Santiago Pierotti,Lecce,Serie A,2024/2025,missing_heatmap_session
843099,Scott McTominay,Napoli,Serie A,2024/2025,missing_heatmap_session
1030212,Sebastiano Esposito,Empoli,Serie A,2024/2025,missing_heatmap_session
604330,Sebastiano Luperto,Cagliari,Serie A,2024/2025,missing_heatmap_session
975242,Simon Sohm,Parma,Serie A,2024/2025,missing_heatmap_session
161328,Stephan El Shaarawy,Roma,Serie A,2024/2025,missing_heatmap_session
667790,Suat Serdar,Hellas Verona,Serie A,2024/2025,missing_heatmap_session
749661,Tammy Abraham,Milan,Serie A,2024/2025,missing_heatmap_session
801213,Tete Morente,Lecce,Serie A,2024/2025,missing_heatmap_session
866516,Teun Koopmeiners,Juventus,Serie A,2024/2025,missing_heatmap_session
724371,Theo Hernández,Milan,Serie A,2024/2025,missing_heatmap_session
885085,Thijs Dallinga,Bologna,Serie A,2024/2025,missing_heatmap_session
1282285,Tijjani Noslin,Lazio,Serie A,2024/2025,missing_heatmap_session
868344,Tijjani Reijnders,Milan,Serie A,2024/2025,missing_heatmap_session
889536,Timothy Weah,Juventus,Serie A,2024/2025,missing_heatmap_session
790732,Tommaso Pobega,Bologna,Serie A,2024/2025,missing_heatmap_session
890266,Valentin Mihaila,Parma,Serie A,2024/2025,missing_heatmap_session
823658,Valentín Castellanos,Lazio,Serie A,2024/2025,missing_heatmap_session
848266,Weston McKennie,Juventus,Serie A,2024/2025,missing_heatmap_session
889535,Yann Aurel Bisseck,Inter,Serie A,2024/2025,sportsapi_id_unresolved
496042,Yerry Mina,Cagliari,Serie A,2024/2025,missing_heatmap_session
1089744,Zito Luvumbo,Cagliari,Serie A,2024/2025,missing_heatmap_session
957203,Éderson,Atalanta,Serie A,2024/2025,missing_heatmap_session
1189856,Abdallah Sima,Brest,UEFA Champions League,2024/2025,missing_heatmap_session
770881,Achraf Hakimi,Paris Saint-Germain,UEFA Champions League,2024/2025,missing_heatmap_session
846009,Adam Idah,Celtic,UEFA Champions League,2024/2025,missing_heatmap_session
288406,Alejandro Grimaldo,Bayer Leverkusen,UEFA Champions League,2024/2025,missing_heatmap_session
440330,Alexander Sørloth,Atletico Madrid,UEFA Champions League,2024/2025,missing_heatmap_session
831489,Alexis Mac Allister,Liverpool,UEFA Champions League,2024/2025,missing_heatmap_session
751202,Alphonso Davies,Bayern München,UEFA Champions League,2024/2025,missing_heatmap_session
1071186,Angelo Stiller,VfB Stuttgart,UEFA Champions League,2024/2025,missing_heatmap_session
184138,Antoine Griezmann,Atletico Madrid,UEFA Champions League,2024/2025,missing_heatmap_session
1276312,Antoni Milambo,Feyenoord,UEFA Champions League,2024/2025,missing_heatmap_session
1178443,Arne Engels,Celtic,UEFA Champions League,2024/2025,missing_heatmap_session
942393,Ayase Ueda,Feyenoord,UEFA Champions League,2024/2025,missing_heatmap_session
1073977,Benjamin Sesko,RB Leipzig,UEFA Champions League,2024/2025,missing_heatmap_session
260964,Berat Djimsiti,Atalanta,UEFA Champions League,2024/2025,missing_heatmap_session
488139,Bernardo Silva,Manchester City,UEFA Champions League,2024/2025,missing_heatmap_session
1297165,Bradley Barcola,Paris Saint-Germain,UEFA Champions League,2024/2025,missing_heatmap_session
750027,Brahim Díaz,Real Madrid,UEFA Champions League,2024/2025,missing_heatmap_session
527103,Breel Embolo,Monaco,UEFA Champions League,2024/2025,missing_heatmap_session
961995,Bukayo Saka,Arsenal,UEFA Champions League,2024/2025,missing_heatmap_session
1095432,Charles De Ketelaere,Atalanta,UEFA Champions League,2024/2025,missing_heatmap_session
1368654,Chemsdine Talbi,Club Brugge,UEFA Champions League,2024/2025,missing_heatmap_session
819972,Cherif Ndiaye,FK Crvena Zvezda,UEFA Champions League,2024/2025,missing_heatmap_session
688295,Christian Pulisic,Milan,UEFA Champions League,2024/2025,missing_heatmap_session
747718,Christoph Baumgartner,RB Leipzig,UEFA Champions League,2024/2025,missing_heatmap_session
1157237,Christos Tzolis,Club Brugge,UEFA Champions League,2024/2025,missing_heatmap_session
806552,Cody Gakpo,Liverpool,UEFA Champions League,2024/2025,missing_heatmap_session
1482294,Conrad Harder,Sporting CP,UEFA Champions League,2024/2025,missing_heatmap_session
728765,Daizen Maeda,Celtic,UEFA Champions League,2024/2025,missing_heatmap_session
1022649,Dan Ndoye,Bologna,UEFA Champions League,2024/2025,missing_heatmap_session
614834,Dani Olmo,Barcelona,UEFA Champions League,2024/2025,missing_heatmap_session
1014980,Daniel Bragança,Sporting CP,UEFA Champions League,2024/2025,missing_heatmap_session
950561,Darwin Núñez,Liverpool,UEFA Champions League,2024/2025,missing_heatmap_session
940594,David Strelec,Slovan Bratislava,UEFA Champions League,2024/2025,missing_heatmap_session
244811,Davide Zappacosta,Atalanta,UEFA Champions League,2024/2025,missing_heatmap_session
654096,Declan Rice,Arsenal,UEFA Champions League,2024/2025,missing_heatmap_session
593118,Denzel Dumfries,Inter,UEFA Champions League,2024/2025,missing_heatmap_session
846005,Dominik Szoboszlai,Liverpool,UEFA Champions League,2024/2025,missing_heatmap_session
737857,Dusan Vlahovic,Juventus,UEFA Champions League,2024/2025,missing_heatmap_session
727897,Dávid Hancko,Feyenoord,UEFA Champions League,2024/2025,missing_heatmap_session
1339208,Désiré Doué,Paris Saint-Germain,UEFA Champions League,2024/2025,missing_heatmap_session
1393439,Eliesse Ben Seghir,Monaco,UEFA Champions League,2024/2025,missing_heatmap_session
307021,Emre Can,Borussia Dortmund,UEFA Champions League,2024/2025,missing_heatmap_session
1050859,Enzo Millot,VfB Stuttgart,UEFA Champions League,2024/2025,missing_heatmap_session
940573,Eric García,Barcelona,UEFA Champions League,2024/2025,missing_heatmap_session
737066,Erling Haaland,Manchester City,UEFA Champions League,2024/2025,missing_heatmap_session
840241,Ermedin Demirovic,VfB Stuttgart,UEFA Champions League,2024/2025,missing_heatmap_session
605654,Fabián Ruiz,Paris Saint-Germain,UEFA Champions League,2024/2025,missing_heatmap_session
1404415,Fermín López,Barcelona,UEFA Champions League,2024/2025,missing_heatmap_session
881771,Ferran Torres,Barcelona,UEFA Champions League,2024/2025,missing_heatmap_session
1102732,Ferrán Jutglà,Club Brugge,UEFA Champions League,2024/2025,missing_heatmap_session
1152455,Florian Wirtz,Bayer Leverkusen,UEFA Champions League,2024/2025,missing_heatmap_session
310768,Fredrik Aursnes,Benfica,UEFA Champions League,2024/2025,missing_heatmap_session
638622,Frenkie de Jong,Barcelona,UEFA Champions League,2024/2025,missing_heatmap_session
795179,Gabriel,Arsenal,UEFA Champions League,2024/2025,sportsapi_id_unresolved
1021586,Gabriel Martinelli,Arsenal,UEFA Champions League,2024/2025,missing_heatmap_session
1192398,Georgiy Sudakov,Shakhtar Donetsk,UEFA Champions League,2024/2025,missing_heatmap_session
940087,Gonçalo Ramos,Paris Saint-Germain,UEFA Champions League,2024/2025,missing_heatmap_session
774947,Guus Til,PSV Eindhoven,UEFA Champions League,2024/2025,missing_heatmap_session
304733,Hakan Çalhanoglu,Inter,UEFA Champions League,2024/2025,missing_heatmap_session
203666,Hans Vanaken,Club Brugge,UEFA Champions League,2024/2025,missing_heatmap_session
194165,Harry Kane,Bayern München,UEFA Champions League,2024/2025,missing_heatmap_session
73167,Henrikh Mkhitaryan,Inter,UEFA Champions League,2024/2025,missing_heatmap_session
178818,Ilkay Gündogan,Manchester City,UEFA Champions League,2024/2025,missing_heatmap_session
1180288,Ismael Saibari,PSV Eindhoven,UEFA Champions League,2024/2025,missing_heatmap_session
1021929,Jacob Ramsey,Aston Villa,UEFA Champions League,2024/2025,missing_heatmap_session
1156141,Jamal Musiala,Bayern München,UEFA Champions League,2024/2025,missing_heatmap_session
1113692,Jamie Gittens,Borussia Dortmund,UEFA Champions League,2024/2025,missing_heatmap_session
966018,Jeremie Frimpong,Bayer Leverkusen,UEFA Champions League,2024/2025,missing_heatmap_session
1203194,Johan Bakayoko,PSV Eindhoven,UEFA Champions League,2024/2025,missing_heatmap_session
356406,John McGinn,Aston Villa,UEFA Champions League,2024/2025,missing_heatmap_session
939569,Jonathan David,Lille,UEFA Champions League,2024/2025,missing_heatmap_session
1342757,João Neves,Paris Saint-Germain,UEFA Champions League,2024/2025,missing_heatmap_session
1077894,Jude Bellingham,Real Madrid,UEFA Champions League,2024/2025,missing_heatmap_session
974753,Julián Álvarez,Atletico Madrid,UEFA Champions League,2024/2025,missing_heatmap_session
749736,Kai Havertz,Arsenal,UEFA Champions League,2024/2025,missing_heatmap_session
1310270,Kamory Doumbia,Brest,UEFA Champions League,2024/2025,missing_heatmap_session
959594,Karim Adeyemi,Borussia Dortmund,UEFA Champions League,2024/2025,missing_heatmap_session
1117570,Kerem Aktürkoglu,Benfica,UEFA Champions League,2024/2025,missing_heatmap_session
900433,Khvicha Kvaratskhelia,Paris Saint-Germain,UEFA Champions League,2024/2025,missing_heatmap_session
429265,Kingsley Coman,Bayern München,UEFA Champions League,2024/2025,missing_heatmap_session
701154,Kylian Mbappé,Real Madrid,UEFA Champions League,2024/2025,missing_heatmap_session
1467236,Lamine Yamal,Barcelona,UEFA Champions League,2024/2025,missing_heatmap_session
690230,Lautaro Martínez,Inter,UEFA Champions League,2024/2025,missing_heatmap_session
1050178,Lazar Samardzic,Atalanta,UEFA Champions League,2024/2025,missing_heatmap_session
318615,Leandro Trossard,Arsenal,UEFA Champions League,2024/2025,missing_heatmap_session
343748,Leon Goretzka,Bayern München,UEFA Champions League,2024/2025,missing_heatmap_session
530859,Leroy Sané,Bayern München,UEFA Champions League,2024/2025,missing_heatmap_session
747767,Loïs Openda,RB Leipzig,UEFA Champions League,2024/2025,missing_heatmap_session
860914,Luis Díaz,Liverpool,UEFA Champions League,2024/2025,missing_heatmap_session
150201,Luuk de Jong,PSV Eindhoven,UEFA Champions League,2024/2025,missing_heatmap_session
1305618,Maghnes Akliouche,Monaco,UEFA Champions League,2024/2025,missing_heatmap_session
770321,Mahdi Camara,Brest,UEFA Champions League,2024/2025,missing_heatmap_session
541933,Mama Baldé,Brest,UEFA Champions League,2024/2025,missing_heatmap_session
215151,Marcel Sabitzer,Borussia Dortmund,UEFA Champions League,2024/2025,missing_heatmap_session
498033,Marco Asensio,Paris Saint-Germain,UEFA Champions League,2024/2025,missing_heatmap_session
621562,Marcus Thuram,Inter,UEFA Champions League,2024/2025,missing_heatmap_session
446266,Mario Pasalic,Atalanta,UEFA Champions League,2024/2025,missing_heatmap_session
534670,Martin Ødegaard,Arsenal,UEFA Champions League,2024/2025,missing_heatmap_session
905546,Mateo Retegui,Atalanta,UEFA Champions League,2024/2025,missing_heatmap_session
725398,Mathias Pereira Lage,Brest,UEFA Champions League,2024/2025,missing_heatmap_session
1047667,Maximilian Beier,Borussia Dortmund,UEFA Champions League,2024/2025,missing_heatmap_session
619506,Mehdi Taremi,Inter,UEFA Champions League,2024/2025,missing_heatmap_session
1029063,Michael Olise,Bayern München,UEFA Champions League,2024/2025,missing_heatmap_session
1113809,Mika Biereth,Sturm Graz,UEFA Champions League,2024/2025,missing_heatmap_session
574645,Mikel Merino,Arsenal,UEFA Champions League,2024/2025,missing_heatmap_session
292462,Mohamed Salah,Liverpool,UEFA Champions League,2024/2025,missing_heatmap_session
883080,Morgan Rogers,Aston Villa,UEFA Champions League,2024/2025,missing_heatmap_session
888745,Nicolas-Gerrit Kühn,Celtic,UEFA Champions League,2024/2025,missing_heatmap_session
837341,Noa Lang,PSV Eindhoven,UEFA Champions League,2024/2025,missing_heatmap_session
1158945,Nuno Mendes,Paris Saint-Germain,UEFA Champions League,2024/2025,missing_heatmap_session
655636,Oleksandr Zubkov,Shakhtar Donetsk,UEFA Champions League,2024/2025,missing_heatmap_session
540088,Ollie Watkins,Aston Villa,UEFA Champions League,2024/2025,missing_heatmap_session
935409,Orkun Kökcü,Benfica,UEFA Champions League,2024/2025,missing_heatmap_session
692984,Ousmane Dembélé,Paris Saint-Germain,UEFA Champions League,2024/2025,missing_heatmap_session
167008,Pascal Groß,Borussia Dortmund,UEFA Champions League,2024/2025,missing_heatmap_session
540097,Patrik Schick,Bayer Leverkusen,UEFA Champions League,2024/2025,missing_heatmap_session
815006,Phil Foden,Manchester City,UEFA Champions League,2024/2025,missing_heatmap_session
362212,Piotr Zielinski,Inter,UEFA Champions League,2024/2025,missing_heatmap_session
848844,Rafael Leão,Milan,UEFA Champions League,2024/2025,missing_heatmap_session
559065,Ramy Bensebaini,Borussia Dortmund,UEFA Champions League,2024/2025,missing_heatmap_session
696679,Raphinha,Barcelona,UEFA Champions League,2024/2025,missing_heatmap_session
980792,Reo Hatate,Celtic,UEFA Champions League,2024/2025,missing_heatmap_session
93447,Robert Lewandowski,Barcelona,UEFA Champions League,2024/2025,missing_heatmap_session
895362,Rodrygo,Real Madrid,UEFA Champions League,2024/2025,missing_heatmap_session
1386551,Ryan Flamingo,PSV Eindhoven,UEFA Champions League,2024/2025,missing_heatmap_session
1082941,Samuel Dias Lino,Atletico Madrid,UEFA Champions League,2024/2025,missing_heatmap_session
1174337,Savinho,Manchester City,UEFA Champions League,2024/2025,missing_heatmap_session
304345,Sead Kolasinac,Atalanta,UEFA Champions League,2024/2025,missing_heatmap_session
385437,Serge Gnabry,Bayern München,UEFA Champions League,2024/2025,missing_heatmap_session
448540,Serhou Guirassy,Borussia Dortmund,UEFA Champions League,2024/2025,missing_heatmap_session
959404,Silas Katompa Mvumpa,FK Crvena Zvezda,UEFA Champions League,2024/2025,sportsapi_id_unresolved
600513,Silvère Ganvoula,Young Boys,UEFA Champions League,2024/2025,missing_heatmap_session
408943,Takumi Minamino,Monaco,UEFA Champions League,2024/2025,missing_heatmap_session
749661,Tammy Abraham,Milan,UEFA Champions League,2024/2025,missing_heatmap_session
866516,Teun Koopmeiners,Juventus,UEFA Champions League,2024/2025,missing_heatmap_session
724371,Theo Hernández,Milan,UEFA Champions League,2024/2025,missing_heatmap_session
885085,Thijs Dallinga,Bologna,UEFA Champions League,2024/2025,missing_heatmap_session
116772,Thomas Müller,Bayern München,UEFA Champions League,2024/2025,missing_heatmap_session
552700,Tigran Barseghyan,Slovan Bratislava,UEFA Champions League,2024/2025,missing_heatmap_session
868344,Tijjani Reijnders,Milan,UEFA Champions League,2024/2025,missing_heatmap_session
637749,Vangelis Pavlidis,Benfica,UEFA Champions League,2024/2025,missing_heatmap_session
664500,Viktor Gyökeres,Sporting CP,UEFA Champions League,2024/2025,missing_heatmap_session
846033,Vinícius Júnior,Real Madrid,UEFA Champions League,2024/2025,missing_heatmap_session
1061249,Vitinha,Paris Saint-Germain,UEFA Champions League,2024/2025,missing_heatmap_session
1367615,Warren Zaïre-Emery,Paris Saint-Germain,UEFA Champions League,2024/2025,missing_heatmap_session
848266,Weston McKennie,Juventus,UEFA Champions League,2024/2025,missing_heatmap_session
1067168,Zeki Amdouni,Benfica,UEFA Champions League,2024/2025,missing_heatmap_session
432950,Ángel Correa,Atletico Madrid,UEFA Champions League,2024/2025,missing_heatmap_session
46509,Ángel Di Maria,Benfica,UEFA Champions League,2024/2025,missing_heatmap_session
557396,Adam Buksa,FC Midtjylland,UEFA Europa League,2024/2025,missing_heatmap_session
969870,Adam Hlozek,Hoffenheim,UEFA Europa League,2024/2025,missing_heatmap_session
547710,Adama Traoré,Ferencvaros,UEFA Europa League,2024/2025,heatmap_request_failed
604089,Ainsley Maitland-Niles,Lyon,UEFA Europa League,2024/2025,missing_heatmap_session
1203665,Alejandro Garnacho,Manchester United,UEFA Europa League,2024/2025,missing_heatmap_session
574629,Alex Berenguer,Athletic Club,UEFA Europa League,2024/2025,missing_heatmap_session
169193,Alexandre Lacazette,Lyon,UEFA Europa League,2024/2025,missing_heatmap_session
1070052,Amad,Manchester United,UEFA Europa League,2024/2025,missing_heatmap_session
1002618,Ander Barrenetxea,Real Sociedad,UEFA Europa League,2024/2025,missing_heatmap_session
1175708,Ansgar Knauff,Eintracht Frankfurt,UEFA Europa League,2024/2025,missing_heatmap_session
655696,Artem Dovbyk,Roma,UEFA Europa League,2024/2025,missing_heatmap_session
884382,Ayoub El Kaabi,Olympiacos,UEFA Europa League,2024/2025,missing_heatmap_session
1388070,Badredine Bouanani,Nice,UEFA Europa League,2024/2025,missing_heatmap_session
890232,Baris Alper Yilmaz,Galatasaray,UEFA Europa League,2024/2025,missing_heatmap_session
796504,Barnabás Varga,Ferencvaros,UEFA Europa League,2024/2025,missing_heatmap_session
303059,Bertrand Traoré,Ajax,UEFA Europa League,2024/2025,missing_heatmap_session
972120,Boulaye Dia,Lazio,UEFA Europa League,2024/2025,missing_heatmap_session
640122,Brais Méndez,Real Sociedad,UEFA Europa League,2024/2025,missing_heatmap_session
1076756,Brennan Johnson,Tottenham Hotspur,UEFA Europa League,2024/2025,missing_heatmap_session
940446,Brian Brobbey,Ajax,UEFA Europa League,2024/2025,missing_heatmap_session
422685,Bruno Fernandes,Manchester United,UEFA Europa League,2024/2025,missing_heatmap_session
208494,Casemiro,Manchester United,UEFA Europa League,2024/2025,missing_heatmap_session
1561249,Charalampos Kostoulas,Olympiacos,UEFA Europa League,2024/2025,missing_heatmap_session
566644,Chiquinho,Olympiacos,UEFA Europa League,2024/2025,missing_heatmap_session
473852,Corentin Tolisso,Lyon,UEFA Europa League,2024/2025,missing_heatmap_session
526230,Cyriel Dessers,Rangers,UEFA Europa League,2024/2025,missing_heatmap_session
1135820,Daniel Bîrligea,FCSB,UEFA Europa League,2024/2025,missing_heatmap_session
1026113,David Miculescu,FCSB,UEFA Europa League,2024/2025,missing_heatmap_session
1114874,Denso Kasius,AZ Alkmaar,UEFA Europa League,2024/2025,missing_heatmap_session
640279,Dinis Almeida,Ludogorets Razgrad,UEFA Europa League,2024/2025,missing_heatmap_session
751550,Diogo Dalot,Manchester United,UEFA Europa League,2024/2025,missing_heatmap_session
591734,Dominic Solanke,Tottenham Hotspur,UEFA Europa League,2024/2025,missing_heatmap_session
580694,Dor Peretz,Maccabi Tel Aviv,UEFA Europa League,2024/2025,missing_heatmap_session
46104,Dries Mertens,Galatasaray,UEFA Europa League,2024/2025,missing_heatmap_session
94267,Dusan Tadic,Fenerbahçe,UEFA Europa League,2024/2025,missing_heatmap_session
15403,Edin Dzeko,Fenerbahçe,UEFA Europa League,2024/2025,missing_heatmap_session
1559823,Elad Madmon,Maccabi Tel Aviv,UEFA Europa League,2024/2025,missing_heatmap_session
619513,Eldor Shomurodov,Roma,UEFA Europa League,2024/2025,missing_heatmap_session
1338390,Ernest Nuamah,Lyon,UEFA Europa League,2024/2025,missing_heatmap_session
1251666,Ernest Poku,AZ Alkmaar,UEFA Europa League,2024/2025,missing_heatmap_session
688287,Fedor Chalov,PAOK Thessaloniki,UEFA Europa League,2024/2025,missing_heatmap_session
1406419,Franjo Ivanovic,Union St.Gilloise,UEFA Europa League,2024/2025,missing_heatmap_session
1025462,Fábio Vieira,FC Porto,UEFA Europa League,2024/2025,missing_heatmap_session
747785,Gedson Fernandes,Beşiktaş,UEFA Europa League,2024/2025,missing_heatmap_session
1117069,Georges Mikautadze,Lyon,UEFA Europa League,2024/2025,missing_heatmap_session
1215014,Giannis Konstantelias,PAOK Thessaloniki,UEFA Europa League,2024/2025,missing_heatmap_session
711231,Gorka Guruzeta,Athletic Club,UEFA Europa League,2024/2025,missing_heatmap_session
1016093,Gustav Isaksen,Lazio,UEFA Europa League,2024/2025,missing_heatmap_session
1421275,Hamza Igamane,Rangers,UEFA Europa League,2024/2025,missing_heatmap_session
255610,Harry Maguire,Manchester United,UEFA Europa League,2024/2025,missing_heatmap_session
212867,Heung-Min Son,Tottenham Hotspur,UEFA Europa League,2024/2025,missing_heatmap_session
1197030,Hugo Ekitiké,Eintracht Frankfurt,UEFA Europa League,2024/2025,missing_heatmap_session
604105,Iñaki Williams,Athletic Club,UEFA Europa League,2024/2025,missing_heatmap_session
493165,James Maddison,Tottenham Hotspur,UEFA Europa League,2024/2025,missing_heatmap_session
950830,Joshua Zirkzee,Manchester United,UEFA Europa League,2024/2025,missing_heatmap_session
766160,Kady Malinowski,Ferencvaros,UEFA Europa League,2024/2025,sportsapi_id_unresolved
970565,Kenneth Taylor,Ajax,UEFA Europa League,2024/2025,missing_heatmap_session
728290,Kevin Mac Allister,Union St.Gilloise,UEFA Europa League,2024/2025,missing_heatmap_session
1421270,Kevin Rodríguez,Union St.Gilloise,UEFA Europa League,2024/2025,missing_heatmap_session
1218556,Kian Fitz-Jim,Ajax,UEFA Europa League,2024/2025,missing_heatmap_session
364430,Kiril Despodov,PAOK Thessaloniki,UEFA Europa League,2024/2025,missing_heatmap_session
1283034,Loum Tchaouna,Lazio,UEFA Europa League,2024/2025,missing_heatmap_session
1215735,Luis Vázquez,Anderlecht,UEFA Europa League,2024/2025,missing_heatmap_session
1364069,Malick Fofana,Lyon,UEFA Europa League,2024/2025,missing_heatmap_session
1035614,Manuel Ugarte,Manchester United,UEFA Europa League,2024/2025,missing_heatmap_session
750032,Mason Mount,Manchester United,UEFA Europa League,2024/2025,missing_heatmap_session
196308,Matej Vydra,Viktoria Plzen,UEFA Europa League,2024/2025,missing_heatmap_session
1173473,Matheus Saldanha,Ferencvaros,UEFA Europa League,2024/2025,missing_heatmap_session
1280082,Matias Soulé,Roma,UEFA Europa League,2024/2025,missing_heatmap_session
541555,Mattia Zaccagni,Lazio,UEFA Europa League,2024/2025,missing_heatmap_session
1396372,Mika Godts,Ajax,UEFA Europa League,2024/2025,missing_heatmap_session
678234,Mikel Oyarzabal,Real Sociedad,UEFA Europa League,2024/2025,missing_heatmap_session
1385177,Mohammed Fuseini,Union St.Gilloise,UEFA Europa League,2024/2025,missing_heatmap_session
988769,Mojmír Chytil,Slavia Prague,UEFA Europa League,2024/2025,missing_heatmap_session
822794,Nedim Bajrami,Rangers,UEFA Europa League,2024/2025,missing_heatmap_session
1451196,Niccolò Pisilli,Roma,UEFA Europa League,2024/2025,missing_heatmap_session
1202110,Nico Williams,Athletic Club,UEFA Europa League,2024/2025,missing_heatmap_session
863869,Nicolas Raskin,Rangers,UEFA Europa League,2024/2025,missing_heatmap_session
1097229,Orri Óskarsson,Real Sociedad,UEFA Europa League,2024/2025,missing_heatmap_session
1525187,Ousmane Diao,FC Midtjylland,UEFA Europa League,2024/2025,missing_heatmap_session
1293912,Pablo Marín,Real Sociedad,UEFA Europa League,2024/2025,missing_heatmap_session
325916,Paulo Dybala,Roma,UEFA Europa League,2024/2025,missing_heatmap_session
1037539,Pavel Sulc,Viktoria Plzen,UEFA Europa League,2024/2025,missing_heatmap_session
150250,Pedro,Lazio,UEFA Europa League,2024/2025,missing_heatmap_session
941573,Pedro Porro,Tottenham Hotspur,UEFA Europa League,2024/2025,missing_heatmap_session
850356,Pepê,FC Porto,UEFA Europa League,2024/2025,missing_heatmap_session
1220633,Prince Adu,Viktoria Plzen,UEFA Europa League,2024/2025,sportsapi_id_unresolved
477023,Rafa Silva,Beşiktaş,UEFA Europa League,2024/2025,missing_heatmap_session
1199272,Rasmus Højlund,Manchester United,UEFA Europa League,2024/2025,missing_heatmap_session
1104053,Rayan Cherki,Lyon,UEFA Europa League,2024/2025,missing_heatmap_session
432591,Ricardo Horta,Braga,UEFA Europa League,2024/2025,missing_heatmap_session
116750,Ricky van Wolfswinkel,FC Twente,UEFA Europa League,2024/2025,missing_heatmap_session
400256,Rodinei,Olympiacos,UEFA Europa League,2024/2025,missing_heatmap_session
768266,Ross Sykes,Union St.Gilloise,UEFA Europa League,2024/2025,missing_heatmap_session
1350129,Rwan Cruz,Ludogorets Razgrad,UEFA Europa League,2024/2025,missing_heatmap_session
1414859,Samuel Aghehowa,FC Porto,UEFA Europa League,2024/2025,missing_heatmap_session
765466,Sebastian Szymanski,Fenerbahçe,UEFA Europa League,2024/2025,missing_heatmap_session
947898,Sem Steijn,FC Twente,UEFA Europa League,2024/2025,missing_heatmap_session
166934,Stefan Schwab,PAOK Thessaloniki,UEFA Europa League,2024/2025,missing_heatmap_session
1035643,Sven Mijnans,AZ Alkmaar,UEFA Europa League,2024/2025,missing_heatmap_session
130589,Taison,PAOK Thessaloniki,UEFA Europa League,2024/2025,missing_heatmap_session
942365,Troy Parrott,AZ Alkmaar,UEFA Europa League,2024/2025,missing_heatmap_session
1119168,Tural Bayramov,Qarabag FK,UEFA Europa League,2024/2025,sportsapi_id_unresolved
1332217,Valdemar Byskov,FC Midtjylland,UEFA Europa League,2024/2025,missing_heatmap_session
823658,Valentín Castellanos,Lazio,UEFA Europa League,2024/2025,missing_heatmap_session
623540,Václav Cerny,Rangers,UEFA Europa League,2024/2025,missing_heatmap_session
776972,Wenderson Galeno,FC Porto,UEFA Europa League,2024/2025,missing_heatmap_session
788555,Youssef En-Nesyri,Fenerbahçe,UEFA Europa League,2024/2025,missing_heatmap_session
1174708,Youssoufa Moukoko,Nice,UEFA Europa League,2024/2025,missing_heatmap_session
845991,Yunus Akgün,Galatasaray,UEFA Europa League,2024/2025,missing_heatmap_session
1668205,Abdoul Traoré,OH Leuven,Belgian Pro League,2025/2026,missing_heatmap_session
956576,Aiham Ousou,Sporting Charleroi,Belgian Pro League,2025/2026,missing_heatmap_session
1110599,Anton Tanghe,Zulte Waregem,Belgian Pro League,2025/2026,missing_heatmap_session
1227813,Atsuki Ito,Gent,Belgian Pro League,2025/2026,missing_heatmap_session
445873,Brandon Mechele,Club Brugge,Belgian Pro League,2025/2026,missing_heatmap_session
924446,Bryan Reynolds,Westerlo,Belgian Pro League,2025/2026,missing_heatmap_session
1406567,Cheick Keita,Sporting Charleroi,Belgian Pro League,2025/2026,missing_heatmap_session
892709,Dennis Eckert,Standard Liege,Belgian Pro League,2025/2026,missing_heatmap_session
1114123,Emin Bayram,Westerlo,Belgian Pro League,2025/2026,missing_heatmap_session
965823,Ewoud Pletinckx,OH Leuven,Belgian Pro League,2025/2026,missing_heatmap_session
1307394,Fabio Ferraro,FCV Dender EH,Belgian Pro League,2025/2026,missing_heatmap_session
1075033,Gary Magnée,Cercle Brugge,Belgian Pro League,2025/2026,missing_heatmap_session
1047662,Ibe Hautekiet,Standard Liege,Belgian Pro League,2025/2026,missing_heatmap_session
1785898,Ibrahima Diaby,Cercle Brugge,Belgian Pro League,2025/2026,missing_heatmap_session
728290,Kevin Mac Allister,Union St.Gilloise,Belgian Pro League,2025/2026,missing_heatmap_session
1110376,Kyan Vaesen,Westerlo,Belgian Pro League,2025/2026,missing_heatmap_session
820792,Kévin Van Den Kerkhof,Sporting Charleroi,Belgian Pro League,2025/2026,missing_heatmap_session
604396,Leonardo Lopes,Gent,Belgian Pro League,2025/2026,missing_heatmap_session
1399713,Marwan Al-Sahafi,Royal Antwerp,Belgian Pro League,2025/2026,missing_heatmap_session
1385177,Mohammed Fuseini,Union St.Gilloise,Belgian Pro League,2025/2026,missing_heatmap_session
939427,Mujaid Sadick,Genk,Belgian Pro League,2025/2026,missing_heatmap_session
1216798,Nathan Saliba,Anderlecht,Belgian Pro League,2025/2026,missing_heatmap_session
1342516,Rein Van Helden,St.Truiden,Belgian Pro League,2025/2026,missing_heatmap_session
768266,Ross Sykes,Union St.Gilloise,Belgian Pro League,2025/2026,missing_heatmap_session
1288907,Yacine Titraoui,Sporting Charleroi,Belgian Pro League,2025/2026,missing_heatmap_session
1437306,Yuto Tsunashima,Royal Antwerp,Belgian Pro League,2025/2026,missing_heatmap_session
1287871,Zakaria El Ouahdi,Genk,Belgian Pro League,2025/2026,missing_heatmap_session
1119643,Jan Thielmann,1. FC Köln,Bundesliga,2025/2026,sportsapi_id_unresolved
1365253,Adrian Blake,FC Utrecht,Eredivisie,2025/2026,sportsapi_id_unresolved
887137,Ibrahim Sadiq,AZ Alkmaar,Eredivisie,2025/2026,sportsapi_id_unresolved
926293,Kaj de Rooij,PEC Zwolle,Eredivisie,2025/2026,sportsapi_id_unresolved
1124533,Kilian Sildillia,PSV Eindhoven,Eredivisie,2025/2026,sportsapi_id_unresolved
1383534,Weslley Pinto,AZ Alkmaar,Eredivisie,2025/2026,sportsapi_id_unresolved
852071,Juan Hernández,Real Betis,LaLiga,2025/2026,sportsapi_id_unresolved
1094778,Raúl García,Osasuna,LaLiga,2025/2026,sportsapi_id_unresolved
1130583,Samú,Mallorca,LaLiga,2025/2026,sportsapi_id_unresolved
1436270,Unai Gómez,Athletic Club,LaLiga,2025/2026,sportsapi_id_unresolved
601145,Habibou Mouhamadou Diallo,Metz,Ligue 1,2025/2026,sportsapi_id_unresolved
1040889,Junior Dina Ebimbe,Brest,Ligue 1,2025/2026,sportsapi_id_unresolved
437329,Mbwana Samatta,Le Havre,Ligue 1,2025/2026,sportsapi_id_unresolved
1202239,Mohamed Bamba,Lorient,Ligue 1,2025/2026,sportsapi_id_unresolved
1372921,Andrey Santos,Chelsea,Premier League,2025/2026,sportsapi_id_unresolved
1076756,Brennan Johnson,Tottenham Hotspur,Premier League,2025/2026,sportsapi_id_unresolved
795179,Gabriel,Arsenal,Premier League,2025/2026,sportsapi_id_unresolved
1113903,Liam Delap,Chelsea,Premier League,2025/2026,sportsapi_id_unresolved
1075457,Chuchu Ramírez,Nacional,Primeira Liga,2025/2026,sportsapi_id_unresolved
1287941,Gabri Martínez,Braga,Primeira Liga,2025/2026,heatmap_request_failed
613714,Jordan Pefok,Tondela,Primeira Liga,2025/2026,sportsapi_id_unresolved
1284376,Marezi,Alverca,Primeira Liga,2025/2026,sportsapi_id_unresolved
1031656,Maxi Araújo,Sporting CP,Primeira Liga,2025/2026,sportsapi_id_unresolved
1174640,Pedro Maranhão,Tondela,Primeira Liga,2025/2026,sportsapi_id_unresolved
875133,Pote,Sporting CP,Primeira Liga,2025/2026,sportsapi_id_unresolved
1044194,Vinícius,Santa Clara,Primeira Liga,2025/2026,heatmap_request_failed
474448,Antonio Sanabria,Cremonese,Serie A,2025/2026,sportsapi_id_unresolved
935380,Enrico Del Prato,Parma,Serie A,2025/2026,sportsapi_id_unresolved
1367618,Francesco Pio Esposito,Inter,Serie A,2025/2026,sportsapi_id_unresolved
1355574,Giovane Nascimento,Hellas Verona,Serie A,2025/2026,sportsapi_id_unresolved
355356,Marc-Oliver Kempf,Como,Serie A,2025/2026,sportsapi_id_unresolved
936164,Michel Ndary Adopo,Cagliari,Serie A,2025/2026,sportsapi_id_unresolved
889535,Yann Aurel Bisseck,Inter,Serie A,2025/2026,sportsapi_id_unresolved
1367618,Francesco Pio Esposito,Inter,UEFA Champions League,2025/2026,sportsapi_id_unresolved
875133,Pote,Sporting CP,UEFA Champions League,2025/2026,sportsapi_id_unresolved
324910,Abdul Rahman Baba,PAOK Thessaloniki,UEFA Europa League,2025/2026,sportsapi_id_unresolved
1060604,Abner,Lyon,UEFA Europa League,2025/2026,sportsapi_id_unresolved
1208040,Caio,Ludogorets Razgrad,UEFA Europa League,2025/2026,sportsapi_id_unresolved
882163,Chukwubuike Adamu,Freiburg,UEFA Europa League,2025/2026,sportsapi_id_unresolved
1287941,Gabri Martínez,Braga,UEFA Europa League,2025/2026,heatmap_request_failed
852071,Juan Hernández,Real Betis,UEFA Europa League,2025/2026,sportsapi_id_unresolved
1166344,Kevin Carlos,Nice,UEFA Europa League,2025/2026,sportsapi_id_unresolved
