player_id,player_name,season_name,league_id,league_name,team_id,team_name,position,position_group,goals,xg,xgot,minutes_played,dribbles_succeeded,dribbles_success_rate,dispossessed,fouls_won,penalties_awarded,duels_won,duels_won_percentage,aerial_duels_won,aerial_duels_won_percentage,in_box_goals,in_box_xg,in_box_xgot,in_box_shots,out_box_goals,out_box_xg,out_box_xgot,out_box_shots
1597668,Rio Ngumoha,2025/2026,47,Premier League,8650,Liverpool,Left Winger,,2.0,1.31,1.91,551.0,30.0,69.8,12.0,12.0,0.0,46.0,54.8,,,2.0,1.0740844830870637,1.849498614668846,11.0,0.0,0.240408280864358,0.0640226881951094,5.0
942368,Jérémy Doku,2025/2026,47,Premier League,8456,Manchester City,Left Winger,,5.0,2.75,5.25,1784.0,84.0,56.8,49.0,61.0,2.0,171.0,52.8,4.0,33.3,3.0,2.2492618374526505,4.316208815202116,27.0,2.0,0.46365543641149987,0.929215312004089,12.0
1318400,Kevin,2025/2026,47,Premier League,9879,Fulham,Left Winger,,1.0,1.2,1.96,1037.0,44.0,50.0,23.0,17.0,1.0,90.0,44.3,8.0,36.4,0.0,0.6008520945906646,0.528161041438579,11.0,1.0,0.6068370901048179,1.433724664151669,14.0
1580774,Estêvão,2025/2026,47,Premier League,8455,Chelsea,Right Winger,,2.0,2.92,3.79,845.0,29.0,41.4,20.0,9.0,1.0,52.0,34.9,3.0,17.6,2.0,2.737410068511963,3.009216167032718,23.0,0.0,0.2002545110881328,0.66995444893837,5.0
891743,Mohammed Kudus,2025/2026,47,Premier League,8586,Tottenham Hotspur,Right Winger,,2.0,1.93,2.61,1545.0,52.0,51.0,54.0,15.0,0.0,107.0,40.7,11.0,37.9,1.0,1.4786819256842132,1.9443607628345492,16.0,1.0,0.44402049575001,0.5419727340340617,10.0
1561249,Charalampos Kostoulas,2025/2026,47,Premier League,10204,Brighton & Hove Albion,Striker,F,2.0,2.14,2.23,353.0,11.0,40.7,10.0,7.0,0.0,51.0,46.8,22.0,50.0,2.0,2.0604325216263533,2.2345967870205654,19.0,0.0,0.074793353676796,0.0,2.0
1288111,Mathys Tel,2025/2026,47,Premier League,8586,Tottenham Hotspur,Left Winger,,4.0,2.44,2.84,1342.0,39.0,49.4,38.0,23.0,0.0,97.0,40.8,16.0,31.4,3.0,2.091014033183457,2.186589729040861,24.0,1.0,0.3927071383222938,0.6556292809545993,11.0
1104053,Rayan Cherki,2025/2026,47,Premier League,8456,Manchester City,Attacking Midfielder,M,4.0,4.13,4.56,1786.0,51.0,48.1,34.0,34.0,0.0,112.0,45.9,1.0,12.5,3.0,3.366357520222664,3.710799533873796,39.0,1.0,0.76577378064394,0.8483573347330087,16.0
965764,Iliman Ndiaye,2025/2026,47,Premier League,8668,Everton,Right Winger,,6.0,6.71,9.11,2786.0,73.0,54.5,64.0,37.0,0.0,191.0,46.7,11.0,23.4,6.0,6.2899191790103925,7.778949286788703,30.0,0.0,0.5784771684557197,1.3876168886199585,13.0
1400227,Yankuba Minteh,2025/2026,47,Premier League,10204,Brighton & Hove Albion,Right Winger,,3.0,3.8,2.95,2398.0,65.0,53.7,34.0,22.0,1.0,162.0,48.2,19.0,37.3,3.0,3.5100821387022725,2.622321624308824,34.0,0.0,0.2538212775252759,0.0380100198090076,7.0
1113790,Oscar Bobb,2025/2026,47,Premier League,8456,Manchester City,Right Winger,,0.0,1.48,1.32,1037.0,27.0,60.0,23.0,17.0,0.0,71.0,53.0,6.0,46.2,0.0,1.4863008875399824,1.320419311523437,12.0,0.0,0.0,0.0,0.0
1341387,Wilson Odobert,2025/2026,47,Premier League,8586,Tottenham Hotspur,Left Winger,,0.0,1.9,1.46,980.0,24.0,58.5,21.0,10.0,0.0,49.0,47.1,5.0,29.4,0.0,1.6108068774253133,1.2698086313903327,14.0,0.0,0.31213555298745654,0.18818429578095686,8.0
1215652,Omari Hutchinson,2025/2026,47,Premier League,10203,Nottingham Forest,Right Winger,,1.0,1.94,2.19,1684.0,41.0,51.9,29.0,24.0,1.0,91.0,40.8,5.0,17.2,1.0,1.568518374115229,2.1085260361433025,17.0,0.0,0.36918164044618595,0.0827828943729401,8.0
915797,Noah Okafor,2025/2026,47,Premier League,8463,Leeds United,Left Winger,,8.0,5.26,7.01,1568.0,39.0,42.4,31.0,14.0,0.0,88.0,39.6,12.0,37.5,7.0,5.164491150528192,6.525833398103713,27.0,1.0,0.2944304663687943,0.5151295438408849,8.0
1084981,Noni Madueke,2025/2026,47,Premier League,9825,Arsenal,Right Winger,,3.0,1.22,2.11,1217.0,29.0,47.5,17.0,15.0,0.0,75.0,43.9,10.0,45.5,2.0,1.1471364125609391,1.9883875027298934,22.0,1.0,0.08059848751872778,0.1213258309289817,4.0
961995,Bukayo Saka,2025/2026,47,Premier League,9825,Arsenal,Right Winger,,7.0,7.55,6.13,2225.0,50.0,49.5,32.0,54.0,0.0,167.0,51.1,22.0,42.3,7.0,7.0079097533985975,5.334964808076621,52.0,0.0,0.5575332902371886,0.7907010912895199,19.0
1197030,Hugo Ekitiké,2025/2026,47,Premier League,8650,Liverpool,Striker,F,11.0,9.87,9.22,1810.0,38.0,52.8,26.0,12.0,0.0,92.0,38.5,31.0,37.8,11.0,9.496522078290582,8.994724176824093,50.0,0.0,0.5858923681080341,0.220490220934153,15.0
941213,Crysencio Summerville,2025/2026,47,Premier League,8654,West Ham United,Left Winger,,5.0,5.17,4.49,2480.0,51.0,48.6,39.0,67.0,1.0,170.0,50.3,7.0,30.4,5.0,4.51817483175546,3.962411008775233,41.0,0.0,0.6598366349935535,0.2688076738268137,13.0
1174337,Savinho,2025/2026,47,Premier League,8456,Manchester City,Left Winger,,1.0,2.33,1.59,821.0,17.0,32.1,9.0,15.0,1.0,41.0,40.6,,,1.0,2.383980124257505,1.587466470897198,20.0,0.0,0.0,0.0,0.0
1021586,Gabriel Martinelli,2025/2026,47,Premier League,9825,Arsenal,Left Winger,,1.0,3.99,2.7,1073.0,22.0,57.9,26.0,14.0,0.0,55.0,42.3,8.0,30.8,1.0,3.7877367231994867,2.074148559942841,26.0,0.0,0.216950505971909,0.5589691251516347,3.0
439369,Ryan Christie,2025/2026,47,Premier League,8678,AFC Bournemouth,Defensive Midfielder,,2.0,1.92,2.61,986.0,19.0,48.7,15.0,22.0,0.0,80.0,50.0,13.0,46.4,2.0,1.4080893397331244,1.8929193988442412,9.0,0.0,0.5734041305258868,0.6763947922736406,16.0
933576,Antoine Semenyo,2025/2026,47,Premier League,8678,AFC Bournemouth,Right Winger,,17.0,11.09,13.02,3200.0,59.0,44.4,63.0,21.0,0.0,184.0,40.4,59.0,49.2,13.0,9.984659912142156,11.168386932462454,61.0,4.0,1.2415075935423372,1.5060956161469221,22.0
863098,Matheus Cunha,2025/2026,47,Premier League,10260,Manchester United,Striker,F,10.0,7.06,7.18,2503.0,44.0,48.4,53.0,54.0,2.0,164.0,46.5,28.0,37.8,8.0,5.788528216071427,6.099818296730519,51.0,2.0,1.2482647709548476,1.5054328925907607,39.0
906937,Anthony Gordon,2025/2026,47,Premier League,10261,Newcastle United,Left Winger,,6.0,8.83,6.19,1814.0,33.0,47.1,26.0,40.0,1.0,100.0,46.9,8.0,23.5,6.0,8.10530594934225,5.28761421330273,32.0,0.0,0.6858565481379623,0.893605073913933,16.0
843040,Pedro Neto,2025/2026,47,Premier League,8455,Chelsea,Right Winger,,5.0,4.61,3.83,2643.0,47.0,45.2,25.0,25.0,0.0,100.0,40.3,9.0,27.3,4.0,4.012667424976825,3.5909922868013378,31.0,1.0,0.6260237945243717,0.241921931505203,15.0
1609213,Mateus Mané,2025/2026,47,Premier League,8602,Wolverhampton Wanderers,Attacking Midfielder,M,3.0,2.01,3.41,1790.0,31.0,36.9,41.0,47.0,2.0,114.0,40.3,8.0,17.4,0.0,0.8263722378760571,0.4585543945431704,12.0,3.0,1.1574873812496658,3.0927572138607506,30.0
1197655,Lewis Hall,2025/2026,47,Premier League,10261,Newcastle United,Left Back,,1.0,1.01,0.88,2179.0,37.0,54.4,38.0,41.0,0.0,158.0,54.3,26.0,44.8,0.0,0.44705795310437735,0.5001257359981541,8.0,1.0,0.5625495221465827,0.3792869905009867,17.0
1152455,Florian Wirtz,2025/2026,47,Premier League,8650,Liverpool,Left Winger,,5.0,7.03,6.52,2388.0,39.0,52.7,36.0,19.0,0.0,99.0,39.9,7.0,14.9,5.0,6.301158249378203,6.157124441117047,36.0,0.0,0.5879122586920859,0.25963397324085213,15.0
1526689,Álex Jiménez,2025/2026,47,Premier League,8678,AFC Bournemouth,Right Back,,1.0,1.13,1.14,2323.0,39.0,52.0,20.0,20.0,0.0,141.0,50.9,13.0,37.1,1.0,0.9045111853629355,0.8200421333312979,9.0,0.0,0.31269932398572553,0.154646158218384,12.0
846383,Callum Hudson-Odoi,2025/2026,47,Premier League,10203,Nottingham Forest,Left Winger,,3.0,2.8,2.7,1844.0,30.0,51.7,22.0,12.0,0.0,59.0,43.1,3.0,25.0,2.0,2.466392248868942,2.2693647481501094,18.0,1.0,0.29511443339288235,0.4100524894893164,12.0
1429912,Michael Kayode,2025/2026,47,Premier League,9937,Brentford,Right Back,,1.0,1.18,1.43,3264.0,55.0,51.4,31.0,50.0,0.0,213.0,57.7,41.0,60.3,1.0,1.1386838015168905,1.2402027174830446,8.0,0.0,0.0807218104600906,0.0,1.0
1070052,Amad Diallo,2025/2026,47,Premier League,10260,Manchester United,Right Winger,,2.0,5.57,4.19,2344.0,39.0,49.4,25.0,38.0,1.0,128.0,50.4,13.0,40.6,1.0,4.910923471674323,2.912565605714918,38.0,1.0,0.5920607075095177,1.306265752762556,15.0
688300,Samuel Chukwueze,2025/2026,47,Premier League,9879,Fulham,Left Winger,,3.0,2.07,3.08,1075.0,18.0,46.2,15.0,12.0,0.0,43.0,43.0,7.0,38.9,3.0,1.6575421504676346,2.603885963559152,15.0,0.0,0.4151508938521141,0.4809656776487825,10.0
862608,Kaoru Mitoma,2025/2026,47,Premier League,10204,Brighton & Hove Albion,Left Winger,,3.0,4.06,3.62,1721.0,28.0,44.4,23.0,21.0,0.0,82.0,40.0,15.0,41.7,2.0,3.4893698412925,3.281865060329439,24.0,1.0,0.500969205051661,0.334488578140736,8.0
823825,Randal Kolo Muani,2025/2026,47,Premier League,8586,Tottenham Hotspur,Striker,F,1.0,2.18,1.89,1670.0,28.0,42.4,37.0,17.0,0.0,106.0,37.6,32.0,39.5,1.0,2.121071975678205,1.889689981937408,17.0,0.0,0.082753935828805,0.0,3.0
215384,Ross Barkley,2025/2026,47,Premier League,10252,Aston Villa,Attacking Midfielder,M,3.0,1.51,1.86,852.0,13.0,65.0,16.0,9.0,0.0,50.0,47.2,14.0,46.7,3.0,1.2753668893128633,1.5036358367651697,9.0,0.0,0.24944681767374285,0.3544361181557178,9.0
1174672,João Gomes,2025/2026,47,Premier League,8602,Wolverhampton Wanderers,Central Midfielder,M,1.0,1.28,2.37,2833.0,43.0,64.2,55.0,49.0,0.0,226.0,50.4,27.0,50.0,1.0,0.686575368046761,1.1660892535001042,9.0,0.0,0.455456105992198,1.007088914513588,10.0
1386775,Lucas Bergvall,2025/2026,47,Premier League,8586,Tottenham Hotspur,Central Midfielder,M,1.0,1.4,0.67,966.0,15.0,62.5,7.0,7.0,0.0,49.0,43.8,5.0,26.3,1.0,1.265122182667255,0.656683698296547,10.0,0.0,0.0413132943212986,0.0128734754398465,2.0
818975,Eberechi Eze,2025/2026,47,Premier League,9826,Crystal Palace,Attacking Midfielder,M,7.0,5.05,6.84,1900.0,29.0,59.2,24.0,40.0,0.0,98.0,52.1,10.0,28.6,6.0,4.274866484105589,5.915540508925916,34.0,1.0,0.744021135382354,0.9231879003345973,29.0
523825,Jarrod Bowen,2025/2026,47,Premier League,8654,West Ham United,Right Winger,,9.0,7.26,7.14,3405.0,53.0,44.9,77.0,49.0,0.0,185.0,43.3,33.0,36.7,7.0,6.4325768389195215,5.932010412216188,56.0,2.0,1.0431554801762108,1.3273171391338114,23.0
956925,Georginio Rutter,2025/2026,47,Premier League,10204,Brighton & Hove Albion,Attacking Midfielder,M,3.0,3.02,3.34,1790.0,28.0,43.1,59.0,34.0,1.0,113.0,39.9,19.0,38.0,3.0,2.4426243677735315,2.40932784974575,27.0,0.0,0.5096731372177601,0.9336980292573567,15.0
1173787,Xavi Simons,2025/2026,47,Premier League,8586,Tottenham Hotspur,Attacking Midfielder,M,2.0,3.08,3.38,1757.0,28.0,42.4,30.0,44.0,0.0,118.0,48.2,12.0,32.4,1.0,2.065878547728061,0.9925567507743829,18.0,1.0,1.0696601308882228,2.085746761411429,24.0
1087966,Evann Guessand,2025/2026,47,Premier League,10252,Aston Villa,Right Winger,,1.0,1.56,1.62,916.0,14.0,35.9,28.0,20.0,0.0,69.0,44.5,11.0,45.8,1.0,1.5598433231934896,1.6168860569596286,11.0,0.0,0.0,0.0,0.0
1089691,Elliot Anderson,2025/2026,47,Premier League,10203,Nottingham Forest,Defensive Midfielder,,4.0,2.9,2.41,3334.0,50.0,54.3,62.0,80.0,0.0,297.0,54.8,66.0,58.9,3.0,2.071563090702145,2.047487281262874,17.0,1.0,0.863858252763748,0.3783185407519338,27.0
744494,Gabriel Gudmundsson,2025/2026,47,Premier League,8463,Leeds United,Left Wing-Back,,0.0,1.1,0.12,2637.0,39.0,52.7,26.0,56.0,0.0,178.0,53.6,18.0,36.0,0.0,0.9678886504843836,0.121536858379841,11.0,0.0,0.15046752244234085,0.0,7.0
1021382,João Pedro,2025/2026,47,Premier League,8455,Chelsea,Striker,F,15.0,14.96,15.16,2674.0,40.0,51.3,55.0,56.0,3.0,196.0,48.3,74.0,48.1,15.0,14.30277066119015,14.693397164344788,63.0,0.0,0.49612475931644423,0.0555063895881176,10.0
839204,Omar Marmoush,2025/2026,47,Premier League,8456,Manchester City,Striker,F,3.0,2.71,1.83,699.0,10.0,45.5,15.0,21.0,0.0,46.0,50.0,3.0,33.3,3.0,2.2556221839040522,1.728873327374458,21.0,0.0,0.5119104627519849,0.106505021452904,9.0
789630,Marcus Tavernier,2025/2026,47,Premier League,8678,AFC Bournemouth,Attacking Midfielder,M,7.0,9.06,6.36,2738.0,39.0,43.8,44.0,35.0,0.0,138.0,43.3,24.0,38.7,5.0,7.2818051428377615,5.041627392172813,31.0,2.0,1.74190443661064,1.3106593675911433,39.0
674014,David Brooks,2025/2026,47,Premier League,8678,AFC Bournemouth,Right Winger,,1.0,5.83,3.23,1199.0,17.0,41.5,10.0,13.0,0.0,55.0,41.4,6.0,31.6,1.0,4.926118625327944,2.892090007662772,35.0,0.0,0.9133410211652518,0.24651423189789018,13.0
312765,Jack Grealish,2025/2026,47,Premier League,8668,Everton,Left Winger,,2.0,2.15,2.23,1631.0,23.0,40.4,30.0,58.0,0.0,106.0,50.5,4.0,17.4,1.0,1.9368243431672454,1.9116078838706025,19.0,1.0,0.20991080161184078,0.32073360960930547,7.0
1391052,Eliezer Mayenda,2025/2026,47,Premier League,8472,Sunderland,Striker,F,2.0,2.14,3.78,756.0,11.0,34.4,21.0,11.0,0.0,42.0,34.4,15.0,34.1,2.0,2.0312342494726185,3.7796753197908415,11.0,0.0,0.1268807351589203,0.0,2.0
1072864,Tolu Arokodare,2025/2026,47,Premier League,8602,Wolverhampton Wanderers,Striker,F,3.0,5.46,4.04,1407.0,18.0,56.2,22.0,17.0,0.0,141.0,49.5,99.0,51.8,3.0,5.272162367628514,4.408386202529073,40.0,0.0,0.20610748464241624,0.0381239242851735,7.0
966026,Ian Maatsen,2025/2026,47,Premier League,10252,Aston Villa,Left Back,,0.0,1.3,0.92,1599.0,21.0,41.2,23.0,19.0,0.0,101.0,48.8,18.0,60.0,0.0,0.9798155594617124,0.912924468517304,13.0,0.0,0.28800814785063256,0.0102034425362945,7.0
637744,Marcus Edwards,2025/2026,47,Premier League,8191,Burnley,Right Winger,,1.0,1.49,0.99,1064.0,14.0,36.8,28.0,18.0,0.0,45.0,35.4,2.0,20.0,1.0,0.94374284800142,0.95162159949541,14.0,0.0,0.567576915025711,0.0,9.0
1171140,Jaidon Anthony,2025/2026,47,Premier League,8191,Burnley,Left Winger,,8.0,5.13,8.16,2735.0,36.0,35.6,41.0,47.0,1.0,134.0,41.6,12.0,32.4,8.0,4.675570759922266,7.075543873012065,39.0,0.0,0.5303053092211485,0.6615988612174998,16.0
883080,Morgan Rogers,2025/2026,47,Premier League,10252,Aston Villa,Attacking Midfielder,M,10.0,6.78,8.05,3285.0,42.0,35.6,80.0,49.0,0.0,158.0,35.7,26.0,29.5,7.0,5.512252466753125,5.734257183969021,49.0,3.0,1.3169606421142817,2.279486993327737,35.0
815006,Phil Foden,2025/2026,47,Premier League,8456,Manchester City,Attacking Midfielder,M,7.0,6.42,5.79,2084.0,25.0,53.2,33.0,31.0,0.0,96.0,48.0,6.0,25.0,5.0,5.2203960865736,4.692442134022714,30.0,2.0,0.9270594250410795,1.3512867931276555,25.0
521148,Jacob Murphy,2025/2026,47,Premier League,10261,Newcastle United,Right Winger,,3.0,3.15,1.7,1618.0,20.0,50.0,19.0,13.0,0.0,56.0,40.3,7.0,36.8,2.0,2.39064132841304,1.5893538370728482,21.0,1.0,0.769163958728313,0.34568065032362905,21.0
806552,Cody Gakpo,2025/2026,47,Premier League,8650,Liverpool,Left Winger,,7.0,8.46,5.57,2747.0,34.0,49.3,28.0,44.0,1.0,162.0,48.5,56.0,50.9,7.0,7.653329545632004,5.252675157040358,59.0,0.0,0.9345820080488924,0.3184675201773646,28.0
318615,Leandro Trossard,2025/2026,47,Premier League,9825,Arsenal,Left Winger,,6.0,5.47,5.16,2006.0,25.0,44.6,39.0,39.0,0.0,96.0,45.9,6.0,31.6,4.0,4.864222221076488,4.1928140074014655,39.0,2.0,0.6264259200543165,0.972315028309822,14.0
868344,Tijjani Reijnders,2025/2026,47,Premier League,8456,Manchester City,Attacking Midfielder,M,5.0,4.45,4.36,1636.0,20.0,43.5,16.0,15.0,0.0,48.0,40.3,3.0,37.5,5.0,4.000003917142749,3.8834288641810417,29.0,0.0,0.6585046909749505,0.2510610083118084,20.0
1422593,Joshua King,2025/2026,47,Premier League,9879,Fulham,Attacking Midfielder,M,1.0,2.47,2.65,1304.0,16.0,43.2,19.0,30.0,0.0,76.0,49.7,3.0,13.6,1.0,2.2752511613070965,2.5511166062206025,19.0,0.0,0.21110438834875822,0.102527685463428,7.0
660301,Donyell Malen,2025/2026,47,Premier League,10252,Aston Villa,Striker,F,4.0,4.07,2.93,645.0,8.0,40.0,13.0,6.0,0.0,21.0,36.8,3.0,30.0,4.0,3.9551935866475088,2.849870160222053,22.0,0.0,0.19853508099913592,0.118641547858715,5.0
952322,Brenden Aaronson,2025/2026,47,Premier League,8463,Leeds United,Right Winger,,4.0,4.55,4.5,2465.0,31.0,36.9,74.0,51.0,0.0,156.0,40.1,24.0,33.3,3.0,3.7755565531551842,3.7729947343468675,28.0,1.0,0.9352409811690455,0.8261345103383061,19.0
734042,Kyle Walker-Peters,2025/2026,47,Premier League,8654,West Ham United,Right Back,,1.0,1.13,1.04,1380.0,16.0,66.7,17.0,25.0,0.0,97.0,60.2,12.0,38.7,1.0,1.1564304623752837,1.1568422168493273,5.0,0.0,0.0,0.0,0.0
933768,Curtis Jones,2025/2026,47,Premier League,8650,Liverpool,Defensive Midfielder,,1.0,2.77,2.52,1929.0,22.0,64.7,23.0,29.0,0.0,102.0,50.7,11.0,28.9,1.0,2.441428288817407,1.9131999164819717,15.0,0.0,0.33831084519624743,0.6603499613702293,8.0
956683,Ryan Gravenberch,2025/2026,47,Premier League,8650,Liverpool,Defensive Midfielder,,5.0,1.9,3.09,2996.0,32.0,58.2,26.0,42.0,0.0,160.0,56.3,27.0,55.1,2.0,0.7985516004264349,1.826378047466279,8.0,3.0,1.1153459697961803,1.2618569340556864,30.0
794253,Justin Kluivert,2025/2026,47,Premier League,8678,AFC Bournemouth,Attacking Midfielder,M,2.0,2.32,0.7,951.0,11.0,42.3,15.0,10.0,0.0,37.0,31.9,6.0,20.7,1.0,1.836971964687109,0.388839602470398,6.0,1.0,0.4829595796763893,0.321973845362663,11.0
1022649,Dan Ndoye,2025/2026,47,Premier League,10203,Nottingham Forest,Right Winger,,1.0,1.06,0.94,1176.0,13.0,39.4,19.0,22.0,0.0,69.0,46.3,11.0,44.0,1.0,0.893746227025985,0.8872375264763825,10.0,0.0,0.16574987210333342,0.050419308245182,5.0
1203665,Alejandro Garnacho,2025/2026,47,Premier League,8455,Chelsea,Left Winger,,1.0,3.45,1.99,1268.0,14.0,35.9,12.0,23.0,0.0,55.0,44.7,3.0,18.8,1.0,3.016788864508272,1.9859357140958298,24.0,0.0,0.3941043615341189,0.0,9.0
1096353,Cole Palmer,2025/2026,47,Premier League,8455,Chelsea,Attacking Midfielder,M,10.0,10.56,10.06,1965.0,22.0,32.8,35.0,37.0,0.0,84.0,44.2,,,9.0,9.007970473030209,8.120023779571058,34.0,1.0,1.5961476741358638,1.7695320267230268,30.0
1233655,Alex Scott,2025/2026,47,Premier League,8678,AFC Bournemouth,Defensive Midfielder,,3.0,3.81,2.68,2859.0,29.0,55.8,26.0,60.0,0.0,185.0,55.6,37.0,54.4,2.0,2.6740253735333677,1.9658262431621547,16.0,1.0,1.1746786385774612,0.6843835245817904,28.0
886016,Kiernan Dewsbury-Hall,2025/2026,47,Premier League,8668,Everton,Attacking Midfielder,M,8.0,4.31,4.82,2635.0,27.0,54.0,49.0,48.0,0.0,147.0,50.5,21.0,45.7,8.0,3.663225129246712,4.395574852824212,26.0,0.0,0.5357506126165386,0.2951982356607914,13.0
1021929,Jacob Ramsey,2025/2026,47,Premier League,10261,Newcastle United,Central Midfielder,M,2.0,1.19,1.16,1444.0,15.0,50.0,13.0,14.0,0.0,79.0,54.9,9.0,42.9,1.0,0.8882325422018763,0.9019700735807421,11.0,1.0,0.29853348247706896,0.2570328339934345,5.0
1258092,William Osula,2025/2026,47,Premier League,10261,Newcastle United,Striker,F,7.0,4.29,6.08,811.0,8.0,50.0,13.0,16.0,0.0,39.0,34.8,9.0,24.3,6.0,3.4611057173460726,5.34239886701107,18.0,1.0,0.8239976540207865,0.625146791338921,5.0
184321,Callum Wilson,2025/2026,47,Premier League,8654,West Ham United,Striker,F,7.0,7.66,6.84,1243.0,13.0,48.1,21.0,14.0,0.0,50.0,34.0,19.0,29.7,5.0,7.182179244235161,6.091587774455547,32.0,2.0,0.6049837917089466,0.8819708526134492,6.0
789502,Morgan Gibbs-White,2025/2026,47,Premier League,10203,Nottingham Forest,Attacking Midfielder,M,15.0,10.84,12.89,3110.0,30.0,47.6,37.0,41.0,1.0,130.0,40.4,41.0,35.0,13.0,9.780863957518342,9.998194575309753,55.0,2.0,1.3083431813865898,2.9173113591969013,28.0
1128965,Charly Alcaraz,2025/2026,47,Premier League,8668,Everton,Attacking Midfielder,M,0.0,1.24,0.57,685.0,7.0,46.7,9.0,12.0,0.0,46.0,45.1,14.0,45.2,0.0,0.98575013782829,0.7314038798213013,13.0,0.0,0.24879206158220768,0.0,7.0
1177358,Adrien Truffert,2025/2026,47,Premier League,8678,AFC Bournemouth,Left Back,,1.0,1.36,1.58,3380.0,33.0,45.2,24.0,32.0,0.0,212.0,53.1,44.0,44.9,1.0,0.9296195805072788,1.427539974451065,7.0,0.0,0.33060665987432003,0.1168023273348809,9.0
1368654,Chemsdine Talbi,2025/2026,47,Premier League,8472,Sunderland,Right Winger,,4.0,2.13,3.83,1561.0,16.0,44.4,11.0,1.0,0.0,29.0,31.9,1.0,7.1,2.0,1.8896017521619792,2.7223529517650613,16.0,2.0,0.24243555124849062,1.1150981634855277,9.0
1078788,Neco Williams,2025/2026,47,Premier League,10203,Nottingham Forest,Left Back,,2.0,1.97,2.99,3206.0,31.0,43.7,28.0,52.0,0.0,216.0,56.0,39.0,50.0,1.0,1.08655459061265,1.4753396809101096,17.0,1.0,0.7790074208751321,1.5474108867347225,29.0
1050166,Anthony Elanga,2025/2026,47,Premier League,10261,Newcastle United,Right Winger,,0.0,1.67,0.71,1313.0,13.0,31.0,18.0,25.0,0.0,65.0,42.5,13.0,37.1,0.0,1.453109334222973,0.390788525342941,12.0,0.0,0.2213249821215867,0.3187508732080458,5.0
1250253,Dango Ouattara,2025/2026,47,Premier League,9937,Brentford,Right Winger,,7.0,7.72,6.84,2279.0,23.0,28.8,31.0,39.0,5.0,138.0,42.5,52.0,48.6,7.0,7.419155618175864,6.388091273605824,44.0,0.0,0.6058635096997023,0.4584807325154543,12.0
655575,Jacob Bruun Larsen,2025/2026,47,Premier League,8191,Burnley,Left Winger,,0.0,1.38,0.88,1023.0,10.0,28.6,11.0,,0.0,33.0,35.9,11.0,39.3,0.0,0.9474475737661124,0.476358085870743,8.0,0.0,0.4244711324572562,0.4031589645892386,9.0
1113903,Liam Delap,2025/2026,47,Premier League,8455,Chelsea,Striker,F,1.0,4.47,2.96,1102.0,10.0,76.9,22.0,19.0,1.0,59.0,39.1,25.0,42.4,1.0,4.209015674889089,2.608680488541723,31.0,0.0,0.2582982797175646,0.35190381482243527,5.0
1105912,Riccardo Calafiori,2025/2026,47,Premier League,9825,Arsenal,Left Back,,1.0,3.34,2.32,1707.0,16.0,66.7,10.0,10.0,0.0,104.0,56.5,48.0,62.3,1.0,2.9118117671459895,2.1463766247034064,22.0,0.0,0.4262225246056916,0.171177700161934,10.0
1359649,Noah Sadiki,2025/2026,47,Premier League,8472,Sunderland,Central Midfielder,M,0.0,1.46,0.75,2894.0,27.0,61.4,25.0,40.0,0.0,123.0,53.5,11.0,36.7,0.0,1.269694996997714,0.49815548211336164,12.0,0.0,0.23419974744319919,0.25417336821556097,6.0
1107280,Pape Sarr,2025/2026,47,Premier League,8586,Tottenham Hotspur,Central Midfielder,M,2.0,1.72,2.01,1391.0,13.0,59.1,18.0,13.0,0.0,86.0,45.7,27.0,41.5,2.0,1.486124601215123,1.9341686740517618,9.0,0.0,0.22637021634727716,0.14669277146458579,8.0
1356312,Mateus Fernandes,2025/2026,47,Premier League,8654,West Ham United,Central Midfielder,M,3.0,2.0,1.73,3024.0,28.0,58.3,32.0,49.0,0.0,199.0,55.4,19.0,48.7,2.0,1.174450397491456,1.4243573844432833,8.0,1.0,0.8158212434500448,0.2783858478069301,20.0
1302005,Igor Thiago,2025/2026,47,Premier League,9937,Brentford,Striker,F,22.0,20.57,20.06,3284.0,29.0,54.7,42.0,26.0,0.0,203.0,38.7,112.0,38.5,22.0,20.32138425519168,19.79078094288707,80.0,0.0,0.2425178755074739,0.0,4.0
650616,Mathias Jensen,2025/2026,47,Premier League,9937,Brentford,Defensive Midfielder,,3.0,2.27,1.89,2252.0,19.0,54.3,25.0,15.0,0.0,83.0,41.7,8.0,27.6,1.0,1.4091968871653087,1.2375524863600724,9.0,2.0,0.8754502739757296,0.6542878448963168,20.0
356406,John McGinn,2025/2026,47,Premier League,10252,Aston Villa,Right Winger,,5.0,2.96,3.9,2157.0,19.0,48.7,46.0,48.0,0.0,107.0,44.8,11.0,34.4,1.0,1.9977668356150395,1.510668208822608,13.0,4.0,1.051764138042927,2.4788612872362137,15.0
881735,Anton Stach,2025/2026,47,Premier League,8463,Leeds United,Central Midfielder,M,5.0,2.92,2.91,2378.0,20.0,47.6,26.0,24.0,0.0,155.0,53.1,48.0,62.3,1.0,1.6187826693058023,1.0742245465517049,21.0,4.0,1.3584657814353704,1.6678989734500647,34.0
540088,Ollie Watkins,2025/2026,47,Premier League,10252,Aston Villa,Striker,F,16.0,15.14,15.8,2852.0,26.0,46.4,43.0,32.0,0.0,116.0,41.1,36.0,38.7,15.0,14.715211629867554,15.151983514428137,72.0,1.0,0.48021560721099393,0.5775370523333556,11.0
1354561,Diego Gómez,2025/2026,47,Premier League,10204,Brighton & Hove Albion,Attacking Midfielder,M,5.0,6.29,4.34,2136.0,19.0,46.3,29.0,11.0,0.0,162.0,49.8,55.0,59.8,5.0,5.799402222037316,4.318916127085687,28.0,0.0,0.5941013814881443,0.2938632294535639,14.0
1047676,Yéremi Pino,2025/2026,47,Premier League,9826,Crystal Palace,Attacking Midfielder,M,2.0,4.51,4.17,2091.0,18.0,40.9,34.0,24.0,0.0,100.0,38.9,22.0,36.1,1.0,3.4345708973705764,3.135446041822433,26.0,1.0,1.0740784630179396,1.1058854907751081,19.0
1300526,Nico O'Reilly,2025/2026,47,Premier League,8456,Manchester City,Left Back,,5.0,6.03,6.2,2648.0,24.0,40.7,34.0,18.0,0.0,161.0,46.9,51.0,52.6,5.0,5.754997506737711,6.224634453654288,33.0,0.0,0.27885714918375015,0.149962231516838,8.0
1460534,Junior Kroupi,2025/2026,47,Premier League,8678,AFC Bournemouth,Attacking Midfielder,M,13.0,8.35,9.79,1683.0,15.0,40.5,20.0,12.0,0.0,44.0,31.0,8.0,26.7,11.0,7.647782731878758,9.772048093378546,33.0,2.0,0.7507180320098998,0.35447854548692664,19.0
1168311,Yasin Ayari,2025/2026,47,Premier League,10204,Brighton & Hove Albion,Defensive Midfielder,,3.0,2.71,1.67,1924.0,18.0,37.5,19.0,28.0,0.0,102.0,47.4,9.0,34.6,2.0,1.564971396699547,1.247278146445751,15.0,1.0,1.1400650516152384,0.42483591195195913,26.0
888912,Mikkel Damsgaard,2025/2026,47,Premier League,9937,Brentford,Attacking Midfielder,M,4.0,2.62,3.11,2057.0,18.0,35.3,33.0,23.0,0.0,116.0,42.8,19.0,41.3,4.0,1.7207705117762095,2.8341437429189686,17.0,0.0,0.9375201938673852,0.27302945870906065,12.0
1079485,Beto,2025/2026,47,Premier League,8668,Everton,Striker,F,9.0,8.91,8.76,1565.0,14.0,34.1,30.0,12.0,0.0,133.0,39.5,92.0,44.4,9.0,8.783395823091267,8.531171306967735,42.0,0.0,0.0141494870185852,0.0,1.0
1077975,Armando Broja,2025/2026,47,Premier League,8191,Burnley,Striker,F,1.0,2.15,1.66,849.0,8.0,33.3,20.0,16.0,0.0,65.0,33.3,35.0,31.5,1.0,2.0116579942405206,1.6480959206819534,15.0,0.0,0.132270514965057,0.0,1.0
1192166,Rodrigo Gomes,2025/2026,47,Premier League,8602,Wolverhampton Wanderers,Right Wing-Back,,3.0,2.15,1.52,960.0,8.0,30.8,7.0,8.0,0.0,45.0,43.3,6.0,25.0,3.0,2.111073236912487,1.5156982541084298,18.0,0.0,0.0344938552007079,0.0,2.0
292462,Mohamed Salah,2025/2026,47,Premier League,8650,Liverpool,Right Winger,,7.0,8.16,7.17,2148.0,19.0,26.4,50.0,16.0,0.0,60.0,29.9,8.0,29.6,7.0,7.262081252449752,7.120071616023779,57.0,0.0,0.8562017064541572,0.0454267971217632,11.0
1296763,Lewis Miley,2025/2026,47,Premier League,10261,Newcastle United,Central Midfielder,M,1.0,1.34,1.24,1493.0,12.0,85.7,9.0,4.0,0.0,89.0,66.4,45.0,72.6,1.0,1.2340814992785447,1.2444946095347398,8.0,0.0,0.10509718116372822,0.0,4.0
867414,Sandro Tonali,2025/2026,47,Premier League,10261,Newcastle United,Central Midfielder,M,0.0,1.74,1.56,2543.0,19.0,61.3,17.0,42.0,0.0,107.0,54.9,13.0,50.0,0.0,1.0583300590515137,1.1639589946717024,10.0,0.0,0.6980086248368025,0.3992130113765596,27.0
662428,Antonee Robinson,2025/2026,47,Premier League,9879,Fulham,Left Back,,1.0,1.07,0.76,1492.0,12.0,57.1,7.0,9.0,0.0,87.0,57.2,18.0,60.0,1.0,1.002471048423648,0.757332265377045,3.0,0.0,0.06440313719213009,0.0,3.0
950830,Joshua Zirkzee,2025/2026,47,Premier League,10260,Manchester United,Striker,F,2.0,2.95,1.99,608.0,5.0,55.6,13.0,6.0,0.0,40.0,39.6,20.0,38.5,1.0,2.654201004654169,1.7762514725327498,21.0,1.0,0.2979449369013314,0.2177144736051557,4.0
535936,Joelinton,2025/2026,47,Premier League,10261,Newcastle United,Central Midfielder,M,2.0,2.39,4.22,1953.0,16.0,53.3,26.0,27.0,0.0,149.0,50.3,63.0,57.3,2.0,2.0084099471569066,3.8987121060490617,23.0,0.0,0.3837219439446929,0.323790661990643,9.0
846005,Dominik Szoboszlai,2025/2026,47,Premier League,8650,Liverpool,Attacking Midfielder,M,6.0,4.85,4.15,3233.0,26.0,52.0,27.0,30.0,0.0,131.0,45.8,19.0,44.2,2.0,2.9347694348931306,2.098201327025891,19.0,4.0,1.8720329636707895,1.9437033561989663,52.0
889534,Emile Smith Rowe,2025/2026,47,Premier League,9879,Fulham,Attacking Midfielder,M,3.0,4.77,4.38,1928.0,14.0,48.3,31.0,17.0,0.0,72.0,49.7,7.0,35.0,3.0,4.300027299672365,4.179994411766528,28.0,0.0,0.46383949741721164,0.1726570408791307,8.0
881500,Lyle Foster,2025/2026,47,Premier League,8191,Burnley,Striker,F,3.0,3.25,3.31,1372.0,10.0,45.5,32.0,13.0,0.0,66.0,31.7,28.0,28.6,3.0,3.18818536400795,3.059161692857743,15.0,0.0,0.1631381493061781,0.0,5.0
488139,Bernardo Silva,2025/2026,47,Premier League,8456,Manchester City,Attacking Midfielder,M,2.0,2.56,1.89,2886.0,21.0,42.9,34.0,22.0,0.0,101.0,41.1,4.0,16.0,2.0,2.1831457391381264,1.8876179195940508,23.0,0.0,0.38061962462961696,0.0,7.0
604785,Alex Iwobi,2025/2026,47,Premier League,9879,Fulham,Defensive Midfielder,,4.0,1.92,2.41,2434.0,19.0,42.2,24.0,10.0,0.0,62.0,45.3,7.0,46.7,2.0,1.3070944361388672,1.5304627064615484,19.0,2.0,0.607842769473791,0.7178509961813689,20.0
850354,Bruno Guimarães,2025/2026,47,Premier League,10261,Newcastle United,Central Midfielder,M,9.0,5.6,8.57,2455.0,18.0,37.5,46.0,75.0,2.0,168.0,50.5,13.0,37.1,6.0,4.728690441775323,6.9566247165203094,20.0,3.0,0.870672261342406,1.6140289781615147,22.0
1079557,Amine Adli,2025/2026,47,Premier League,8678,AFC Bournemouth,Left Winger,,3.0,2.6,3.19,1082.0,8.0,36.4,9.0,22.0,1.0,96.0,53.3,30.0,52.6,3.0,2.237436592578887,3.2264980450272556,13.0,0.0,0.2502948697656392,0.24600628763437268,7.0
1010426,Keane Lewis-Potter,2025/2026,47,Premier League,9937,Brentford,Left Back,,3.0,3.04,2.27,1968.0,16.0,36.4,15.0,36.0,0.0,86.0,47.0,11.0,28.2,3.0,2.4014023859053837,2.0251573696732517,19.0,0.0,0.6819048468023536,0.0766540020704269,12.0
1526560,Patrick Dorgu,2025/2026,47,Premier League,10260,Manchester United,Left Wing-Back,,4.0,2.35,2.62,1445.0,11.0,28.2,22.0,47.0,0.0,149.0,54.4,44.0,53.7,3.0,2.0727948006242514,2.2262822315096864,19.0,1.0,0.2475351970642805,0.3724528327584264,7.0
1083796,Kevin Schade,2025/2026,47,Premier League,9937,Brentford,Left Winger,,8.0,12.18,9.83,2757.0,20.0,26.7,45.0,43.0,2.0,190.0,44.1,87.0,50.3,8.0,11.262376545967163,9.770843187347054,56.0,0.0,0.775026679039001,0.0,1.0
751550,Diogo Dalot,2025/2026,47,Premier League,10260,Manchester United,Right Back,,1.0,2.0,0.8,2616.0,18.0,66.7,16.0,14.0,0.0,135.0,59.5,52.0,71.2,1.0,1.779080663807689,0.610183257609606,15.0,0.0,0.18938153283670545,0.1937254890799518,9.0
295067,Will Hughes,2025/2026,47,Premier League,9826,Crystal Palace,Defensive Midfielder,,0.0,1.09,,1568.0,11.0,61.1,14.0,25.0,0.0,79.0,49.4,17.0,41.5,0.0,0.8839841075241567,0.0,10.0,0.0,0.29668346978724003,0.0,7.0
494417,Harry Wilson,2025/2026,47,Premier League,9879,Fulham,Right Winger,,10.0,5.83,8.93,2691.0,18.0,54.5,23.0,37.0,0.0,89.0,48.4,5.0,20.0,7.0,4.169442088343201,5.402615047991277,43.0,3.0,1.7284316821023817,3.5023499671369795,35.0
861197,Lukas Nmecha,2025/2026,47,Premier League,8463,Leeds United,Striker,F,6.0,7.23,7.96,1073.0,7.0,53.8,18.0,18.0,0.0,67.0,41.9,32.0,39.5,6.0,7.650979584199189,8.015322148799898,29.0,0.0,0.0250515658408403,0.0341493524610996,1.0
621515,Daichi Kamada,2025/2026,47,Premier League,9826,Crystal Palace,Defensive Midfielder,,0.0,1.65,1.07,1908.0,12.0,50.0,16.0,28.0,1.0,116.0,55.0,14.0,48.3,0.0,1.3548332341015346,0.728256314992905,11.0,0.0,0.3009920958429575,0.344078846275807,8.0
1200631,Lesley Ugochukwu,2025/2026,47,Premier League,8191,Burnley,Defensive Midfielder,,3.0,2.5,2.47,2350.0,16.0,50.0,31.0,30.0,0.0,122.0,49.6,26.0,45.6,3.0,2.140141349285841,2.1823915913701057,15.0,0.0,0.3705930020660165,0.2960059791803362,8.0
706297,Jean-Philippe Mateta,2025/2026,47,Premier League,9826,Crystal Palace,Striker,F,12.0,14.51,13.24,2222.0,14.0,45.2,41.0,19.0,1.0,110.0,37.7,67.0,40.6,12.0,13.741609975850581,13.077132860198615,53.0,0.0,0.7670726068317888,0.2221601977944375,10.0
941573,Pedro Porro,2025/2026,47,Premier League,8586,Tottenham Hotspur,Right Back,,1.0,1.05,1.38,2798.0,19.0,42.2,9.0,26.0,0.0,140.0,51.9,19.0,43.2,1.0,0.5457502994686362,1.1802696287631984,13.0,0.0,0.5063980408012866,0.19685289263725309,19.0
860975,Joseph Willock,2025/2026,47,Premier League,10261,Newcastle United,Central Midfielder,M,0.0,1.26,0.81,980.0,7.0,41.2,12.0,11.0,0.0,48.0,41.4,10.0,47.6,0.0,1.0082321688532827,0.8193388599902398,11.0,0.0,0.26538405939936643,0.0126772867515683,6.0
750032,Mason Mount,2025/2026,47,Premier League,10260,Manchester United,Attacking Midfielder,M,3.0,1.5,0.96,1018.0,7.0,41.2,15.0,12.0,1.0,50.0,43.5,7.0,33.3,2.0,1.295546412467956,0.824155017733573,12.0,1.0,0.20910275820642701,0.1354291960597038,7.0
1023030,Jhon Arias,2025/2026,47,Premier League,8602,Wolverhampton Wanderers,Left Winger,,1.0,3.25,0.77,1121.0,8.0,40.0,26.0,9.0,0.0,70.0,42.4,10.0,35.7,1.0,3.0014371648430824,0.487831264734268,9.0,0.0,0.26207049190998066,0.2826776877045634,7.0
654908,Richarlison,2025/2026,47,Premier League,8586,Tottenham Hotspur,Striker,F,11.0,8.09,11.95,1957.0,12.0,37.5,30.0,33.0,0.0,139.0,42.4,69.0,39.9,10.0,7.86375540867448,11.341235231608152,56.0,1.0,0.14541988354176283,0.20207697153091442,5.0
1106563,Nick Woltemade,2025/2026,47,Premier League,10261,Newcastle United,Striker,F,8.0,6.59,7.88,1912.0,13.0,37.1,42.0,20.0,0.0,92.0,38.2,35.0,38.5,8.0,6.414048209825157,7.454970479011536,30.0,0.0,0.2390536777675154,0.605567932128906,2.0
620026,Hee-Chan Hwang,2025/2026,47,Premier League,8602,Wolverhampton Wanderers,Striker,F,2.0,2.39,2.71,1452.0,9.0,36.0,11.0,18.0,0.0,43.0,36.8,6.0,30.0,2.0,2.0651401132732627,2.628068149089814,11.0,0.0,0.36208627931773674,0.0770666524767876,8.0
1073977,Benjamin Sesko,2025/2026,47,Premier League,10260,Manchester United,Striker,F,11.0,9.2,11.17,1635.0,10.0,33.3,30.0,6.0,0.0,85.0,40.7,64.0,52.9,11.0,9.417892020661386,10.99928511865437,55.0,0.0,0.23213356733322152,0.17653095908462998,6.0
923312,Bryan Mbeumo,2025/2026,47,Premier League,10260,Manchester United,Attacking Midfielder,M,11.0,12.19,9.9,2621.0,18.0,33.3,29.0,28.0,1.0,86.0,32.5,15.0,16.3,11.0,11.550042511895299,9.369876841083165,58.0,0.0,0.6500112842768434,0.6365049704909327,15.0
789646,Jayden Bogle,2025/2026,47,Premier League,8463,Leeds United,Right Back,,1.0,2.11,1.02,2802.0,19.0,33.3,34.0,29.0,1.0,138.0,45.5,24.0,45.3,1.0,1.8945451732724898,1.034983724355698,11.0,0.0,0.2164318622089922,0.060812579467892695,7.0
534670,Martin Ødegaard,2025/2026,47,Premier League,9825,Arsenal,Central Midfielder,M,1.0,1.23,1.33,1370.0,9.0,33.3,13.0,9.0,0.0,40.0,41.2,3.0,37.5,0.0,0.8414053618907924,0.288579612970352,10.0,1.0,0.41481975279748456,1.042891027405858,12.0
760359,Harvey Barnes,2025/2026,47,Premier League,10261,Newcastle United,Left Winger,,7.0,7.07,6.81,1961.0,13.0,28.9,24.0,23.0,0.0,56.0,35.9,7.0,30.4,6.0,6.35455388203263,5.994460240006445,39.0,1.0,0.791467477567494,0.797856319695711,19.0
784510,Federico Chiesa,2025/2026,47,Premier League,8650,Liverpool,Right Winger,,2.0,1.5,1.96,318.0,2.0,18.2,4.0,7.0,0.0,20.0,37.0,3.0,37.5,2.0,1.29786014650017,1.9192085303366186,13.0,0.0,0.22269837744534,0.0452348329126835,4.0
751998,Omar Alderete,2025/2026,47,Premier League,8472,Sunderland,Center Back,,1.0,1.64,1.49,2802.0,17.0,81.0,12.0,10.0,0.0,146.0,54.3,88.0,57.5,1.0,1.4998483806848537,1.4315449297428144,18.0,0.0,0.14406485017389067,0.0543450536206365,6.0
1195281,Milos Kerkez,2025/2026,47,Premier League,8650,Liverpool,Left Back,,2.0,1.59,1.09,2260.0,12.0,54.5,7.0,30.0,0.0,114.0,59.1,33.0,50.0,2.0,1.373805673792958,1.060226604342461,6.0,0.0,0.0651094242930412,0.0,3.0
939542,Dwight McNeil,2025/2026,47,Premier League,8668,Everton,Right Winger,,0.0,1.39,1.28,1168.0,7.0,53.8,19.0,7.0,0.0,44.0,42.7,7.0,38.9,0.0,0.9669938441365948,0.3893179148435592,12.0,0.0,0.42717384733259683,1.012855678796769,12.0
1137668,Moisés Caicedo,2025/2026,47,Premier League,8455,Chelsea,Defensive Midfielder,,3.0,1.44,1.54,2802.0,15.0,53.6,19.0,55.0,0.0,172.0,55.7,15.0,34.1,1.0,0.6481701210141185,0.9259825088083745,7.0,2.0,0.7663250956684351,0.6168301505967974,20.0
737066,Erling Haaland,2025/2026,47,Premier League,8456,Manchester City,Striker,F,27.0,25.43,23.05,2958.0,17.0,53.1,23.0,25.0,0.0,130.0,53.9,73.0,61.9,26.0,25.175380817769465,22.497809579595923,114.0,1.0,1.2715550754219291,0.9200030639767655,12.0
950474,James Garner,2025/2026,47,Premier League,8668,Everton,Defensive Midfielder,,2.0,2.03,1.32,3414.0,18.0,52.9,15.0,42.0,0.0,209.0,61.3,30.0,63.8,1.0,1.0022026030346753,0.6323787011206154,14.0,1.0,1.0622356832027435,0.7165024727582929,31.0
1197250,Malo Gusto,2025/2026,47,Premier League,8455,Chelsea,Right Back,,2.0,1.56,1.51,2267.0,13.0,52.0,16.0,20.0,0.0,101.0,53.7,15.0,45.5,2.0,1.416176002472639,1.4848322980105877,7.0,0.0,0.1403341963887215,0.0279530249536037,5.0
1296650,Adam Wharton,2025/2026,47,Premier League,9826,Crystal Palace,Defensive Midfielder,,1.0,1.52,0.41,2562.0,15.0,51.7,27.0,31.0,0.0,140.0,48.6,24.0,43.6,0.0,0.6827454399317504,0.42717273160815217,9.0,1.0,0.8401934467256071,0.03561732638627295,23.0
1098096,Evanilson,2025/2026,47,Premier League,8678,AFC Bournemouth,Striker,F,6.0,10.59,6.92,2759.0,16.0,50.0,39.0,37.0,2.0,113.0,39.8,47.0,35.6,6.0,10.76849397737533,6.795495165511966,63.0,0.0,0.26852446887642156,0.105373911559582,7.0
827315,Nicolás Dominguez,2025/2026,47,Premier League,10203,Nottingham Forest,Defensive Midfielder,,1.0,1.47,1.75,1175.0,6.0,50.0,5.0,11.0,0.0,86.0,55.1,13.0,38.2,1.0,1.0876694954931734,1.1256106495857239,8.0,0.0,0.38142780866473924,0.6230935156345361,10.0
807729,Reece James,2025/2026,47,Premier League,8455,Chelsea,Right Back,,2.0,1.04,2.12,1961.0,11.0,50.0,13.0,22.0,0.0,112.0,59.3,31.0,66.0,1.0,0.3561698272824293,0.827285408973694,4.0,1.0,0.6798875164240604,1.2918913438916209,18.0
182962,Tom Cairney,2025/2026,47,Premier League,9879,Fulham,Defensive Midfielder,,2.0,1.21,0.86,763.0,4.0,50.0,4.0,11.0,0.0,32.0,53.3,10.0,76.9,0.0,0.5301349572837359,0.0,6.0,2.0,0.6350710624828939,0.8584739565849311,11.0
795371,Ibrahim Sangaré,2025/2026,47,Premier League,10203,Nottingham Forest,Defensive Midfielder,,2.0,1.15,1.97,2080.0,11.0,47.8,15.0,18.0,0.0,111.0,48.3,24.0,47.1,1.0,0.7359446547925469,1.3389413580298428,5.0,1.0,0.36887814849615097,0.617751821875572,11.0
1128945,Rodrigo Muniz,2025/2026,47,Premier League,9879,Fulham,Striker,F,1.0,3.34,0.8,997.0,5.0,41.7,12.0,18.0,0.0,108.0,49.1,78.0,53.1,1.0,3.288494249805808,0.9042678475379949,29.0,0.0,0.11432597972452639,0.0,3.0
942381,Jurriën Timber,2025/2026,47,Premier League,9825,Arsenal,Right Back,,3.0,4.77,4.17,2457.0,13.0,39.4,25.0,29.0,1.0,147.0,57.2,40.0,66.7,3.0,4.687396658584474,4.173788882791997,24.0,0.0,0.028154794126749,0.0,1.0
1157236,Yehor Yarmoliuk,2025/2026,47,Premier League,9937,Brentford,Defensive Midfielder,,1.0,1.2,0.77,2665.0,15.0,35.7,23.0,12.0,0.0,129.0,45.7,32.0,55.2,1.0,0.796185223385692,0.6012753620743753,7.0,0.0,0.38201365154236555,0.1694736536592249,9.0
771294,Ismaïla Sarr,2025/2026,47,Premier League,9826,Crystal Palace,Attacking Midfielder,M,9.0,10.91,9.63,2176.0,11.0,35.5,43.0,42.0,2.0,95.0,39.4,24.0,27.0,9.0,10.531916365143655,8.631425634026526,40.0,0.0,0.27413207292556746,0.9130353331565859,8.0
1283034,Loum Tchaouna,2025/2026,47,Premier League,8191,Burnley,Right Winger,,2.0,1.25,1.1,1270.0,7.0,33.3,17.0,16.0,0.0,54.0,39.7,14.0,35.9,1.0,0.7788525409996514,0.60493291914463,9.0,1.0,0.455413756892085,0.5006620651111009,14.0
1076756,Brennan Johnson,2025/2026,47,Premier League,8586,Tottenham Hotspur,Attacking Midfielder,M,2.0,2.43,1.59,1722.0,9.0,31.0,12.0,15.0,0.0,67.0,45.3,16.0,50.0,2.0,2.1045228019356728,1.590404070913792,15.0,0.0,0.329808348789811,0.0,8.0
610184,Emiliano Buendía,2025/2026,47,Premier League,10252,Aston Villa,Left Winger,,6.0,3.42,4.38,1759.0,9.0,31.0,35.0,45.0,0.0,124.0,44.9,21.0,36.2,3.0,1.7494833637028933,2.297357790172102,19.0,3.0,1.6101108388975258,2.258289590477945,30.0
887703,Wilson Isidor,2025/2026,47,Premier League,8472,Sunderland,Striker,F,6.0,4.75,5.21,1158.0,6.0,25.0,14.0,7.0,0.0,49.0,29.2,25.0,26.3,6.0,4.684917884878818,4.848456325009464,39.0,0.0,0.0768286567181348,0.355542585253715,4.0
789066,Cristian Romero,2025/2026,47,Premier League,8586,Tottenham Hotspur,Center Back,,4.0,1.31,2.6,1872.0,8.0,80.0,6.0,16.0,0.0,155.0,66.2,73.0,71.6,4.0,1.2963302955031393,2.6584325730800633,16.0,0.0,0.025547182187438,0.0,1.0
792645,Pau Torres,2025/2026,47,Premier League,10252,Aston Villa,Center Back,,0.0,1.27,0.46,1676.0,7.0,63.6,4.0,5.0,0.0,59.0,55.7,25.0,52.1,0.0,1.2693900279700765,0.455570697784424,9.0,0.0,0.0,0.0,0.0
881640,Lutsharel Geertruida,2025/2026,47,Premier League,8472,Sunderland,Right Back,,0.0,1.15,0.81,1685.0,7.0,58.3,3.0,7.0,0.0,63.0,56.2,12.0,46.2,0.0,0.9210545830428599,0.805859416723251,4.0,0.0,0.229935796931386,0.0,7.0
1185748,Amadou Onana,2025/2026,47,Premier League,10252,Aston Villa,Defensive Midfielder,,2.0,1.71,1.8,1764.0,7.0,53.8,10.0,25.0,0.0,122.0,63.9,45.0,66.2,1.0,1.5132092051208013,1.6633070409297939,10.0,1.0,0.19785925000905988,0.29279372096061723,9.0
465960,Youri Tielemans,2025/2026,47,Premier League,10252,Aston Villa,Defensive Midfielder,,0.0,1.17,0.77,1862.0,9.0,52.9,13.0,41.0,0.0,129.0,60.3,22.0,56.4,0.0,0.7850059941411016,0.443306058645248,8.0,0.0,0.3821827145293354,0.32256543170660723,16.0
877401,Calvin Bassey,2025/2026,47,Premier League,9879,Fulham,Center Back,,1.0,1.72,1.27,2532.0,10.0,50.0,17.0,40.0,1.0,151.0,61.6,39.0,54.2,1.0,1.3770783003419647,1.249296545982361,10.0,0.0,0.04941557347774508,0.0,3.0
654096,Declan Rice,2025/2026,47,Premier League,9825,Arsenal,Defensive Midfielder,,4.0,3.17,4.45,3099.0,14.0,50.0,18.0,11.0,0.0,145.0,60.2,50.0,67.6,3.0,2.010738156735897,3.256110027432443,13.0,1.0,0.9590388908982277,1.1298285201191907,27.0
602304,Nordi Mukiele,2025/2026,47,Premier League,8472,Sunderland,Center Back,,3.0,1.88,1.33,2787.0,13.0,48.1,15.0,26.0,0.0,183.0,58.3,79.0,59.8,2.0,1.4046691618859766,1.1224007606506348,19.0,1.0,0.191531440243125,0.209539592266083,7.0
675088,Rodri,2025/2026,47,Premier League,8456,Manchester City,Defensive Midfielder,,1.0,1.13,0.61,1513.0,7.0,46.7,11.0,31.0,0.0,118.0,66.7,39.0,78.0,1.0,0.8190993182361127,0.6068868990987534,8.0,0.0,0.31606974452734,0.0,8.0
970243,Mats Wieffer,2025/2026,47,Premier League,10204,Brighton & Hove Albion,Right Back,,2.0,1.93,1.91,1908.0,9.0,45.0,22.0,22.0,0.0,140.0,49.3,44.0,48.9,1.0,1.6276812851428994,1.141009327024222,12.0,1.0,0.2938332241028557,0.7597327381372452,6.0
1323305,Archie Gray,2025/2026,47,Premier League,8586,Tottenham Hotspur,Defensive Midfielder,,2.0,1.48,2.21,1479.0,7.0,43.8,17.0,2.0,0.0,29.0,34.5,9.0,36.0,2.0,1.3203675597906126,2.214452348649501,8.0,0.0,0.1550386939197779,0.0,3.0
167008,Pascal Groß,2025/2026,47,Premier League,10204,Brighton & Hove Albion,Defensive Midfielder,,1.0,1.45,2.63,1636.0,7.0,43.8,10.0,12.0,0.0,61.0,46.6,13.0,43.3,1.0,1.1104597188532355,2.406743228435516,9.0,0.0,0.3419605866074563,0.2480141874402762,9.0
524434,João Palhinha,2025/2026,47,Premier League,8586,Tottenham Hotspur,Defensive Midfielder,,5.0,2.7,4.98,2197.0,10.0,43.5,30.0,37.0,0.0,193.0,61.7,36.0,58.1,4.0,2.1948709916323415,3.8873218148946758,18.0,1.0,0.5562806539237499,1.045087963342666,15.0
422685,Bruno Fernandes,2025/2026,47,Premier League,10260,Manchester United,Attacking Midfielder,M,9.0,10.83,9.18,3066.0,15.0,41.7,30.0,35.0,0.0,124.0,45.6,21.0,38.9,8.0,8.667724864789843,6.815112091600893,39.0,1.0,2.2146915933117275,2.3998144716024385,46.0
574645,Mikel Merino,2025/2026,47,Premier League,9825,Arsenal,Central Midfielder,M,4.0,3.38,3.69,1027.0,5.0,41.7,17.0,20.0,0.0,79.0,45.9,28.0,39.4,4.0,2.990390270948411,3.169963404536246,18.0,0.0,0.1562211662530899,0.35637215524911803,4.0
1134871,Maxim De Cuyper,2025/2026,47,Premier League,10204,Brighton & Hove Albion,Left Back,,2.0,1.82,1.91,1414.0,7.0,41.2,5.0,21.0,0.0,61.0,47.7,10.0,32.3,2.0,1.5300689358264203,1.7196510899811988,6.0,0.0,0.28923572413623344,0.1921357167884702,7.0
831489,Alexis Mac Allister,2025/2026,47,Premier League,8650,Liverpool,Defensive Midfielder,,2.0,3.89,2.66,2662.0,11.0,40.7,29.0,32.0,0.0,113.0,45.2,17.0,45.9,2.0,3.2837688624858847,1.933343097567559,33.0,0.0,0.6138551738113165,0.5616852771490813,19.0
113836,Danny Welbeck,2025/2026,47,Premier League,10204,Brighton & Hove Albion,Striker,F,13.0,12.44,11.94,2263.0,11.0,40.7,20.0,10.0,0.0,64.0,36.0,19.0,33.9,11.0,11.75245993782282,10.867282245308163,45.0,2.0,0.698167947586626,1.0559638645499936,11.0
821100,Jørgen Strand Larsen,2025/2026,47,Premier League,8602,Wolverhampton Wanderers,Striker,F,4.0,5.32,3.97,2316.0,11.0,40.7,27.0,21.0,0.0,121.0,34.4,80.0,39.2,4.0,5.305239616039396,4.030290283262728,37.0,0.0,0.2162480652332307,0.021744143217802,7.0
1200657,Yerson Mosquera,2025/2026,47,Premier League,8602,Wolverhampton Wanderers,Center Back,,0.0,2.52,0.65,2142.0,9.0,39.1,5.0,44.0,0.0,160.0,56.3,47.0,44.8,0.0,2.5074859252199526,0.7062278166413316,28.0,0.0,0.0466825608164072,0.0,2.0
292313,Raul Jiménez,2025/2026,47,Premier League,9879,Fulham,Striker,F,9.0,11.5,10.6,2199.0,10.0,37.0,28.0,34.0,2.0,163.0,41.9,85.0,40.1,9.0,10.493563307604193,10.602500388398765,58.0,0.0,1.012171426787972,0.0,16.0
773991,Ryan Sessegnon,2025/2026,47,Premier League,9879,Fulham,Left Back,,3.0,1.61,1.41,1822.0,9.0,36.0,18.0,3.0,0.0,79.0,43.6,19.0,42.2,3.0,1.587105855345727,1.414619877934456,14.0,0.0,0.019140986725688,0.0,2.0
1120224,Tyrick Mitchell,2025/2026,47,Premier League,9826,Crystal Palace,Left Wing-Back,,1.0,1.61,1.88,3253.0,15.0,34.9,26.0,28.0,0.0,170.0,55.6,26.0,38.8,1.0,1.4527142345905293,1.5753128752112382,13.0,0.0,0.15872867405414567,0.3037265129387381,6.0
1398392,Thierno Barry,2025/2026,47,Premier League,8668,Everton,Striker,F,8.0,8.15,5.94,1915.0,9.0,30.0,23.0,8.0,0.0,153.0,38.2,130.0,45.8,8.0,8.049701076000927,6.038234131410716,36.0,0.0,0.0601930823177099,0.113499447703362,2.0
1049999,Enzo Le Fée,2025/2026,47,Premier League,8472,Sunderland,Attacking Midfielder,M,5.0,5.16,4.87,2934.0,13.0,28.3,31.0,37.0,0.0,157.0,45.9,18.0,26.1,5.0,4.455492433315517,4.768531005829572,18.0,0.0,0.7452580695971845,0.0989636387676001,18.0
1082102,Igor Jesus,2025/2026,47,Premier League,10203,Nottingham Forest,Striker,F,6.0,6.64,4.99,2314.0,11.0,28.2,43.0,40.0,0.0,155.0,39.2,81.0,39.1,6.0,6.078694346399604,4.978888673707842,60.0,0.0,0.4339726101607085,0.0,10.0
1285866,Habib Diarra,2025/2026,47,Premier League,8472,Sunderland,Central Midfielder,M,2.0,3.41,2.49,1407.0,6.0,27.3,14.0,27.0,1.0,58.0,45.3,11.0,45.8,2.0,3.0580640156209467,2.010402588173747,18.0,0.0,0.2933230455964803,0.0,8.0
1137705,Enzo Fernández,2025/2026,47,Premier League,8455,Chelsea,Attacking Midfielder,M,10.0,11.29,12.4,3121.0,13.0,27.1,41.0,45.0,0.0,137.0,44.2,26.0,50.0,8.0,10.04311945390254,10.265738240443168,41.0,2.0,1.4073788616806264,2.1525678699836135,31.0
1053838,Morato,2025/2026,47,Premier League,10203,Nottingham Forest,Center Back,,1.0,1.32,1.31,1342.0,5.0,100.0,0.0,7.0,0.0,65.0,63.7,23.0,62.2,1.0,1.2821832876652475,1.309665381908417,4.0,0.0,0.0348907262086868,0.0,1.0
1097466,Micky van de Ven,2025/2026,47,Premier League,8586,Tottenham Hotspur,Center Back,,4.0,2.53,4.14,3043.0,11.0,73.3,5.0,22.0,0.0,119.0,54.3,47.0,46.5,4.0,2.446310425177216,4.140247225761413,14.0,0.0,0.0886930860579014,0.0,2.0
780432,Ethan Ampadu,2025/2026,47,Premier League,8463,Leeds United,Central Midfielder,M,1.0,2.5,2.08,3123.0,12.0,70.6,12.0,36.0,1.0,184.0,62.4,57.0,64.0,1.0,1.4337136205285796,1.095237404108048,11.0,0.0,1.0860773203894494,0.9859336158260702,15.0
729731,Matty Cash,2025/2026,47,Premier League,10252,Aston Villa,Right Back,,3.0,1.19,1.62,3020.0,11.0,55.0,17.0,30.0,0.0,137.0,51.5,32.0,54.2,1.0,0.7446992881596084,0.8140359967947011,9.0,2.0,0.4391021085903049,0.8103299699723717,21.0
774448,Ferdi Kadioglu,2025/2026,47,Premier League,10204,Brighton & Hove Albion,Left Back,,1.0,2.03,3.14,3134.0,12.0,54.5,18.0,36.0,0.0,136.0,54.0,32.0,50.0,1.0,1.6018014382570973,2.290235698223114,14.0,0.0,0.4284720504656434,0.8500592429190874,14.0
556972,Sasa Lukic,2025/2026,47,Premier League,9879,Fulham,Defensive Midfielder,,1.0,2.26,1.43,1734.0,6.0,54.5,9.0,25.0,0.0,103.0,48.6,23.0,40.4,1.0,2.1227328535169363,1.3342121988534932,11.0,0.0,0.3127596341073513,0.068289253860712,7.0
207236,Granit Xhaka,2025/2026,47,Premier League,8472,Sunderland,Defensive Midfielder,,1.0,1.02,0.79,2903.0,11.0,45.8,17.0,41.0,0.0,155.0,60.3,56.0,61.5,0.0,0.3585393503308291,0.0591870881617069,5.0,1.0,0.6572970002889632,0.6554384343326088,16.0
540963,Sander Berge,2025/2026,47,Premier League,9879,Fulham,Defensive Midfielder,,0.0,1.54,0.21,2911.0,9.0,42.9,20.0,14.0,0.0,130.0,54.4,50.0,61.7,0.0,1.2979823760688316,0.0,8.0,0.0,0.2133117355406285,0.20571213588118592,7.0
935728,Ao Tanaka,2025/2026,47,Premier League,8463,Leeds United,Defensive Midfielder,,2.0,1.61,1.35,1314.0,4.0,36.4,8.0,9.0,0.0,52.0,46.8,12.0,48.0,1.0,1.0518385507166381,0.830939888954163,5.0,1.0,0.5549766421318056,0.5704945139586929,12.0
179410,Idrissa Gana Gueye,2025/2026,47,Premier League,8668,Everton,Defensive Midfielder,,2.0,2.0,1.37,2101.0,7.0,33.3,9.0,31.0,0.0,94.0,56.0,13.0,52.0,2.0,1.37164643034339,1.176901221275329,10.0,0.0,0.6262531867250798,0.19605722650885568,19.0
612150,Dominic Calvert-Lewin,2025/2026,47,Premier League,8463,Leeds United,Striker,F,14.0,15.81,15.43,2726.0,8.0,26.7,29.0,38.0,2.0,184.0,39.5,128.0,40.4,14.0,16.535177193775766,15.294662995263932,68.0,0.0,0.13407411938533184,0.0637833178043366,6.0
1336751,Justin Devenny,2025/2026,47,Premier League,9826,Crystal Palace,Attacking Midfielder,M,1.0,2.62,0.97,788.0,3.0,21.4,11.0,10.0,0.0,46.0,39.0,8.0,26.7,1.0,2.4653522465765465,0.967230197973549,10.0,0.0,0.1553350165486336,0.0,3.0
664500,Viktor Gyökeres,2025/2026,47,Premier League,9825,Arsenal,Striker,F,14.0,12.4,9.43,2230.0,7.0,18.9,25.0,31.0,0.0,74.0,31.6,30.0,30.9,13.0,11.799929568660259,9.041916253045203,51.0,1.0,0.5828933808952571,0.384771212935448,4.0
1137407,Malick Thiaw,2025/2026,47,Premier League,10261,Newcastle United,Center Back,,4.0,4.72,5.29,2964.0,8.0,100.0,3.0,11.0,0.0,176.0,64.5,114.0,65.1,4.0,4.664708093740048,5.2242341712117195,26.0,0.0,0.0719902999699116,0.0689525008201599,2.0
956682,Sven Botman,2025/2026,47,Premier League,10261,Newcastle United,Center Back,,1.0,1.74,1.01,1838.0,4.0,100.0,5.0,19.0,0.0,131.0,65.8,87.0,64.4,1.0,1.720305109396577,1.0060166344046593,14.0,0.0,0.0181728079915047,0.0,1.0
503659,Joachim Andersen,2025/2026,47,Premier League,9879,Fulham,Center Back,,0.0,1.48,0.79,2877.0,6.0,85.7,3.0,13.0,0.0,141.0,63.2,79.0,71.8,0.0,1.3838196322321883,0.711709380149841,12.0,0.0,0.0992181152105331,0.0827069450169802,4.0
793907,Trevoh Chalobah,2025/2026,47,Premier League,8455,Chelsea,Center Back,,3.0,1.43,2.49,2782.0,7.0,77.8,5.0,18.0,0.0,134.0,58.5,75.0,55.6,3.0,1.287506765685975,2.114459812641143,11.0,0.0,0.11650061886757629,0.5015408303588625,5.0
961306,Nathan Collins,2025/2026,47,Premier League,9937,Brentford,Center Back,,1.0,2.28,1.7,2972.0,7.0,70.0,10.0,17.0,1.0,144.0,55.8,89.0,54.9,1.0,2.22732823342085,1.6987324245274058,19.0,0.0,0.0501285456120968,0.0,1.0
710159,Ezri Konsa,2025/2026,47,Premier League,10252,Aston Villa,Center Back,,0.0,1.25,0.88,3036.0,8.0,66.7,6.0,40.0,0.0,100.0,67.1,32.0,57.1,0.0,1.2415384538471697,0.88097819685936,11.0,0.0,0.0,0.0,0.0
785411,Marcos Senesi,2025/2026,47,Premier League,8678,AFC Bournemouth,Center Back,,0.0,1.52,0.52,3290.0,6.0,66.7,14.0,37.0,1.0,196.0,52.4,92.0,47.9,0.0,1.3614744637161482,0.18858759663999058,10.0,0.0,0.1276600081473589,0.3352057114243508,7.0
844425,Marc Guéhi,2025/2026,47,Premier League,9826,Crystal Palace,Center Back,,3.0,4.12,3.96,3150.0,7.0,63.6,18.0,38.0,1.0,194.0,63.4,103.0,65.2,3.0,4.078386960551141,3.964784435927868,30.0,0.0,0.036665284074843,0.0,2.0
950485,Maxence Lacroix,2025/2026,47,Premier League,9826,Crystal Palace,Center Back,,1.0,2.38,1.47,3087.0,7.0,63.6,6.0,19.0,0.0,204.0,61.3,119.0,61.3,1.0,2.371711389161646,1.4069611728191376,22.0,0.0,0.01945924479514359,0.0,2.0
290410,Michael Keane,2025/2026,47,Premier League,8668,Everton,Center Back,,3.0,2.33,2.21,2590.0,6.0,54.5,5.0,6.0,0.0,160.0,61.5,112.0,63.6,3.0,1.9479458052664995,1.8378150090575223,22.0,0.0,0.2102776076644659,0.380969613790512,4.0
357880,Andrew Robertson,2025/2026,47,Premier League,8650,Liverpool,Left Back,,1.0,1.1,1.43,1172.0,3.0,50.0,1.0,1.0,0.0,30.0,52.6,14.0,48.3,1.0,1.0341094136238091,1.4283228479325774,7.0,0.0,0.0703234635293484,0.0,3.0
1031325,Martín Zubimendi,2025/2026,47,Premier League,9825,Arsenal,Central Midfielder,M,5.0,2.85,3.61,3001.0,7.0,46.7,10.0,15.0,0.0,153.0,59.8,65.0,66.3,3.0,2.539537314325571,3.3109949044883247,20.0,2.0,0.3119364771991968,0.29651226662099345,7.0
466672,Jefferson Lerma,2025/2026,47,Premier League,9826,Crystal Palace,Defensive Midfielder,,0.0,1.82,1.05,1724.0,3.0,42.9,9.0,25.0,1.0,122.0,54.5,65.0,57.5,0.0,1.5452163177542386,0.9788925787433989,11.0,0.0,0.27651751972734934,0.0713184848427772,8.0
304455,Joël Veltman,2025/2026,47,Premier League,10204,Brighton & Hove Albion,Right Back,,1.0,1.11,0.99,1050.0,2.0,40.0,2.0,22.0,0.0,75.0,67.0,20.0,62.5,1.0,1.1111474782228465,0.990288376808166,4.0,0.0,0.0,0.0,0.0
208494,Casemiro,2025/2026,47,Premier League,10260,Manchester United,Defensive Midfielder,,9.0,5.52,5.82,2588.0,6.0,37.5,13.0,36.0,0.0,188.0,52.7,57.0,51.4,8.0,5.080698996782304,5.4241437651217,31.0,1.0,0.5039170887321233,0.3919498585164549,21.0
524437,Tomás Soucek,2025/2026,47,Premier League,8654,West Ham United,Defensive Midfielder,,5.0,5.68,6.97,2198.0,4.0,36.4,8.0,22.0,0.0,136.0,51.7,68.0,55.7,5.0,6.495591782033442,6.931867673061786,23.0,0.0,0.1016455926001072,0.0650161802768707,3.0
873559,Zian Flemming,2025/2026,47,Premier League,8191,Burnley,Striker,F,11.0,7.87,7.75,1776.0,4.0,36.4,17.0,26.0,0.0,114.0,41.6,68.0,44.7,9.0,7.374230568374692,7.439891948364674,42.0,2.0,0.3249497450888158,0.7434062212705607,11.0
1251334,Jack Hinshelwood,2025/2026,47,Premier League,10204,Brighton & Hove Albion,Attacking Midfielder,M,4.0,4.92,4.49,1750.0,3.0,33.3,9.0,12.0,0.0,46.0,35.9,12.0,34.3,3.0,4.665251957252623,4.193604346364737,30.0,1.0,0.2499461360275744,0.2789737209677699,7.0
1098607,Jake O'Brien,2025/2026,47,Premier League,8668,Everton,Right Back,,1.0,1.74,2.25,3124.0,6.0,30.0,21.0,17.0,0.0,195.0,61.1,116.0,66.3,1.0,1.736940864473581,2.279614903032779,13.0,0.0,0.0,0.0,0.0
820024,Sean Longstaff,2025/2026,47,Premier League,8463,Leeds United,Central Midfielder,M,2.0,1.25,2.02,1006.0,2.0,28.6,12.0,17.0,0.0,67.0,51.5,10.0,45.5,2.0,0.8126771226525309,1.744824051856994,9.0,0.0,0.39412027969956376,0.0446930415928364,7.0
666857,Yoane Wissa,2025/2026,47,Premier League,10261,Newcastle United,Striker,F,1.0,3.12,1.33,521.0,1.0,8.3,6.0,2.0,0.0,23.0,34.3,15.0,42.9,1.0,3.478468524292112,1.3334690928459165,12.0,0.0,0.0255730859935284,0.0,1.0
719219,Konstantinos Mavropanos,2025/2026,47,Premier League,8654,West Ham United,Center Back,,3.0,2.55,4.29,2528.0,2.0,100.0,2.0,9.0,0.0,134.0,65.4,84.0,68.3,3.0,2.1641868534497917,4.051026424393058,21.0,0.0,0.073375741019845,0.0,2.0
201690,Lewis Dunk,2025/2026,47,Premier League,10204,Brighton & Hove Albion,Center Back,,1.0,1.71,0.7,2837.0,4.0,100.0,5.0,12.0,1.0,127.0,58.5,76.0,60.3,1.0,1.5658922987058754,0.7002927772700782,20.0,0.0,0.1394294835627079,0.0,4.0
209405,Virgil van Dijk,2025/2026,47,Premier League,8650,Liverpool,Center Back,,6.0,3.77,4.87,3420.0,2.0,100.0,1.0,18.0,0.0,216.0,73.5,174.0,74.4,6.0,3.673717456869781,4.869178651832043,27.0,0.0,0.1621912084519863,0.0,3.0
820140,Ibrahima Konaté,2025/2026,47,Premier League,8650,Liverpool,Center Back,,1.0,1.21,1.18,3100.0,5.0,71.4,5.0,41.0,0.0,220.0,69.0,124.0,71.3,1.0,1.1817475650459535,1.1420331522822385,11.0,0.0,0.0203232131898403,0.0,1.0
950829,Chris Richards,2025/2026,47,Premier League,9826,Crystal Palace,Center Back,,1.0,2.36,1.62,2826.0,4.0,66.7,11.0,5.0,0.0,170.0,56.5,107.0,56.6,1.0,2.355955332517624,1.620916485786438,15.0,0.0,0.0,0.0,0.0
188058,Daniel Burn,2025/2026,47,Premier League,10261,Newcastle United,Center Back,,1.0,1.06,1.1,2199.0,2.0,66.7,6.0,13.0,1.0,151.0,54.7,98.0,60.5,1.0,1.035393465310334,1.0978995598852634,9.0,0.0,0.0215941350907087,0.0,1.0
1358581,Leny Yoro,2025/2026,47,Premier League,10260,Manchester United,Center Back,,0.0,1.39,1.47,1739.0,2.0,66.7,5.0,5.0,0.0,83.0,56.1,44.0,56.4,0.0,1.2932033482938998,1.473753988742828,9.0,0.0,0.0,0.0,0.0
796974,Pascal Struijk,2025/2026,47,Premier League,8463,Leeds United,Center Back,,0.0,3.02,1.6,2937.0,4.0,66.7,8.0,22.0,0.0,174.0,55.6,110.0,55.8,0.0,2.949173837900164,1.4928708896040916,30.0,0.0,0.0362864062190056,0.0,1.0
974268,Daniel Ballard,2025/2026,47,Premier League,8472,Sunderland,Center Back,,2.0,2.46,2.25,2148.0,3.0,60.0,6.0,30.0,1.0,168.0,58.9,106.0,57.9,2.0,2.3939483808353543,2.251054273918271,25.0,0.0,0.00889462511986494,0.0,1.0
974618,Jan Paul van Hecke,2025/2026,47,Premier League,10204,Brighton & Hove Albion,Center Back,,3.0,3.3,3.83,3211.0,3.0,60.0,6.0,43.0,0.0,209.0,61.1,114.0,58.8,3.0,3.157939731143415,3.8097109124064445,18.0,0.0,0.1324903285130858,0.0167100615799427,5.0
255610,Harry Maguire,2025/2026,47,Premier League,10260,Manchester United,Center Back,,1.0,1.11,0.98,1655.0,1.0,50.0,2.0,16.0,0.0,98.0,70.0,59.0,74.7,1.0,1.158181317150593,0.980668783187867,14.0,0.0,0.0,0.0,0.0
38807,James Milner,2025/2026,47,Premier League,10204,Brighton & Hove Albion,Defensive Midfielder,,1.0,1.02,0.92,778.0,1.0,50.0,3.0,3.0,0.0,25.0,40.3,6.0,37.5,1.0,0.937010558360815,0.9226184040308,5.0,0.0,0.0824966710060836,0.0,3.0
243138,James Tarkowski,2025/2026,47,Premier League,8668,Everton,Center Back,,2.0,2.75,3.22,3330.0,4.0,50.0,1.0,35.0,0.0,234.0,67.8,147.0,69.7,2.0,2.9180011618882418,3.2109420653432608,21.0,0.0,0.0,0.0,0.0
1664722,Jaydee Canvot,2025/2026,47,Premier League,9826,Crystal Palace,Center Back,,0.0,1.48,0.34,1334.0,2.0,50.0,5.0,7.0,0.0,85.0,60.3,37.0,66.1,0.0,1.4511504806578166,0.340007573366165,5.0,0.0,0.0372094362974167,0.0,2.0
798029,Ladislav Krejcí,2025/2026,47,Premier League,8602,Wolverhampton Wanderers,Center Back,,2.0,2.22,2.8,2361.0,2.0,50.0,8.0,7.0,0.0,104.0,50.2,64.0,56.6,2.0,2.230893613770604,2.707844439893961,20.0,0.0,0.00954351667314768,0.0,1.0
465750,Timothy Castagne,2025/2026,47,Premier League,9879,Fulham,Right Back,,0.0,1.42,1.13,1842.0,3.0,50.0,2.0,11.0,1.0,81.0,57.4,27.0,45.8,0.0,1.4160531722009184,1.1262707337737086,14.0,0.0,0.0,0.0,0.0
1372921,Andrey Santos,2025/2026,47,Premier League,8455,Chelsea,Defensive Midfielder,,1.0,2.0,1.45,1255.0,2.0,40.0,2.0,22.0,0.0,75.0,62.0,14.0,45.2,1.0,1.8724756389856334,1.4489372372627258,9.0,0.0,0.1711096037179233,0.0,2.0
1067763,Trai Hume,2025/2026,47,Premier League,8472,Sunderland,Right Back,,2.0,2.15,2.23,3037.0,5.0,26.3,9.0,39.0,0.0,175.0,53.4,65.0,48.9,2.0,1.639947088435292,2.161812093108891,18.0,0.0,0.5026346715167166,0.0678375884890556,16.0
710158,James Justin,2025/2026,47,Premier League,8463,Leeds United,Center Back,,2.0,1.67,1.01,1896.0,3.0,18.8,10.0,30.0,0.0,127.0,61.1,40.0,54.1,2.0,1.5069857444614163,0.83707758039236,16.0,0.0,0.20084173511713757,0.2815850358456372,8.0
859282,Daniel Muñoz,2025/2026,47,Premier League,9826,Crystal Palace,Right Wing-Back,,4.0,2.44,3.65,2403.0,2.0,13.3,7.0,18.0,0.0,138.0,51.9,44.0,44.9,3.0,2.3661250881850715,3.3969766981899743,23.0,1.0,0.0986027736216783,0.2548311501741411,4.0
940446,Brian Brobbey,2025/2026,47,Premier League,8472,Sunderland,Striker,F,7.0,5.94,7.15,1931.0,2.0,12.5,29.0,37.0,1.0,112.0,42.7,65.0,46.8,7.0,6.595157554373146,7.536246336996554,34.0,0.0,0.1374296462163328,0.0,2.0
919435,Sepp van den Berg,2025/2026,47,Premier League,9937,Brentford,Center Back,,0.0,3.13,2.03,2761.0,1.0,100.0,4.0,11.0,0.0,175.0,64.6,140.0,66.4,0.0,3.1382767278701054,2.027839086949826,22.0,0.0,0.0208502635359764,0.0,1.0
795179,Gabriel,2025/2026,47,Premier League,9825,Arsenal,Center Back,,3.0,2.93,2.41,2751.0,1.0,50.0,4.0,34.0,0.0,171.0,65.3,99.0,62.3,3.0,2.8161616949364556,2.393951632082463,22.0,0.0,0.09681772370822718,0.0135474847629666,5.0
717174,Joe Rodon,2025/2026,47,Premier League,8463,Leeds United,Center Back,,2.0,1.41,2.5,2953.0,1.0,50.0,6.0,19.0,0.0,140.0,55.6,85.0,51.2,2.0,1.4848326407372945,2.499879240989686,18.0,0.0,0.0,0.0,0.0
873289,Marc Cucurella,2025/2026,47,Premier League,8455,Chelsea,Left Back,,1.0,2.35,1.81,2710.0,1.0,33.3,7.0,29.0,0.0,120.0,52.6,36.0,52.2,1.0,2.1362614147365098,1.7961900047957886,14.0,0.0,0.16993262991309172,0.0,6.0
837270,Chidera Ejuke,2025/2026,87,LaLiga,8302,Sevilla,Right Winger,,1.0,1.59,0.57,923.0,57.0,62.0,21.0,16.0,0.0,97.0,57.7,5.0,31.2,1.0,1.314195884391665,0.5735091418027872,14.0,0.0,0.2735024988651275,0.0,9.0
1467236,Lamine Yamal,2025/2026,87,LaLiga,8634,Barcelona,Right Winger,,16.0,12.81,12.18,2268.0,133.0,54.7,40.0,52.0,2.0,220.0,53.1,,,14.0,11.29069792960435,11.039766430854797,75.0,2.0,1.508621199056506,1.1430706512182955,42.0
1202110,Nico Williams,2025/2026,87,LaLiga,8315,Athletic Club,Left Winger,,6.0,5.37,6.41,1687.0,67.0,46.2,32.0,29.0,1.0,119.0,42.3,8.0,44.4,6.0,5.154403343874218,5.866684108972549,37.0,0.0,0.24500397313386202,0.4866852462291716,9.0
1073143,Azzedine Ounahi,2025/2026,87,LaLiga,7732,Girona,Attacking Midfielder,M,5.0,3.4,6.04,1766.0,69.0,51.9,40.0,63.0,1.0,159.0,51.3,6.0,50.0,4.0,2.6111916993200777,4.435801547020674,23.0,1.0,0.9734891559928655,1.2223055027425291,28.0
1315475,Roony Bardghji,2025/2026,87,LaLiga,8634,Barcelona,Right Winger,,1.0,1.43,1.37,641.0,22.0,53.7,11.0,8.0,0.0,36.0,46.8,,,1.0,1.2417002841830256,1.1533786207437517,14.0,0.0,0.1862719692289828,0.2177498955279589,8.0
971787,Haissem Hassan,2025/2026,87,LaLiga,8670,Real Oviedo,Right Winger,,0.0,1.59,1.17,1943.0,61.0,49.2,16.0,25.0,0.0,127.0,49.4,2.0,25.0,0.0,1.1055693048983817,0.9301627837121478,18.0,0.0,0.4554653288796543,0.26102959923446223,16.0
1002618,Ander Barrenetxea,2025/2026,87,LaLiga,8560,Real Sociedad,Left Winger,,3.0,2.62,2.5,1769.0,55.0,47.4,33.0,30.0,0.0,124.0,43.5,9.0,34.6,1.0,2.3749583931639786,1.762884616851806,24.0,2.0,0.3266809480264783,0.4550933884456752,10.0
846033,Vinícius Júnior,2025/2026,87,LaLiga,8633,Real Madrid,Left Winger,,16.0,13.65,15.46,2825.0,87.0,44.6,44.0,81.0,4.0,197.0,48.9,,,14.0,12.713462935954333,14.152094068005681,74.0,2.0,1.1176659567281602,1.3090684115886693,27.0
701154,Kylian Mbappé,2025/2026,87,LaLiga,8633,Real Madrid,Striker,F,25.0,23.95,21.99,2604.0,78.0,52.3,41.0,36.0,4.0,125.0,48.6,7.0,70.0,19.0,21.64248931908458,19.75862934812903,103.0,6.0,2.318143425509333,2.2353728730231524,43.0
1690093,Jan Virgili,2025/2026,87,LaLiga,8661,Mallorca,Left Winger,,2.0,2.33,4.27,1797.0,49.0,44.5,35.0,24.0,2.0,102.0,40.2,14.0,37.8,2.0,1.4500778857618564,3.474540662020446,15.0,0.0,0.9313551289960744,0.8270899262279267,17.0
1553105,Víctor Muñoz,2025/2026,87,LaLiga,8371,Osasuna,Left Winger,,6.0,5.86,7.48,2668.0,75.0,42.1,56.0,54.0,1.0,167.0,41.4,17.0,35.4,4.0,5.145427614450455,6.973424030467866,55.0,2.0,0.6644030120223762,0.5581666845828293,26.0
895362,Rodrygo,2025/2026,87,LaLiga,8633,Real Madrid,Left Winger,,1.0,2.58,3.37,676.0,18.0,47.4,9.0,23.0,1.0,54.0,52.9,,,1.0,2.322224669158458,3.1439351439476013,23.0,0.0,0.2605389989912507,0.231087177991867,4.0
477472,José Luis Morales,2025/2026,87,LaLiga,8581,Levante,Striker,F,1.0,2.21,1.54,346.0,9.0,52.9,6.0,4.0,0.0,25.0,53.2,2.0,33.3,1.0,1.6834372096151111,1.4486567527055738,8.0,0.0,0.3354503009468317,0.0,3.0
1326043,Joel Roca,2025/2026,87,LaLiga,7732,Girona,Left Winger,,3.0,3.7,3.61,1469.0,37.0,41.6,30.0,45.0,1.0,110.0,46.0,5.0,20.0,2.0,3.1800742326304308,3.574884437024594,32.0,1.0,0.5197884747758509,0.6491788234561681,16.0
1404415,Fermín López,2025/2026,87,LaLiga,8634,Barcelona,Attacking Midfielder,M,6.0,6.99,6.34,1797.0,44.0,55.0,20.0,20.0,0.0,120.0,49.2,8.0,34.8,4.0,6.0331927137449375,6.51837850920856,44.0,2.0,1.0646808734163644,0.3148645255714656,24.0
848289,Takefusa Kubo,2025/2026,87,LaLiga,8560,Real Sociedad,Right Winger,,2.0,2.39,1.77,1508.0,37.0,50.0,17.0,50.0,0.0,123.0,57.7,7.0,36.8,1.0,1.8716630432754755,1.3213018141686914,19.0,1.0,0.5411640061065552,0.4531120136380206,9.0
575735,Nicolas Pépé,2025/2026,87,LaLiga,10205,Villarreal,Right Midfielder,,8.0,8.26,8.46,2396.0,59.0,48.0,43.0,43.0,3.0,150.0,46.2,18.0,41.9,8.0,7.70267676565945,7.590920269489289,47.0,0.0,0.5472611319273715,1.0437092464417213,16.0
1607566,Franco Mastantuono,2025/2026,87,LaLiga,8633,Real Madrid,Right Winger,,1.0,3.09,2.74,1037.0,25.0,46.3,27.0,30.0,0.0,80.0,45.2,5.0,38.5,1.0,2.692275490611792,2.4779464900493617,20.0,0.0,0.3970338143408294,0.26595675945282,10.0
1202525,Bryan Zaragoza,2025/2026,87,LaLiga,9910,Celta Vigo,Left Winger,,1.0,2.01,2.21,1135.0,27.0,38.6,5.0,17.0,1.0,55.0,42.6,1.0,12.5,1.0,1.8419766594111926,1.6369405351579185,18.0,0.0,0.1717633279040455,0.6103277299553159,8.0
970578,Andrei Ratiu,2025/2026,87,LaLiga,8370,Rayo Vallecano,Right Back,,0.0,2.25,1.45,2804.0,63.0,54.3,45.0,21.0,0.0,174.0,49.9,22.0,37.9,0.0,1.897747024893761,1.211283683776857,12.0,0.0,0.3532054061070083,0.23665173910558218,19.0
980422,Sergio Camello,2025/2026,87,LaLiga,8370,Rayo Vallecano,Striker,F,5.0,3.06,3.6,818.0,17.0,51.5,22.0,14.0,0.0,45.0,42.9,4.0,28.6,4.0,2.790365356951952,3.326551817357539,20.0,1.0,0.2650062507018448,0.2688977196812626,7.0
970692,Bryan Gil,2025/2026,87,LaLiga,7732,Girona,Left Winger,,0.0,2.9,0.79,1586.0,33.0,40.7,46.0,37.0,0.0,105.0,42.2,4.0,23.5,0.0,2.7864725589752197,0.7254101634025576,20.0,0.0,0.3042975664138795,0.06700118631124499,7.0
1032811,Federico Viñas,2025/2026,87,LaLiga,8670,Real Oviedo,Striker,F,9.0,8.69,8.46,2451.0,49.0,68.1,55.0,69.0,1.0,260.0,52.6,93.0,46.7,9.0,8.43762456074655,8.383553437888622,49.0,0.0,0.28395850444212556,0.0245089195668697,8.0
1338192,Pablo Barrios,2025/2026,87,LaLiga,9906,Atletico Madrid,Central Midfielder,M,1.0,1.79,1.53,1666.0,33.0,61.1,25.0,23.0,0.0,104.0,55.0,18.0,56.2,1.0,1.1413744380697608,1.237607896327972,6.0,0.0,0.6470739757642151,0.2909980937838555,17.0
750027,Brahim Díaz,2025/2026,87,LaLiga,8633,Real Madrid,Right Winger,,1.0,1.84,1.69,1252.0,25.0,56.8,32.0,37.0,2.0,79.0,49.7,2.0,20.0,1.0,1.4255463071167476,1.555630691349506,11.0,0.0,0.4183224998414516,0.1386198475956917,4.0
1077894,Jude Bellingham,2025/2026,87,LaLiga,8633,Real Madrid,Attacking Midfielder,M,6.0,7.26,9.32,1917.0,37.0,55.2,33.0,55.0,0.0,177.0,57.7,35.0,57.4,5.0,6.5157603193074465,8.599914014339445,33.0,1.0,0.786537782289088,0.7221001833677296,18.0
561164,Lucas Boyé,2025/2026,87,LaLiga,9866,Deportivo Alaves,Striker,F,11.0,9.48,8.13,1959.0,37.0,49.3,70.0,39.0,0.0,144.0,36.6,32.0,29.9,10.0,9.330462278914453,7.763778336346148,48.0,1.0,0.5425672363489867,0.35124239325523365,15.0
1132607,Peque Fernández,2025/2026,87,LaLiga,8302,Sevilla,Attacking Midfielder,M,2.0,1.0,2.59,978.0,18.0,40.9,15.0,48.0,0.0,96.0,54.9,17.0,53.1,2.0,0.8252963349223137,2.183494307100773,11.0,0.0,0.14866411872208118,0.194780677556992,4.0
1083323,Pedri,2025/2026,87,LaLiga,8634,Barcelona,Defensive Midfielder,,2.0,1.57,1.74,2107.0,38.0,67.9,29.0,43.0,0.0,141.0,61.0,10.0,83.3,1.0,1.2624140307307254,1.0686050355434427,10.0,1.0,0.33152911346405767,0.6699767485260968,11.0
1327406,Álvaro Rodriguez,2025/2026,87,LaLiga,10268,Elche,Striker,F,7.0,8.85,7.97,2200.0,39.0,48.8,45.0,49.0,0.0,245.0,51.7,133.0,56.8,6.0,8.402414570096878,7.328034192323686,66.0,1.0,0.47508392482995987,0.669684097170829,10.0
1209399,Abdessamad Ezzalzouli,2025/2026,87,LaLiga,8603,Real Betis,Left Winger,,10.0,9.2,9.83,2255.0,39.0,45.3,44.0,71.0,1.0,194.0,51.7,31.0,41.9,9.0,8.23876111395657,7.9560374319553375,48.0,1.0,1.1046647867187862,1.9794799387454982,25.0
1011117,Robert Navarro,2025/2026,87,LaLiga,8315,Athletic Club,Left Winger,,6.0,3.94,5.63,1294.0,23.0,41.8,31.0,16.0,0.0,64.0,35.0,9.0,20.9,6.0,3.8569530625164514,4.896027863025665,15.0,0.0,0.1593866031616927,0.7354208268225191,6.0
1077915,Largie Ramazani,2025/2026,87,LaLiga,10267,Valencia,Left Midfielder,,6.0,6.94,7.47,1224.0,22.0,40.0,34.0,20.0,0.0,59.0,35.8,3.0,21.4,6.0,6.1402582620501525,7.170534752309324,33.0,0.0,0.6818057540804148,0.23550610337406377,18.0
1184777,Jofre Carreras,2025/2026,87,LaLiga,8558,Espanyol,Right Midfielder,,1.0,2.34,2.04,921.0,16.0,37.2,6.0,27.0,0.0,55.0,46.6,3.0,27.3,1.0,1.825722018256784,1.8759262412786488,15.0,0.0,0.2254518177360295,0.0617334526032209,8.0
671686,Aleix Febas,2025/2026,87,LaLiga,10268,Elche,Central Midfielder,M,2.0,2.21,1.73,3166.0,52.0,57.8,47.0,117.0,0.0,251.0,61.1,6.0,27.3,2.0,1.9721175730228435,1.6891817748546596,15.0,0.0,0.24937625229358681,0.052933972328901305,8.0
1419969,Rodrigo Mendoza,2025/2026,87,LaLiga,10268,Elche,Central Midfielder,M,1.0,1.62,2.07,1231.0,20.0,54.1,22.0,23.0,0.0,66.0,40.5,7.0,24.1,1.0,1.2005137726664539,1.97479522228241,5.0,0.0,0.5226010950282218,0.0927639529109001,12.0
841672,Nicolás González,2025/2026,87,LaLiga,9906,Atletico Madrid,Left Midfielder,,5.0,4.21,6.42,1453.0,24.0,51.1,20.0,25.0,1.0,123.0,51.9,50.0,61.0,5.0,4.111339483410121,5.938495632261039,33.0,0.0,0.3862456632778048,0.3660951573401691,10.0
1209441,Iván Romero,2025/2026,87,LaLiga,8581,Levante,Striker,F,7.0,8.63,6.87,2278.0,37.0,48.7,55.0,77.0,1.0,177.0,48.5,30.0,46.2,7.0,8.263221249023081,6.3764194939285535,45.0,0.0,0.38494567805901175,0.4852754082530737,14.0
704151,Arnaut Danjuma,2025/2026,87,LaLiga,10267,Valencia,Left Midfielder,,3.0,4.66,5.22,1627.0,27.0,42.2,15.0,22.0,1.0,69.0,43.7,8.0,42.1,3.0,4.371891008728743,5.1879604160785675,26.0,0.0,0.26731394976377487,0.048775847069919206,10.0
1379196,Jones El-Abdellaoui,2025/2026,87,LaLiga,9910,Celta Vigo,Right Midfielder,,2.0,2.59,1.25,668.0,11.0,40.7,14.0,3.0,0.0,26.0,34.7,6.0,46.2,2.0,2.0506990104913716,1.250215046107769,12.0,0.0,0.6259856997057798,0.0,5.0
696365,Marcus Rashford,2025/2026,87,LaLiga,8634,Barcelona,Left Winger,,8.0,7.51,7.48,1761.0,30.0,34.9,27.0,25.0,0.0,67.0,39.2,4.0,40.0,6.0,5.8289622887969035,5.61086043715477,43.0,2.0,1.548258261755109,1.680929368361831,33.0
1395964,Carlos Romero,2025/2026,87,LaLiga,8558,Espanyol,Left Back,,6.0,2.8,4.1,3195.0,49.0,58.3,29.0,19.0,0.0,178.0,54.3,14.0,42.4,4.0,2.34541143104434,3.5334907304495573,24.0,2.0,0.4543975833803414,0.5702278017997743,18.0
468931,Thomas Lemar,2025/2026,87,LaLiga,7732,Girona,Attacking Midfielder,M,3.0,1.93,2.26,1259.0,20.0,57.1,33.0,20.0,0.0,69.0,45.1,2.0,50.0,1.0,1.4612209200859074,1.432616546750068,5.0,2.0,0.4727939208969473,0.8285031151026493,12.0
955271,Thiago Almada,2025/2026,87,LaLiga,9906,Atletico Madrid,Left Midfielder,,3.0,3.72,3.8,1312.0,21.0,53.8,20.0,16.0,0.0,71.0,45.8,5.0,31.2,3.0,3.608501050621273,3.785680919885636,16.0,0.0,0.107854126021266,0.014498190023005,5.0
696679,Raphinha,2025/2026,87,LaLiga,8634,Barcelona,Left Winger,,13.0,10.36,11.26,1388.0,21.0,51.2,13.0,10.0,1.0,49.0,45.0,3.0,42.9,10.0,8.799534300458433,9.126448832452295,39.0,3.0,1.5593429515138266,2.12877218797803,26.0
1117069,Georges Mikautadze,2025/2026,87,LaLiga,10205,Villarreal,Striker,F,13.0,11.42,14.76,2117.0,32.0,47.8,30.0,45.0,0.0,93.0,45.4,10.0,23.3,12.0,11.039817000739276,14.158067788928747,53.0,1.0,0.5385582819581026,0.585534393787384,12.0
1311915,Ilias Akhomach,2025/2026,87,LaLiga,10205,Villarreal,Right Winger,,0.0,1.94,1.2,893.0,14.0,31.8,27.0,36.0,0.0,75.0,47.5,1.0,12.5,0.0,1.6855848729610434,1.004403500817716,14.0,0.0,0.25044304691255087,0.1967823933809995,10.0
1573126,Marc Bernal,2025/2026,87,LaLiga,8634,Barcelona,Defensive Midfielder,,2.0,1.04,1.02,787.0,11.0,78.6,7.0,11.0,0.0,63.0,55.3,15.0,48.4,2.0,0.9048625528812411,1.017439424991608,3.0,0.0,0.1394387166947127,0.0,4.0
1054786,Aimar Oroz,2025/2026,87,LaLiga,8371,Osasuna,Attacking Midfielder,M,0.0,1.68,0.7,2152.0,30.0,52.6,48.0,67.0,0.0,163.0,50.8,30.0,46.9,0.0,0.8862747382372618,0.6663324683904639,14.0,0.0,0.7826872384175665,0.0498987436294556,15.0
1310440,Javi Rueda,2025/2026,87,LaLiga,9910,Celta Vigo,Right Midfielder,,2.0,1.3,0.53,1404.0,21.0,51.2,6.0,21.0,1.0,70.0,47.3,8.0,28.6,2.0,1.270766224712134,0.453928142786026,8.0,0.0,0.033054079394787494,0.0746609792113304,3.0
1094778,Raúl García,2025/2026,87,LaLiga,8371,Osasuna,Striker,F,7.0,6.45,7.21,1013.0,15.0,48.4,18.0,15.0,0.0,85.0,50.0,40.0,52.6,6.0,5.874327118974179,6.195897223427893,35.0,1.0,0.20799348130822182,0.284380733966827,4.0
590494,Umar Sadiq,2025/2026,87,LaLiga,8560,Real Sociedad,Striker,F,4.0,3.48,3.37,1054.0,15.0,42.9,34.0,21.0,3.0,69.0,33.5,27.0,35.5,3.0,2.821694722399116,3.0330865373834963,20.0,1.0,0.6752415271475916,0.44083002023398826,9.0
1181101,Tyrhys Dolan,2025/2026,87,LaLiga,8558,Espanyol,Right Midfielder,,2.0,2.54,2.75,2431.0,35.0,41.2,34.0,46.0,2.0,148.0,48.2,10.0,28.6,2.0,2.0124200526624905,2.2335665225982666,18.0,0.0,0.48897296190261835,0.5168764237314457,16.0
837089,Edu Expósito,2025/2026,87,LaLiga,8558,Espanyol,Attacking Midfielder,M,1.0,2.35,1.76,2542.0,34.0,75.6,40.0,43.0,0.0,147.0,53.8,18.0,41.9,0.0,1.3997814860194921,0.537893489003182,11.0,1.0,0.9378786678425967,1.2570925597101457,33.0
1253890,Arda Güler,2025/2026,87,LaLiga,8633,Real Madrid,Attacking Midfielder,M,4.0,4.57,4.81,2026.0,27.0,62.8,16.0,32.0,0.0,109.0,57.1,4.0,30.8,3.0,3.6757552456110703,4.3358547762036315,23.0,1.0,0.8893444966524837,0.47190607618540586,26.0
678234,Mikel Oyarzabal,2025/2026,87,LaLiga,8560,Real Sociedad,Striker,F,15.0,15.24,15.14,2714.0,36.0,59.0,44.0,42.0,0.0,145.0,44.1,39.0,34.8,11.0,12.952145980010924,12.350341416895388,57.0,4.0,1.8435046952217813,2.7702656276524054,22.0
638070,Luis Rioja,2025/2026,87,LaLiga,10267,Valencia,Right Midfielder,,3.0,2.29,1.9,2636.0,36.0,56.2,27.0,29.0,0.0,105.0,46.5,4.0,17.4,3.0,1.7241575401276343,1.8799676895141595,25.0,0.0,0.5474289436824619,0.0,18.0
959597,Luka Sucic,2025/2026,87,LaLiga,8560,Real Sociedad,Attacking Midfielder,M,3.0,1.98,2.99,1018.0,14.0,56.0,16.0,6.0,0.0,55.0,45.8,16.0,45.7,2.0,1.2951904907822605,2.566815793514251,9.0,1.0,0.42088591307401646,0.647698678076267,14.0
974753,Julián Álvarez,2025/2026,87,LaLiga,9906,Atletico Madrid,Striker,F,8.0,7.7,9.71,1902.0,26.0,50.0,33.0,18.0,0.0,70.0,40.0,5.0,20.8,5.0,6.611837932956216,7.684973046183585,28.0,3.0,1.1053275354206558,2.071006663143635,26.0
1102708,Germán Valera,2025/2026,87,LaLiga,10268,Elche,Left Midfielder,,4.0,2.65,2.61,2869.0,38.0,48.7,30.0,71.0,1.0,176.0,56.2,12.0,40.0,3.0,2.4254718068987122,2.2626732327044006,20.0,1.0,0.24901675712317228,0.4088441915810107,8.0
477588,Álex Moreno,2025/2026,87,LaLiga,7732,Girona,Left Back,,0.0,1.49,1.44,2558.0,35.0,48.6,10.0,20.0,0.0,118.0,49.2,20.0,58.8,0.0,1.4879943439736958,1.375647842884064,9.0,0.0,0.18472744617611164,0.11259905342012624,7.0
1875615,Kareem Tunde,2025/2026,87,LaLiga,8581,Levante,Right Winger,,0.0,1.16,0.18,1144.0,15.0,48.4,18.0,23.0,0.0,73.0,50.0,12.0,37.5,0.0,0.8626733049750324,0.14147984050214302,12.0,0.0,0.30034205503761724,0.104754723608494,9.0
1184694,Alberto Moleiro,2025/2026,87,LaLiga,10205,Villarreal,Left Midfielder,,10.0,5.77,6.81,2490.0,33.0,47.8,25.0,27.0,1.0,93.0,35.1,3.0,12.5,7.0,5.387300802394749,5.737882189452648,33.0,3.0,0.8568648863583803,1.2116922559216614,13.0
1226147,Giuliano Simeone,2025/2026,87,LaLiga,9906,Atletico Madrid,Right Midfielder,,4.0,5.17,4.64,2109.0,29.0,44.6,28.0,40.0,0.0,140.0,50.0,26.0,57.8,3.0,4.990224456414581,4.245230980217459,32.0,1.0,0.1659663058817387,0.3903362769633531,4.0
860752,Rubén Vargas,2025/2026,87,LaLiga,8302,Sevilla,Left Winger,,3.0,3.17,2.8,1608.0,21.0,43.8,18.0,17.0,0.0,77.0,49.0,20.0,55.6,2.0,2.6175978146880867,2.105490922927857,24.0,1.0,0.575394053943455,0.6966334767639637,17.0
1238154,Pablo Ibánez,2025/2026,87,LaLiga,9866,Deportivo Alaves,Central Midfielder,M,1.0,4.39,3.26,2247.0,31.0,43.7,47.0,66.0,0.0,180.0,49.9,26.0,49.1,1.0,3.6522701978683463,2.977204922586679,22.0,0.0,0.7426156201399862,0.22498418390750918,25.0
1169595,Ilyas Chaira,2025/2026,87,LaLiga,8670,Real Oviedo,Left Winger,,6.0,6.82,7.16,2458.0,34.0,31.8,36.0,41.0,1.0,145.0,39.5,21.0,38.2,5.0,6.067540237680076,6.306326327845454,49.0,1.0,0.8312254156917335,1.0511077623814342,31.0
1072200,Rodrigo Riquelme,2025/2026,87,LaLiga,8603,Real Betis,Left Winger,,1.0,2.15,1.72,810.0,11.0,28.2,17.0,11.0,0.0,42.0,35.9,4.0,30.8,1.0,1.5866254325956097,1.300332561135293,14.0,0.0,0.5683168293908242,0.41627244651317596,10.0
629594,Alfonso Pedraza,2025/2026,87,LaLiga,10205,Villarreal,Left Back,,1.0,1.13,0.66,1690.0,20.0,60.6,15.0,23.0,0.0,87.0,53.0,3.0,23.1,1.0,1.0866485424339773,0.650042623281479,8.0,0.0,0.04486737865954635,0.0128623433411121,3.0
282472,Sergi Darder,2025/2026,87,LaLiga,8661,Mallorca,Attacking Midfielder,M,1.0,2.04,1.01,2689.0,34.0,56.7,19.0,29.0,0.0,99.0,52.9,8.0,53.3,1.0,1.4614591104909782,0.695364087820054,9.0,0.0,0.9566097650676966,0.39953483361750874,27.0
246438,Gerard Moreno,2025/2026,87,LaLiga,10205,Villarreal,Striker,F,10.0,6.3,6.67,1350.0,17.0,54.8,18.0,16.0,1.0,67.0,45.3,19.0,47.5,8.0,5.859973799553513,6.234360555186868,32.0,2.0,0.457410011440516,0.663924261927605,7.0
1575945,Oso,2025/2026,87,LaLiga,8302,Sevilla,Left Wing-Back,,2.0,1.3,1.7,1409.0,17.0,54.8,13.0,16.0,0.0,75.0,52.1,15.0,48.4,2.0,1.1743704266846189,1.9076034910976887,10.0,0.0,0.19327048957347862,0.0766099058091641,7.0
974755,Lucas Beltrán,2025/2026,87,LaLiga,10267,Valencia,Striker,F,1.0,4.05,1.53,1366.0,16.0,51.6,34.0,39.0,1.0,102.0,44.9,25.0,35.7,0.0,3.7560879476368427,1.1233769282698625,26.0,1.0,0.31684149242937554,0.43450132757425286,8.0
977618,Víctor García,2025/2026,87,LaLiga,8581,Levante,Right Winger,,2.0,1.96,3.66,1040.0,13.0,43.3,7.0,11.0,0.0,59.0,50.0,14.0,45.2,1.0,1.616994060575962,2.2613870650529857,9.0,1.0,0.3467004662379622,1.3972579538822179,10.0
640122,Brais Méndez,2025/2026,87,LaLiga,8560,Real Sociedad,Attacking Midfielder,M,6.0,5.8,7.22,1672.0,21.0,42.0,20.0,35.0,0.0,121.0,51.1,30.0,61.2,6.0,5.645193722176552,6.191747307777405,19.0,0.0,0.6036754054948685,1.0324655594304206,17.0
1284429,Javier Guerra,2025/2026,87,LaLiga,10267,Valencia,Central Midfielder,M,4.0,3.35,3.36,2069.0,26.0,41.9,35.0,20.0,0.0,89.0,39.6,14.0,51.9,4.0,2.5621731523424387,3.2265008129179495,17.0,0.0,0.7980958390980964,0.1373592149466276,14.0
1308414,Hugo Álvarez,2025/2026,87,LaLiga,9910,Celta Vigo,Left Winger,,4.0,2.74,2.38,1337.0,16.0,39.0,14.0,17.0,0.0,49.0,40.5,1.0,10.0,4.0,2.749175436794758,2.384023824706675,14.0,0.0,0.0,0.0,0.0
1102732,Ferrán Jutglà,2025/2026,87,LaLiga,9910,Celta Vigo,Striker,F,9.0,6.73,10.8,1663.0,21.0,38.9,20.0,30.0,0.0,80.0,41.9,17.0,35.4,7.0,5.950393211096527,10.000225946307182,32.0,2.0,0.5649111340753736,0.8039297657087447,13.0
1200941,Abderrahman Rebbach,2025/2026,87,LaLiga,9866,Deportivo Alaves,Left Midfielder,,1.0,2.31,1.98,1492.0,18.0,36.0,19.0,30.0,0.0,99.0,43.8,9.0,40.9,1.0,1.7535310201346876,1.3838328290730715,19.0,0.0,0.5588370682671667,0.5478149503469472,15.0
174472,Iago Aspas,2025/2026,87,LaLiga,9910,Celta Vigo,Right Winger,,5.0,4.48,5.23,1130.0,12.0,60.0,17.0,17.0,1.0,47.0,47.5,3.0,23.1,4.0,3.8784788735985734,3.5214975699782367,18.0,1.0,0.6046308455988759,1.7081240266561506,10.0
526968,Pacha Espino,2025/2026,87,LaLiga,8370,Rayo Vallecano,Left Back,,2.0,1.64,1.54,1480.0,17.0,58.6,13.0,30.0,1.0,117.0,54.9,18.0,50.0,1.0,1.4180547054857018,1.3169723339378834,11.0,1.0,0.2192716589197517,0.2196136936545368,9.0
852071,Juan Hernández,2025/2026,87,LaLiga,8603,Real Betis,Striker,F,11.0,11.08,10.97,2592.0,28.0,53.8,56.0,38.0,0.0,131.0,44.9,38.0,42.2,8.0,10.01605401005745,9.567081570625307,66.0,3.0,1.176373820751905,1.9534917110577228,23.0
604126,Giovani Lo Celso,2025/2026,87,LaLiga,8603,Real Betis,Attacking Midfielder,M,2.0,2.47,3.47,1396.0,16.0,48.5,20.0,42.0,0.0,87.0,56.9,10.0,55.6,2.0,1.864241866394878,2.9446812346577644,13.0,0.0,0.6900169029831886,0.5259420238435274,17.0
797901,Jorge de Frutos,2025/2026,87,LaLiga,8370,Rayo Vallecano,Right Winger,,10.0,10.63,9.55,2483.0,28.0,47.5,35.0,39.0,3.0,116.0,43.4,19.0,37.3,10.0,10.321868808047473,9.101752649992706,59.0,0.0,0.3080393802374606,0.451715126633645,4.0
1344677,Mateo Joseph,2025/2026,87,LaLiga,8661,Mallorca,Right Winger,,2.0,5.09,4.09,1703.0,18.0,47.4,36.0,31.0,1.0,88.0,40.2,10.0,19.6,2.0,4.874007096514105,3.754817105829716,27.0,0.0,0.1577798984944819,0.2004580572247503,6.0
1284430,Fran Pérez,2025/2026,87,LaLiga,8370,Rayo Vallecano,Left Winger,,2.0,2.24,1.65,1234.0,14.0,46.7,16.0,15.0,0.0,45.0,35.2,1.0,5.0,2.0,2.010942731052636,1.3838739842176428,11.0,0.0,0.22555010952055443,0.2671655565500257,6.0
967622,Antony,2025/2026,87,LaLiga,8603,Real Betis,Right Winger,,8.0,8.79,7.48,2459.0,27.0,46.6,23.0,44.0,0.0,117.0,51.8,7.0,33.3,3.0,7.532418312504888,5.142627357505261,48.0,5.0,1.3521396396681662,2.247649539262057,42.0
1293912,Pablo Marín,2025/2026,87,LaLiga,8560,Real Sociedad,Right Winger,,0.0,1.25,0.63,1494.0,17.0,41.5,23.0,23.0,1.0,66.0,39.8,8.0,26.7,0.0,1.1006542220711708,0.6069251038134106,8.0,0.0,0.1613378487527371,0.0218524448573589,5.0
574629,Alex Berenguer,2025/2026,87,LaLiga,8315,Athletic Club,Right Winger,,2.0,4.47,4.66,2164.0,23.0,39.0,45.0,38.0,0.0,119.0,39.3,31.0,36.5,1.0,4.477642219513655,3.9800811335444464,37.0,1.0,0.18464544788002968,0.8927732938900581,7.0
479020,Ayoze Pérez,2025/2026,87,LaLiga,10205,Villarreal,Striker,F,5.0,5.38,4.58,1122.0,13.0,33.3,27.0,23.0,0.0,72.0,40.2,15.0,34.1,5.0,5.076484421306849,4.125345177948477,22.0,0.0,0.304315477609635,0.290021032094955,2.0
1026135,Tajon Buchanan,2025/2026,87,LaLiga,10205,Villarreal,Right Midfielder,,7.0,2.06,3.09,1821.0,21.0,31.8,28.0,36.0,0.0,88.0,42.9,3.0,21.4,4.0,1.7155456468462937,2.144873693585396,16.0,3.0,0.3740283106453715,0.9804836064577099,11.0
654091,Grady Diangana,2025/2026,87,LaLiga,10268,Elche,Central Midfielder,M,1.0,1.18,0.41,929.0,10.0,31.2,18.0,19.0,0.0,49.0,40.5,7.0,36.8,0.0,0.9155756607651699,0.0472071655094624,8.0,1.0,0.2825250159949064,0.361959308385849,8.0
625340,Mauro Arambarri,2025/2026,87,LaLiga,8305,Getafe,Central Midfielder,M,6.0,7.16,6.59,3255.0,31.0,49.2,47.0,67.0,0.0,222.0,48.8,57.0,47.1,6.0,6.681511318427326,6.155097855255008,44.0,0.0,0.40710417833179224,0.5580634064972398,15.0
564847,Viktor Tsigankov,2025/2026,87,LaLiga,7732,Girona,Right Winger,,6.0,6.83,6.51,2641.0,27.0,49.1,25.0,35.0,0.0,124.0,49.2,32.0,45.1,6.0,6.387322304770348,6.202352313324808,31.0,0.0,0.8010294083505867,0.3921413095667957,20.0
1106742,Sergio Carreira,2025/2026,87,LaLiga,9910,Celta Vigo,Left Midfielder,,2.0,1.58,1.29,2693.0,26.0,48.1,14.0,36.0,0.0,104.0,51.7,11.0,32.4,2.0,1.2480654865503302,1.6270236745476714,9.0,0.0,0.2891860343515873,0.0401142947375774,7.0
638010,Isi Palazón,2025/2026,87,LaLiga,8370,Rayo Vallecano,Attacking Midfielder,M,3.0,5.3,4.59,2262.0,23.0,47.9,41.0,51.0,0.0,123.0,44.7,21.0,41.2,3.0,4.244102498632668,3.8113832166418433,19.0,0.0,1.0564262205734851,0.7770340759307144,34.0
536455,Gonçalo Guedes,2025/2026,87,LaLiga,8560,Real Sociedad,Left Winger,,8.0,3.86,6.95,1832.0,18.0,46.2,24.0,33.0,0.0,87.0,44.8,11.0,34.4,6.0,3.0904088839888586,5.882063463330268,20.0,2.0,0.7745439672991635,0.9560831543058153,26.0
1233404,Pablo Torre,2025/2026,87,LaLiga,8661,Mallorca,Attacking Midfielder,M,4.0,1.73,2.88,1603.0,16.0,45.7,18.0,36.0,0.0,81.0,42.6,7.0,21.9,2.0,1.0793182924389837,1.131118267774582,7.0,2.0,0.6618102975189686,1.6890085283666854,18.0
1338740,Tani Oluwaseyi,2025/2026,87,LaLiga,10205,Villarreal,Striker,F,2.0,3.38,3.4,892.0,9.0,40.9,21.0,8.0,0.0,46.0,35.9,22.0,41.5,2.0,3.381724525243045,3.3960946872830395,13.0,0.0,0.0793269537389279,0.0,3.0
1209980,Carlos Álvarez,2025/2026,87,LaLiga,8581,Levante,Right Midfielder,,3.0,2.72,2.58,1897.0,19.0,33.3,33.0,49.0,1.0,93.0,41.5,4.0,18.2,2.0,2.4417707100510597,2.063569582998752,16.0,1.0,0.5689348885789514,0.6723742196336395,14.0
1015185,Eduardo Camavinga,2025/2026,87,LaLiga,8633,Real Madrid,Defensive Midfielder,,1.0,1.18,1.25,1526.0,13.0,65.0,9.0,31.0,0.0,119.0,63.0,10.0,55.6,1.0,0.9560586288571358,0.993477344512939,4.0,0.0,0.2200718987733125,0.252416044473648,9.0
743533,Federico Valverde,2025/2026,87,LaLiga,8633,Real Madrid,Right Back,,5.0,2.89,4.38,2746.0,23.0,63.9,8.0,14.0,0.0,100.0,61.3,22.0,62.9,2.0,1.740370644256473,2.1231264919042587,12.0,3.0,1.1455032266676428,2.26142442598939,39.0
705450,Jules Koundé,2025/2026,87,LaLiga,8634,Barcelona,Right Back,,1.0,1.66,2.05,2261.0,21.0,60.0,23.0,24.0,0.0,127.0,54.5,35.0,56.5,1.0,1.6030320357531325,2.0473617613315582,12.0,0.0,0.0545950159430504,0.0,2.0
683450,Pablo Fornals,2025/2026,87,LaLiga,8603,Real Betis,Attacking Midfielder,M,9.0,3.92,5.41,2865.0,25.0,54.3,31.0,26.0,0.0,104.0,39.5,15.0,27.8,6.0,2.8890242595225577,4.198238326236606,20.0,3.0,0.8487588418647645,1.1469072178006172,24.0
950545,Oihan Sancet,2025/2026,87,LaLiga,8315,Athletic Club,Attacking Midfielder,M,4.0,6.47,5.2,1803.0,16.0,53.3,31.0,28.0,1.0,88.0,44.2,19.0,38.8,4.0,6.000757945778967,4.668869361281395,39.0,0.0,0.4872356485575437,0.319124341011047,9.0
1102289,Juan Iglesias,2025/2026,87,LaLiga,8305,Getafe,Left Wing-Back,,1.0,1.06,1.17,3189.0,30.0,51.7,17.0,70.0,0.0,243.0,55.5,32.0,43.8,1.0,0.4938581362366677,1.0792960971593857,5.0,0.0,0.5626072632148864,0.0922126658260823,21.0
1610744,Carlos Espí,2025/2026,87,LaLiga,8581,Levante,Striker,F,11.0,7.58,8.53,1338.0,12.0,50.0,19.0,25.0,0.0,96.0,48.0,46.0,56.1,8.0,6.531016981229188,7.297376863658428,49.0,3.0,1.037817802280187,1.235881246626377,8.0
942372,Álex Baena,2025/2026,87,LaLiga,9906,Atletico Madrid,Left Winger,,2.0,2.0,2.25,1572.0,14.0,37.8,24.0,29.0,0.0,68.0,40.2,7.0,25.0,2.0,1.5471853390336028,2.1494185030460358,13.0,0.0,0.4554674271494147,0.1003018710762263,16.0
1286471,Roger Brugué,2025/2026,87,LaLiga,8581,Levante,Left Midfielder,,1.0,3.32,3.01,1007.0,9.0,37.5,18.0,8.0,0.0,41.0,34.7,13.0,36.1,1.0,2.920990636572242,2.951476752758025,25.0,0.0,0.1173104662448168,0.0587148573249579,3.0
1541825,Adrián Liso,2025/2026,87,LaLiga,8305,Getafe,Striker,F,3.0,2.08,3.03,1709.0,15.0,34.1,26.0,43.0,1.0,121.0,38.4,36.0,30.5,1.0,1.4394246470183123,2.0702205114066587,15.0,2.0,0.629470871761441,0.6630777884274723,11.0
1202587,Ramon Terrats,2025/2026,87,LaLiga,8558,Espanyol,Attacking Midfielder,M,1.0,1.5,1.42,1023.0,9.0,32.1,24.0,22.0,0.0,62.0,41.3,9.0,31.0,1.0,0.8150099068880077,1.3848735690116891,7.0,0.0,0.6844980316236616,0.0358670875430107,8.0
926643,Alfon González,2025/2026,87,LaLiga,8302,Sevilla,Left Winger,,2.0,1.75,2.8,639.0,6.0,26.1,18.0,8.0,0.0,19.0,25.3,2.0,25.0,2.0,1.5493331179022791,1.5356788113713264,11.0,0.0,0.164417188614607,1.3265073522925372,6.0
845998,Antonio Blanco,2025/2026,87,LaLiga,9866,Deportivo Alaves,Central Midfielder,M,2.0,1.37,1.88,3116.0,24.0,75.0,37.0,43.0,0.0,194.0,47.4,35.0,49.3,1.0,0.6818467359989885,0.500802680850029,8.0,1.0,0.7381002549082039,1.27332098595798,32.0
958640,Akor Adams,2025/2026,87,LaLiga,8302,Sevilla,Striker,F,10.0,10.0,11.18,2059.0,16.0,57.1,33.0,12.0,0.0,92.0,37.4,56.0,43.1,9.0,9.055716076982021,9.574201142415404,42.0,1.0,0.6936957519501449,0.9851903636008503,19.0
715069,Pedro Díaz,2025/2026,87,LaLiga,8370,Rayo Vallecano,Central Midfielder,M,0.0,1.73,0.67,1869.0,15.0,50.0,21.0,13.0,0.0,79.0,44.9,13.0,50.0,0.0,0.8968556039035318,0.2087652795016768,10.0,0.0,0.8295378210023049,0.45832635648548564,34.0
678192,Jon Guridi,2025/2026,87,LaLiga,9866,Deportivo Alaves,Central Midfielder,M,0.0,1.76,0.42,1240.0,9.0,47.4,7.0,8.0,1.0,65.0,45.8,22.0,43.1,0.0,1.728725086897612,0.42160472832620166,13.0,0.0,0.1235394701361656,0.0,2.0
384413,Rubén Garcia,2025/2026,87,LaLiga,8371,Osasuna,Right Winger,,2.0,2.43,1.69,2247.0,18.0,47.4,21.0,27.0,0.0,118.0,43.5,23.0,32.9,0.0,1.5497885607182975,1.1316676586866379,15.0,2.0,0.952530639246106,0.437840543687343,16.0
676533,Aitor Ruibal,2025/2026,87,LaLiga,8603,Real Betis,Right Back,,4.0,3.85,4.06,1814.0,15.0,46.9,19.0,25.0,1.0,91.0,46.9,7.0,35.0,4.0,3.580806193873288,3.8740192577242847,16.0,0.0,0.3761738007888197,0.1816833540797236,15.0
923298,Pablo Martínez,2025/2026,87,LaLiga,8581,Levante,Defensive Midfielder,,1.0,1.91,1.59,1865.0,14.0,42.4,17.0,12.0,0.0,56.0,39.2,14.0,66.7,1.0,1.0619788244366644,1.568983808159828,7.0,0.0,0.8768180459737765,0.0210893042385578,21.0
388523,André Silva,2025/2026,87,LaLiga,10268,Elche,Striker,F,10.0,10.55,12.89,1853.0,14.0,41.2,38.0,34.0,1.0,87.0,38.3,25.0,35.7,10.0,10.115275943768024,12.440608989447355,45.0,0.0,0.45299457572400587,0.3201332613825799,12.0
614834,Dani Olmo,2025/2026,87,LaLiga,8634,Barcelona,Attacking Midfielder,M,7.0,7.66,7.53,2077.0,16.0,37.2,23.0,42.0,2.0,111.0,51.4,20.0,60.6,6.0,6.257775286212565,6.269193451851606,35.0,1.0,1.4062515040859573,1.2617761744186278,35.0
1284434,Diego López,2025/2026,87,LaLiga,10267,Valencia,Left Midfielder,,4.0,2.72,2.41,1762.0,13.0,37.1,18.0,33.0,0.0,92.0,42.6,25.0,34.2,4.0,2.425540747120976,2.238412275910377,20.0,0.0,0.24296666914597156,0.16835364699363659,8.0
1272740,Williot Swedberg,2025/2026,87,LaLiga,9910,Celta Vigo,Left Winger,,5.0,4.25,4.87,1268.0,10.0,37.0,18.0,34.0,0.0,74.0,43.8,2.0,12.5,5.0,4.1316155046224585,5.079656096175312,20.0,0.0,0.0966540928930044,0.0,3.0
196169,Marcos Alonso,2025/2026,87,LaLiga,9910,Celta Vigo,Center Back,,1.0,2.2,1.07,2770.0,17.0,70.8,13.0,20.0,0.0,126.0,57.8,48.0,59.3,1.0,1.7718724999964244,1.06724339723587,12.0,0.0,0.425162081606686,0.0,12.0
609505,Borja Iglesias,2025/2026,87,LaLiga,9910,Celta Vigo,Striker,F,14.0,10.45,12.19,1902.0,12.0,54.5,34.0,30.0,3.0,69.0,38.3,19.0,46.3,12.0,9.817739948785304,11.397095888853073,32.0,2.0,0.7201290084049108,1.2374724484980106,14.0
638090,Luis Milla,2025/2026,87,LaLiga,8305,Getafe,Central Midfielder,M,1.0,1.22,0.73,3273.0,21.0,53.8,27.0,43.0,0.0,174.0,53.9,51.0,56.0,0.0,0.7585846167057759,0.66556054353714,6.0,1.0,0.6026293491013348,0.262546058744192,21.0
844544,Pape Gueye,2025/2026,87,LaLiga,10205,Villarreal,Central Midfielder,M,5.0,3.96,3.34,2143.0,15.0,51.7,21.0,54.0,0.0,133.0,58.3,24.0,55.8,2.0,3.019230326676368,2.6067453920841213,19.0,3.0,0.952529139816761,0.65789703745395,28.0
1131957,Jon Olasagasti,2025/2026,87,LaLiga,8581,Levante,Attacking Midfielder,M,1.0,2.41,2.54,1729.0,12.0,50.0,18.0,33.0,0.0,102.0,52.6,29.0,54.7,0.0,1.8923685364425178,1.6823422759771345,11.0,1.0,0.5342400767840446,0.9122511707246297,17.0
637756,Carles Aleñá,2025/2026,87,LaLiga,9866,Deportivo Alaves,Left Midfielder,,0.0,2.71,0.61,1995.0,13.0,46.4,36.0,36.0,0.0,100.0,43.3,14.0,41.2,0.0,2.156856484711172,0.24837370216846488,17.0,0.0,0.3859222866594792,0.276203811168671,13.0
640238,Nacho Vidal,2025/2026,87,LaLiga,8670,Real Oviedo,Right Back,,0.0,2.23,0.72,2272.0,14.0,45.2,9.0,27.0,0.0,106.0,53.8,22.0,52.4,0.0,2.058831781148911,0.7247411496937279,12.0,0.0,0.16720022307708812,0.0,4.0
640123,Toni Martínez,2025/2026,87,LaLiga,9866,Deportivo Alaves,Striker,F,14.0,11.23,11.03,2725.0,17.0,42.5,36.0,37.0,2.0,259.0,51.4,179.0,56.6,12.0,10.72098486315608,9.305957201868297,71.0,2.0,0.8156554866582159,1.8251312104985105,22.0
1436270,Unai Gómez,2025/2026,87,LaLiga,8315,Athletic Club,Attacking Midfielder,M,1.0,2.14,2.38,932.0,6.0,40.0,9.0,6.0,0.0,41.0,37.6,17.0,35.4,1.0,1.9277439462020982,2.8046479895710945,18.0,0.0,0.28670439030975087,0.0,5.0
1321605,Mario Martín,2025/2026,87,LaLiga,8305,Getafe,Central Midfielder,M,2.0,2.63,1.74,2134.0,14.0,38.9,33.0,34.0,0.0,179.0,40.0,75.0,39.1,2.0,2.540754651650786,1.704471737146378,19.0,0.0,0.13319534901529556,0.0404100678861141,8.0
1392779,Etta Eyong,2025/2026,87,LaLiga,10205,Villarreal,Striker,F,7.0,8.73,8.93,1668.0,11.0,37.9,35.0,34.0,0.0,106.0,42.6,34.0,36.6,7.0,8.365939778780191,9.123447773978114,40.0,0.0,0.2723812349140643,0.0726736169308423,10.0
1082930,Iker Losada,2025/2026,87,LaLiga,8581,Levante,Left Winger,,3.0,1.73,1.17,898.0,6.0,37.5,4.0,7.0,0.0,29.0,39.7,3.0,16.7,2.0,1.4879330173134808,0.890093192458153,8.0,1.0,0.2410373203456403,0.276784479618072,6.0
50047,Alexis Sánchez,2025/2026,87,LaLiga,8302,Sevilla,Striker,F,4.0,3.81,2.4,1298.0,8.0,36.4,15.0,26.0,0.0,70.0,46.7,14.0,38.9,4.0,3.6935574114710112,2.4945674538612366,20.0,0.0,0.12163060251623381,0.113639131188393,5.0
184138,Antoine Griezmann,2025/2026,87,LaLiga,9906,Atletico Madrid,Striker,F,7.0,7.61,9.22,1468.0,9.0,34.6,9.0,10.0,0.0,44.0,41.9,11.0,35.5,7.0,7.3254812099039555,8.22793847322464,38.0,0.0,0.3620217116549611,0.9275626428425312,9.0
1130991,Isaac Romero,2025/2026,87,LaLiga,8302,Sevilla,Striker,F,4.0,5.26,4.42,1490.0,10.0,22.7,32.0,24.0,2.0,72.0,34.6,23.0,41.1,3.0,5.374741448128223,3.9445041976869115,32.0,1.0,0.2445424553006887,0.226247653365135,9.0
58294,Cristhian Stuani,2025/2026,87,LaLiga,7732,Girona,Striker,F,5.0,5.38,7.44,396.0,2.0,100.0,3.0,11.0,2.0,36.0,51.4,18.0,52.9,5.0,5.421607570877672,7.467121699824929,19.0,0.0,0.0,0.0,0.0
640220,Marc Roca,2025/2026,87,LaLiga,8603,Real Betis,Defensive Midfielder,,1.0,1.36,1.29,2025.0,11.0,73.3,17.0,23.0,0.0,81.0,44.8,9.0,36.0,0.0,1.0221098940819497,0.9008329547941689,7.0,1.0,0.35319125931709994,0.387067539617419,10.0
708890,Carlos Soler,2025/2026,87,LaLiga,8560,Real Sociedad,Central Midfielder,M,4.0,2.72,5.23,2325.0,13.0,61.9,18.0,20.0,0.0,79.0,48.5,8.0,38.1,3.0,1.8680076878517862,3.628251604735853,13.0,1.0,0.8209617116954179,1.6162288160994644,22.0
1407468,Santiago Mouriño,2025/2026,87,LaLiga,10205,Villarreal,Right Back,,1.0,1.08,1.04,2384.0,14.0,58.3,7.0,36.0,0.0,190.0,56.0,38.0,62.3,1.0,0.887929380871356,1.039335653185844,9.0,0.0,0.18087291251868,0.0,6.0
517052,Vedat Muriqi,2025/2026,87,LaLiga,8661,Mallorca,Striker,F,23.0,18.52,20.26,3134.0,16.0,57.1,45.0,64.0,1.0,230.0,51.8,146.0,55.5,22.0,18.316552525657414,18.54663353320211,105.0,1.0,0.9652054682374003,1.6739345863461492,11.0
602563,Marcos Llorente,2025/2026,87,LaLiga,9906,Atletico Madrid,Right Back,,0.0,1.98,1.78,2184.0,13.0,54.2,8.0,11.0,0.0,93.0,53.4,10.0,43.5,0.0,1.765575287863613,1.7069740667939195,13.0,0.0,0.22128996811807153,0.0692645534873009,5.0
1323510,Alberto Reina,2025/2026,87,LaLiga,8670,Real Oviedo,Attacking Midfielder,M,4.0,3.54,4.15,2480.0,15.0,50.0,22.0,46.0,0.0,121.0,51.1,17.0,37.0,3.0,3.0323605239391322,3.3554821349680433,18.0,1.0,0.3157912679016592,0.8812959380447867,6.0
93447,Robert Lewandowski,2025/2026,87,LaLiga,8634,Barcelona,Striker,F,14.0,14.14,11.45,1656.0,9.0,50.0,24.0,21.0,0.0,58.0,41.7,25.0,48.1,14.0,13.997644150745868,10.746853547170756,58.0,0.0,0.3378413766622543,0.7008176483213902,5.0
1109046,Ilaix Moriba,2025/2026,87,LaLiga,9910,Celta Vigo,Central Midfielder,M,2.0,1.39,1.2,2488.0,13.0,46.4,23.0,58.0,1.0,173.0,56.7,15.0,31.9,1.0,0.9765628837049012,1.105944469571113,6.0,1.0,0.47519955318421125,0.286955734714866,12.0
593129,Pere Milla,2025/2026,87,LaLiga,8558,Espanyol,Left Midfielder,,7.0,7.07,9.54,1986.0,11.0,45.8,28.0,38.0,0.0,106.0,44.2,23.0,40.4,7.0,6.232238812372085,8.488426938652992,38.0,0.0,0.8212059931829571,1.0529876500368118,21.0
183353,Kike García,2025/2026,87,LaLiga,8558,Espanyol,Striker,F,8.0,8.8,9.23,1727.0,9.0,37.5,21.0,44.0,0.0,153.0,48.3,90.0,49.7,8.0,8.407532339993118,9.138696994632486,55.0,0.0,0.1703955670818686,0.193909183144569,5.0
440330,Alexander Sørloth,2025/2026,87,LaLiga,9906,Atletico Madrid,Striker,F,13.0,10.16,14.22,1981.0,10.0,35.7,29.0,16.0,0.0,134.0,47.5,94.0,58.4,13.0,10.074231548234819,14.216638904064894,64.0,0.0,0.18171482719481,0.0,4.0
1130583,Samú,2025/2026,87,LaLiga,8661,Mallorca,Defensive Midfielder,,7.0,3.98,5.47,2705.0,14.0,27.5,31.0,68.0,0.0,219.0,51.8,78.0,66.1,6.0,3.8632993400096924,5.5192062221467495,28.0,1.0,0.2593739116564392,0.0776657722890377,11.0
604105,Iñaki Williams,2025/2026,87,LaLiga,8315,Athletic Club,Right Winger,,3.0,6.39,4.88,2168.0,12.0,21.8,34.0,23.0,2.0,77.0,34.1,30.0,46.9,3.0,6.095485728272794,4.827691713348033,48.0,0.0,0.29984060488641273,0.151439324021339,9.0
896402,José Copete,2025/2026,87,LaLiga,10267,Valencia,Center Back,,0.0,1.54,,1760.0,7.0,77.8,3.0,11.0,0.0,80.0,57.1,36.0,57.1,0.0,1.4640214452520013,0.0,12.0,0.0,0.0745625495910644,0.0,1.0
39591,Axel Witsel,2025/2026,87,LaLiga,7732,Girona,Defensive Midfielder,,1.0,2.39,2.0,2533.0,10.0,71.4,19.0,37.0,0.0,130.0,53.7,47.0,62.7,1.0,2.178493464365601,1.9993349425494666,15.0,0.0,0.132553905248642,0.0185398608446121,5.0
303879,Lucas Torró,2025/2026,87,LaLiga,8371,Osasuna,Defensive Midfielder,,0.0,1.6,0.88,2307.0,9.0,69.2,11.0,28.0,0.0,183.0,62.9,109.0,69.4,0.0,1.2955672750249496,0.7424751594662669,20.0,0.0,0.31565910391509533,0.1419047303497791,9.0
872396,Pathé Ciss,2025/2026,87,LaLiga,8370,Rayo Vallecano,Defensive Midfielder,,2.0,3.31,2.1,1995.0,9.0,69.2,11.0,13.0,0.0,110.0,56.7,34.0,54.8,2.0,3.232443425804378,2.0818431377410898,15.0,0.0,0.07869097031652911,0.0159649718552828,5.0
784241,Manu Morlanes,2025/2026,87,LaLiga,8661,Mallorca,Defensive Midfielder,,3.0,2.0,2.28,1773.0,8.0,66.7,14.0,12.0,0.0,89.0,50.9,13.0,43.3,3.0,1.797259349375963,2.177897602319717,9.0,0.0,0.168856306001544,0.0435534492135048,4.0
921825,Jon Moncayola,2025/2026,87,LaLiga,8371,Osasuna,Defensive Midfielder,,0.0,2.0,0.79,3028.0,13.0,61.9,10.0,13.0,0.0,98.0,45.4,18.0,52.9,0.0,1.6655058125033977,0.7210340928286316,13.0,0.0,0.27557054162025457,0.0590252252295613,10.0
671865,Santi Comesaña,2025/2026,87,LaLiga,10205,Villarreal,Central Midfielder,M,3.0,4.17,3.33,2413.0,11.0,52.4,27.0,28.0,0.0,119.0,46.5,35.0,50.0,3.0,3.7738811876624823,3.330674916505815,20.0,0.0,0.4193967599421739,0.0,7.0
844477,Sergio Gómez,2025/2026,87,LaLiga,8560,Real Sociedad,Left Back,,0.0,1.09,,2705.0,13.0,52.0,7.0,15.0,0.0,136.0,54.2,21.0,63.6,0.0,1.048349325005711,0.0,9.0,0.0,0.06556765921413901,0.0,3.0
1194892,Arnau Martínez,2025/2026,87,LaLiga,7732,Girona,Right Back,,2.0,1.62,0.87,2678.0,13.0,50.0,18.0,30.0,0.0,143.0,55.4,34.0,50.0,2.0,1.4230491444468492,1.21000325679779,14.0,0.0,0.186081126332283,0.0532284583896398,5.0
1249284,Jon Aramburu,2025/2026,87,LaLiga,8560,Real Sociedad,Right Back,,1.0,1.91,1.29,2778.0,11.0,50.0,16.0,45.0,0.0,209.0,56.5,50.0,71.4,1.0,1.7244033310562372,1.251840692013502,12.0,0.0,0.18702931841835385,0.0362032875418663,9.0
881771,Ferran Torres,2025/2026,87,LaLiga,8634,Barcelona,Striker,F,16.0,13.16,12.42,1976.0,9.0,34.6,21.0,20.0,0.0,60.0,44.1,25.0,58.1,13.0,12.866181898862125,10.859369760379193,58.0,3.0,0.8077940959483383,1.5062121525406833,11.0
1322858,Pablo Durán,2025/2026,87,LaLiga,9910,Celta Vigo,Striker,F,2.0,4.26,3.29,1424.0,7.0,23.3,14.0,12.0,0.0,48.0,38.4,13.0,41.9,2.0,3.71471177507192,2.0221587643027297,29.0,0.0,0.5483504626899965,1.335127763450146,8.0
673689,Pepelu,2025/2026,87,LaLiga,10267,Valencia,Central Midfielder,M,2.0,3.57,2.38,2232.0,8.0,80.0,12.0,14.0,0.0,112.0,57.4,30.0,55.6,1.0,2.9439340011447666,1.774120271205902,11.0,1.0,0.6234313994646069,0.602950870990753,13.0
1097229,Orri Óskarsson,2025/2026,87,LaLiga,8560,Real Sociedad,Striker,F,9.0,6.1,8.72,830.0,3.0,75.0,6.0,7.0,0.0,33.0,41.8,16.0,43.2,9.0,5.699006654322146,8.671203959733248,25.0,0.0,0.0683715781196952,0.0119716404005885,2.0
638622,Frenkie de Jong,2025/2026,87,LaLiga,8634,Barcelona,Defensive Midfielder,,1.0,1.17,0.89,1631.0,5.0,71.4,12.0,27.0,0.0,85.0,66.9,8.0,50.0,1.0,1.1335273757576942,0.8859309256076809,6.0,0.0,0.0359243750572205,0.0,1.0
1523234,Jon Martín,2025/2026,87,LaLiga,8560,Real Sociedad,Center Back,,2.0,1.99,1.79,2250.0,8.0,66.7,8.0,12.0,0.0,135.0,65.5,84.0,67.7,2.0,1.9842435782775283,1.7422358021140103,15.0,0.0,0.0,0.0,0.0
1327489,Kike Salas,2025/2026,87,LaLiga,8302,Sevilla,Center Back,,2.0,1.55,2.19,2203.0,8.0,61.5,7.0,20.0,1.0,177.0,63.9,96.0,69.6,1.0,1.2997929481789472,1.7613919675350194,15.0,1.0,0.2457040771842004,0.4252119027078155,4.0
1056071,Victor Parada,2025/2026,87,LaLiga,9866,Deportivo Alaves,Center Back,,0.0,1.0,0.13,2151.0,8.0,57.1,8.0,15.0,0.0,89.0,49.7,33.0,47.8,0.0,0.9694046080112446,0.1278987340629101,8.0,0.0,0.1082815546542406,0.0,4.0
727897,Dávid Hancko,2025/2026,87,LaLiga,9906,Atletico Madrid,Center Back,,0.0,1.33,1.23,2434.0,8.0,53.3,9.0,4.0,0.0,97.0,54.2,42.0,56.8,0.0,1.2699430473148825,1.25725931301713,17.0,0.0,0.08096652943640949,0.0,4.0
707970,Djibril Sow,2025/2026,87,LaLiga,8302,Sevilla,Central Midfielder,M,5.0,1.8,3.1,2195.0,7.0,50.0,8.0,29.0,0.0,96.0,51.1,15.0,33.3,5.0,1.5188641911372533,3.0645497366786016,12.0,0.0,0.28406706266105175,0.0,7.0
860314,Nahuel Tenaglia,2025/2026,87,LaLiga,9866,Deportivo Alaves,Center Back,,2.0,1.59,2.26,3239.0,10.0,43.5,9.0,42.0,1.0,166.0,58.7,48.0,49.0,2.0,1.4837147574871787,2.1986340731382374,20.0,0.0,0.08263486623764041,0.0578801222145557,4.0
1252373,Roberto Fernández,2025/2026,87,LaLiga,8558,Espanyol,Striker,F,7.0,9.31,8.72,2387.0,9.0,39.1,35.0,46.0,1.0,122.0,36.2,59.0,32.8,6.0,8.805802895726261,8.293954148888586,50.0,1.0,0.4364814786240463,0.4353798851370809,9.0
1553099,Mikel Jauregizar,2025/2026,87,LaLiga,8315,Athletic Club,Defensive Midfielder,,2.0,1.79,1.85,2843.0,10.0,34.5,30.0,34.0,0.0,158.0,46.7,46.0,56.8,0.0,0.6368118450045585,0.452234596014023,10.0,2.0,1.1515525011345744,1.39625325333327,29.0
711231,Gorka Guruzeta,2025/2026,87,LaLiga,8315,Athletic Club,Striker,F,10.0,10.46,9.94,2371.0,7.0,20.6,15.0,30.0,0.0,134.0,38.2,78.0,40.8,10.0,9.775951162950696,9.901871730573475,72.0,0.0,0.670327067375183,0.0363145284354687,12.0
1413847,Gonzalo García,2025/2026,87,LaLiga,8633,Real Madrid,Striker,F,6.0,5.37,4.9,952.0,3.0,20.0,9.0,6.0,0.0,40.0,43.5,21.0,55.3,5.0,5.2647779546678075,4.258044335991142,19.0,1.0,0.10495136678218839,0.646858155727386,2.0
430856,Takuma Asano,2025/2026,87,LaLiga,8661,Mallorca,Right Winger,,1.0,1.95,0.71,659.0,2.0,18.2,12.0,10.0,0.0,34.0,39.5,8.0,27.6,1.0,1.9382814373821031,0.713359355926514,16.0,0.0,0.0156997367739677,0.0,1.0
1191407,Aitor Paredes,2025/2026,87,LaLiga,8315,Athletic Club,Center Back,,2.0,1.11,1.95,1629.0,3.0,100.0,1.0,7.0,0.0,61.0,58.7,30.0,62.5,2.0,1.0599383153021342,1.953887045383453,10.0,0.0,0.04620610340498389,0.0,3.0
940743,Daniel Vivian,2025/2026,87,LaLiga,8315,Athletic Club,Center Back,,1.0,1.23,1.69,2563.0,5.0,83.3,15.0,17.0,0.0,107.0,48.6,31.0,44.3,0.0,1.0704198698818679,1.4723885589599606,12.0,1.0,0.1121998382732272,0.180926263332367,5.0
184521,Florian Lejeune,2025/2026,87,LaLiga,8370,Rayo Vallecano,Center Back,,2.0,2.29,3.44,3231.0,8.0,80.0,7.0,14.0,0.0,169.0,59.3,82.0,66.1,2.0,1.4112617261707783,2.467956434935332,20.0,0.0,0.8827294879592958,0.9755693105980757,30.0
169586,Leandro Cabrera,2025/2026,87,LaLiga,8558,Espanyol,Center Back,,3.0,2.78,2.82,3330.0,6.0,75.0,5.0,9.0,1.0,155.0,57.0,106.0,65.0,3.0,2.7739743189886212,2.857626922428607,39.0,0.0,0.0309999343007803,0.0,1.0
1580952,Vitor Reis,2025/2026,87,LaLiga,7732,Girona,Center Back,,1.0,1.58,1.53,3138.0,8.0,72.7,6.0,24.0,0.0,169.0,57.1,87.0,55.8,1.0,1.4690389707684512,1.5331488028168678,16.0,0.0,0.0762227028608322,0.0,3.0
952528,Adrián De La Fuente,2025/2026,87,LaLiga,8581,Levante,Center Back,,3.0,4.22,3.73,2710.0,7.0,70.0,3.0,27.0,0.0,106.0,58.9,41.0,61.2,2.0,3.6221443471729753,3.2720229178667064,21.0,1.0,0.5974958613514898,0.4628917817026374,18.0
814663,Alejandro Catena,2025/2026,87,LaLiga,8371,Osasuna,Center Back,,3.0,2.67,2.23,3073.0,6.0,54.5,4.0,14.0,0.0,141.0,53.6,81.0,57.4,3.0,2.5177520643919715,2.279115863144397,18.0,0.0,0.0266000144183636,0.0,1.0
178753,Nemanja Gudelj,2025/2026,87,LaLiga,8302,Sevilla,Center Back,,2.0,1.33,1.58,2348.0,5.0,45.5,7.0,11.0,0.0,94.0,50.5,43.0,63.2,1.0,0.46145350299775634,0.550287947058678,6.0,1.0,0.891122162342072,0.9134837165474888,25.0
956622,Óscar Valentín,2025/2026,87,LaLiga,8370,Rayo Vallecano,Defensive Midfielder,,1.0,1.01,1.65,2113.0,5.0,41.7,13.0,22.0,0.0,125.0,50.2,27.0,38.0,1.0,0.8663790524005888,1.235799282789231,7.0,0.0,0.1424874495714903,0.41504949331283597,6.0
1059657,Sergi Cardona,2025/2026,87,LaLiga,10205,Villarreal,Left Back,,1.0,1.01,0.61,1965.0,4.0,28.6,8.0,23.0,0.0,92.0,50.0,20.0,51.3,1.0,1.0041113439947364,0.7727930173277858,15.0,0.0,0.0636905375868082,0.0,3.0
474658,Álvaro Garcia,2025/2026,87,LaLiga,8370,Rayo Vallecano,Left Winger,,4.0,6.5,5.54,2105.0,4.0,25.0,9.0,12.0,1.0,55.0,38.7,13.0,29.5,4.0,5.820726476609709,5.023580428212882,34.0,0.0,0.7023841114714742,0.5191889852285385,13.0
640492,Rafa Mir,2025/2026,87,LaLiga,10268,Elche,Striker,F,8.0,8.08,8.8,1809.0,5.0,25.0,25.0,16.0,0.0,56.0,32.2,19.0,31.7,7.0,7.64382660629526,8.353801649063827,51.0,1.0,0.5659186961129309,0.46615101210772986,18.0
411617,Aymeric Laporte,2025/2026,87,LaLiga,8315,Athletic Club,Center Back,,0.0,1.62,1.44,2060.0,2.0,100.0,1.0,13.0,1.0,102.0,68.0,60.0,67.4,0.0,1.6328487973660226,1.4426703564822667,13.0,0.0,0.0654721446335316,0.0,2.0
1367619,Dean Huijsen,2025/2026,87,LaLiga,8633,Real Madrid,Center Back,,2.0,2.26,2.76,2037.0,2.0,100.0,2.0,13.0,0.0,96.0,61.9,50.0,60.2,2.0,2.1690706224180754,2.594624433666468,16.0,0.0,0.0904967579990625,0.163513600826263,4.0
1428427,Nobel Mendy,2025/2026,87,LaLiga,8370,Rayo Vallecano,Center Back,,2.0,1.58,1.07,1804.0,3.0,75.0,3.0,12.0,0.0,73.0,51.8,31.0,52.5,2.0,1.5401385184377445,1.023608028888702,8.0,0.0,0.03882107697427274,0.0440460592508316,3.0
1580528,Raúl Asencio,2025/2026,87,LaLiga,8633,Real Madrid,Center Back,,2.0,1.24,1.59,1706.0,1.0,50.0,3.0,23.0,0.0,62.0,59.0,21.0,56.8,2.0,1.2018943354487417,1.5859626680612564,12.0,0.0,0.0377631019800902,0.0,2.0
1187734,Flavien Boyomo,2025/2026,87,LaLiga,8371,Osasuna,Center Back,,1.0,1.03,1.03,2545.0,3.0,37.5,9.0,5.0,0.0,103.0,53.1,37.0,48.7,1.0,0.9334277883172037,1.028893396258354,11.0,0.0,0.0,0.0,0.0
914458,Aurélien Tchouaméni,2025/2026,87,LaLiga,8633,Real Madrid,Central Midfielder,M,1.0,2.66,1.78,2622.0,3.0,30.0,5.0,27.0,0.0,170.0,68.0,72.0,75.8,1.0,1.884714970365166,1.7679907754063597,23.0,0.0,0.7738792775198817,0.0131331011652946,22.0
839232,Fernando Calero,2025/2026,87,LaLiga,8558,Espanyol,Center Back,,0.0,1.76,0.01,2150.0,2.0,28.6,1.0,9.0,0.0,77.0,51.3,37.0,45.1,0.0,1.7298416588455443,0.0141420913860202,11.0,0.0,0.0337573885917664,0.0,1.0
940573,Eric García,2025/2026,87,LaLiga,8634,Barcelona,Center Back,,1.0,2.96,2.24,2730.0,2.0,25.0,11.0,24.0,0.0,143.0,57.2,44.0,54.3,1.0,2.795410159975291,2.1749371923506255,18.0,0.0,0.16963687073439349,0.0618040412664414,7.0
929838,Hugo Duro,2025/2026,87,LaLiga,10267,Valencia,Striker,F,10.0,8.84,7.69,1981.0,3.0,17.6,12.0,38.0,1.0,102.0,39.1,45.0,31.2,10.0,8.498551417219641,7.385431103408338,36.0,0.0,0.0,0.0,0.0
251269,Ante Budimir,2025/2026,87,LaLiga,8371,Osasuna,Striker,F,17.0,17.13,17.98,2953.0,3.0,16.7,34.0,37.0,2.0,183.0,47.0,124.0,53.2,17.0,16.400820009720324,17.236060988157988,92.0,0.0,0.5369845135137443,0.5797547092661256,11.0
1735453,Yan Diomande,2025/2026,54,Bundesliga,178475,RB Leipzig,Right Winger,,12.0,7.14,11.52,2476.0,118.0,59.9,62.0,34.0,0.0,186.0,47.4,5.0,14.7,10.0,6.4412875566631556,9.215660493820906,40.0,2.0,0.8116846475750213,2.098751425743103,13.0
1248482,Antonio Nusa,2025/2026,54,Bundesliga,178475,RB Leipzig,Left Winger,,4.0,4.41,2.99,2035.0,68.0,52.7,39.0,64.0,0.0,163.0,54.5,5.0,21.7,2.0,3.0692204385995883,2.093995308503508,31.0,2.0,1.4238843983039258,0.8595362515188756,30.0
1393672,Jean-Mattéo Bahoya,2025/2026,54,Bundesliga,9810,Eintracht Frankfurt,Left Winger,,3.0,2.04,2.82,1329.0,41.0,59.4,16.0,22.0,0.0,101.0,54.0,7.0,26.9,3.0,1.9403426172211757,2.5520610101521006,22.0,0.0,0.1577616296708582,0.0706604644656181,7.0
1029063,Michael Olise,2025/2026,54,Bundesliga,9823,Bayern München,Right Winger,,15.0,11.46,14.14,2317.0,65.0,47.1,31.0,58.0,2.0,155.0,47.0,8.0,38.1,11.0,9.367603756055235,9.820637229830028,57.0,4.0,2.228670641314237,4.058627108111978,44.0
1457626,Ibrahim Maza,2025/2026,54,Bundesliga,8178,Bayer Leverkusen,Attacking Midfielder,M,3.0,5.34,4.32,1852.0,48.0,56.5,23.0,36.0,1.0,133.0,53.8,8.0,30.8,3.0,4.711697744205594,4.179002098739146,34.0,0.0,0.6499497359618546,0.13864518702030182,20.0
1402900,Samuel Mbangula,2025/2026,54,Bundesliga,8697,Werder Bremen,Left Winger,,3.0,1.68,2.39,1170.0,30.0,55.6,21.0,23.0,2.0,75.0,49.7,6.0,27.3,2.0,1.3555527664721003,1.6529272571206088,11.0,1.0,0.2527064494788649,0.5058383941650388,6.0
860914,Luis Díaz,2025/2026,54,Bundesliga,9823,Bayern München,Left Winger,,15.0,15.1,13.56,2450.0,61.0,48.8,51.0,38.0,2.0,132.0,42.2,12.0,35.3,13.0,14.654575718566775,13.264446064829828,71.0,2.0,0.8697017752565442,0.6643538633361454,17.0
1089685,Carney Chukwuemeka,2025/2026,54,Bundesliga,9789,Borussia Dortmund,Attacking Midfielder,M,2.0,1.93,0.99,907.0,22.0,46.8,18.0,15.0,0.0,64.0,46.7,6.0,28.6,2.0,1.8192160353064544,0.98717325925827,14.0,0.0,0.1119783874601126,0.0,4.0
1073498,Patrick Wimmer,2025/2026,54,Bundesliga,8721,Wolfsburg,Left Winger,,4.0,3.12,3.26,1634.0,38.0,50.7,36.0,33.0,0.0,149.0,46.4,34.0,39.5,3.0,2.2764905160292987,2.692758813500405,16.0,1.0,0.7981620319187642,0.508556127548217,8.0
1520506,Livan Burcu,2025/2026,54,Bundesliga,8149,Union Berlin,Left Winger,,1.0,1.61,1.22,645.0,15.0,46.9,12.0,14.0,0.0,41.0,46.6,1.0,10.0,0.0,1.2798623107373714,1.063943684101105,10.0,1.0,0.312293168157339,0.15220308303833,6.0
1302666,Derry Scherhant,2025/2026,54,Bundesliga,8358,Freiburg,Left Winger,,5.0,2.58,3.58,1292.0,30.0,37.5,36.0,36.0,0.0,92.0,40.2,6.0,23.1,5.0,1.9047898110002262,3.605900233611464,24.0,0.0,0.5621941089630123,0.0846888516098261,12.0
1613676,Saïd El Mala,2025/2026,54,Bundesliga,8722,1. FC Köln,Left Winger,,13.0,11.22,11.6,1957.0,44.0,37.0,42.0,23.0,0.0,108.0,40.1,17.0,44.7,11.0,10.392577019558848,10.489940892905,57.0,2.0,1.1416627420112493,1.3089674981310973,18.0
959594,Karim Adeyemi,2025/2026,54,Bundesliga,9789,Borussia Dortmund,Attacking Midfielder,M,7.0,4.87,6.34,1196.0,27.0,36.5,20.0,25.0,1.0,64.0,38.1,7.0,46.7,6.0,4.7610216941684484,6.228340260684489,24.0,1.0,0.1452203774824738,0.18387845717370502,7.0
689065,Alexis Claude-Maurice,2025/2026,54,Bundesliga,8406,Augsburg,Attacking Midfielder,M,5.0,6.88,5.93,2107.0,44.0,53.7,48.0,42.0,0.0,144.0,47.1,18.0,33.3,2.0,4.780470779243112,2.6839423179626443,33.0,3.0,2.1663912832736965,3.193866073153914,38.0
1624586,Bazoumana Touré,2025/2026,54,Bundesliga,8226,Hoffenheim,Left Winger,,5.0,4.16,4.55,2325.0,48.0,42.9,42.0,29.0,1.0,152.0,42.3,41.0,46.6,5.0,3.895818342454732,4.463021021336318,40.0,0.0,0.2647930644452572,0.0,8.0
613260,Jean-Luc Dompé,2025/2026,54,Bundesliga,9790,Hamburger SV,Left Winger,,3.0,2.08,2.81,1136.0,21.0,56.8,9.0,9.0,0.0,35.0,51.5,,,3.0,1.71750117842257,2.470211936160921,15.0,0.0,0.3718340937048197,0.29289086442440804,10.0
1203194,Johan Bakayoko,2025/2026,54,Bundesliga,178475,RB Leipzig,Right Winger,,2.0,2.08,1.97,773.0,15.0,48.4,9.0,11.0,1.0,33.0,39.8,2.0,18.2,1.0,1.5122229345142855,1.320871017873288,12.0,1.0,0.39722581207752217,0.5446771308779714,12.0
1251666,Ernest Poku,2025/2026,54,Bundesliga,8178,Bayer Leverkusen,Attacking Midfielder,M,5.0,3.05,2.64,1484.0,28.0,42.4,30.0,17.0,0.0,61.0,37.2,3.0,14.3,3.0,2.7703042626380925,2.0640646368265148,17.0,2.0,0.28598647098988306,0.6219673519954082,10.0
1092731,Joel Chima Fujita,2025/2026,54,Bundesliga,8152,St. Pauli,Defensive Midfielder,,1.0,1.15,0.7,2671.0,47.0,55.3,34.0,19.0,0.0,148.0,47.4,14.0,40.0,1.0,0.6538447579368949,0.461363099515438,7.0,0.0,0.6998407533392306,0.4679355993866921,24.0
892679,Chris Führich,2025/2026,54,Bundesliga,10269,VfB Stuttgart,Left Winger,,7.0,4.26,7.19,1705.0,28.0,58.3,18.0,6.0,0.0,53.0,47.7,4.0,30.8,5.0,3.4952138634398566,5.681118916720151,25.0,2.0,0.7624470256268974,1.5230303201824436,20.0
1737700,Lennart Karl,2025/2026,54,Bundesliga,9823,Bayern München,Right Winger,,5.0,7.59,5.43,1282.0,22.0,33.3,19.0,11.0,1.0,59.0,36.6,2.0,14.3,4.0,6.636724861338735,4.036036806181074,25.0,1.0,0.821704477071762,1.419503930956125,17.0
1520063,Johan Manzambi,2025/2026,54,Bundesliga,8358,Freiburg,Defensive Midfielder,,5.0,3.85,2.58,2094.0,33.0,52.4,31.0,78.0,1.0,179.0,58.9,33.0,55.0,2.0,3.1783829797059306,1.673191100358963,31.0,3.0,0.7552850041538476,1.0139474160969253,20.0
1185902,Jens Castrop,2025/2026,54,Bundesliga,9788,Borussia Mönchengladbach,Left Wing-Back,,3.0,3.73,3.2,1592.0,25.0,37.9,19.0,26.0,0.0,122.0,51.5,13.0,54.2,2.0,3.765215484425427,2.5989534482359886,25.0,1.0,0.17353872209787358,0.5642006788402792,5.0
869298,Nikolas Nartey,2025/2026,54,Bundesliga,10269,VfB Stuttgart,Attacking Midfielder,M,4.0,2.52,5.6,1256.0,18.0,66.7,9.0,23.0,0.0,93.0,58.5,38.0,60.3,4.0,2.346892533823848,5.57628958672285,18.0,0.0,0.19168885797262192,0.0188711564987898,4.0
1107423,Isaac Schmidt,2025/2026,54,Bundesliga,8697,Werder Bremen,Left Midfielder,,1.0,1.01,1.07,677.0,10.0,58.8,4.0,3.0,0.0,45.0,57.7,16.0,69.6,0.0,0.1692109033465385,0.0720631331205368,2.0,1.0,0.8369569526985288,0.994821548461914,3.0
966019,Felix Nmecha,2025/2026,54,Bundesliga,9789,Borussia Dortmund,Defensive Midfielder,,2.0,3.62,2.4,2184.0,31.0,57.4,15.0,22.0,0.0,117.0,55.2,27.0,62.8,1.0,2.707834234499932,1.91058449447155,14.0,1.0,0.9156296253204343,0.484952419996262,19.0
1486541,Assan Ouédraogo,2025/2026,54,Bundesliga,178475,RB Leipzig,Central Midfielder,M,4.0,2.39,3.76,954.0,14.0,53.8,22.0,22.0,0.0,50.0,51.0,6.0,46.2,1.0,1.8584918957203644,1.6211215965449826,12.0,3.0,0.8516078684478998,2.139751777052879,15.0
1025462,Fábio Vieira,2025/2026,54,Bundesliga,9790,Hamburger SV,Central Midfielder,M,7.0,4.65,3.98,2215.0,32.0,53.3,21.0,44.0,0.0,106.0,52.5,10.0,31.2,5.0,3.209475517311692,2.612245155498385,24.0,2.0,1.461519174277783,1.5936757046729326,35.0
877700,Nathan Tella,2025/2026,54,Bundesliga,8178,Bayer Leverkusen,Attacking Midfielder,M,1.0,2.8,1.82,871.0,13.0,50.0,13.0,19.0,2.0,53.0,47.7,9.0,47.4,1.0,2.60337158665061,1.816804677248001,19.0,0.0,0.2042015008628368,0.0,5.0
629805,Ritsu Doan,2025/2026,54,Bundesliga,9810,Eintracht Frankfurt,Right Winger,,5.0,3.36,5.62,2379.0,34.0,42.5,48.0,34.0,0.0,132.0,42.3,21.0,35.6,4.0,2.8355905395001177,4.381017167121173,24.0,1.0,0.5590930161997673,1.4515829272568221,17.0
1050158,Fábio Silva,2025/2026,54,Bundesliga,9789,Borussia Dortmund,Striker,F,2.0,2.64,1.9,805.0,12.0,41.4,15.0,10.0,0.0,43.0,33.1,14.0,29.2,2.0,2.617914360016584,1.901278322562574,22.0,0.0,0.0247449576854706,0.0,1.0
194165,Harry Kane,2025/2026,54,Bundesliga,9823,Bayern München,Striker,F,36.0,26.87,31.31,2382.0,32.0,62.7,32.0,32.0,2.0,126.0,52.7,43.0,61.4,30.0,25.615855540484183,28.589385524392128,95.0,6.0,1.037138091400265,2.4236932359635825,24.0
1109171,Yan Couto,2025/2026,54,Bundesliga,9789,Borussia Dortmund,Right Wing-Back,,2.0,1.01,1.84,993.0,13.0,52.0,13.0,13.0,0.0,48.0,45.3,2.0,20.0,2.0,0.9444093741476542,1.8457683473825455,7.0,0.0,0.08308174321427943,0.0,2.0
1367614,Nelson Weiper,2025/2026,54,Bundesliga,9905,Mainz 05,Striker,F,0.0,2.78,2.65,540.0,7.0,50.0,14.0,3.0,0.0,47.0,37.6,34.0,42.0,0.0,3.426323030143977,2.541809454560279,13.0,0.0,0.0,0.0,0.0
385437,Serge Gnabry,2025/2026,54,Bundesliga,9823,Bayern München,Attacking Midfielder,M,8.0,6.26,5.64,1228.0,16.0,47.1,14.0,6.0,0.0,40.0,41.7,,,8.0,5.721744411624968,5.560004897415638,33.0,0.0,0.6184695283882322,0.13984315097332012,17.0
1310103,Anton Kade,2025/2026,54,Bundesliga,8406,Augsburg,Attacking Midfielder,M,6.0,6.35,6.78,1746.0,24.0,46.2,24.0,18.0,2.0,109.0,45.4,36.0,41.9,6.0,5.976718926802278,6.154436506330966,38.0,0.0,0.3150095222517848,0.25097032543271813,10.0
1074968,Jamie Leweling,2025/2026,54,Bundesliga,10269,VfB Stuttgart,Left Winger,,7.0,4.31,5.06,2375.0,31.0,45.6,38.0,44.0,0.0,109.0,48.2,12.0,41.4,5.0,3.353356916457415,4.067521497607231,21.0,2.0,0.9415785418823361,0.862851089797913,28.0
1367924,Can Uzun,2025/2026,54,Bundesliga,9810,Eintracht Frankfurt,Attacking Midfielder,M,8.0,3.93,6.87,1164.0,16.0,40.0,25.0,26.0,0.0,63.0,45.7,6.0,54.5,7.0,3.2207902390897263,5.903442546725273,20.0,1.0,0.7121035372838378,1.0368049032986166,21.0
1164506,Tiago Tomás,2025/2026,54,Bundesliga,10269,VfB Stuttgart,Right Winger,,5.0,5.97,4.08,1013.0,13.0,38.2,17.0,29.0,2.0,67.0,47.9,10.0,32.3,5.0,5.5154484817758185,4.07340125180781,27.0,0.0,0.3396169147454205,0.0,8.0
1515977,Ilyas Ansah,2025/2026,54,Bundesliga,8149,Union Berlin,Attacking Midfielder,M,5.0,3.25,2.85,1902.0,25.0,34.7,63.0,43.0,1.0,101.0,33.8,17.0,24.3,3.0,2.492685224860906,2.301730394363402,19.0,2.0,0.6088231438770897,0.5426554437726745,14.0
620027,Xaver Schlager,2025/2026,54,Bundesliga,178475,RB Leipzig,Central Midfielder,M,3.0,2.11,2.79,1837.0,22.0,68.8,26.0,16.0,0.0,96.0,52.5,23.0,63.9,3.0,1.9289185144007213,2.7946761492639776,15.0,0.0,0.1802084874361753,0.0,6.0
1027194,Alexander Prass,2025/2026,54,Bundesliga,8226,Hoffenheim,Left Midfielder,,3.0,1.19,3.77,1297.0,16.0,53.3,26.0,21.0,0.0,84.0,46.9,15.0,65.2,1.0,0.8012060448527335,2.3457175865769386,8.0,2.0,0.3742504827678204,1.2792934589087959,10.0
614449,Nadiem Amiri,2025/2026,54,Bundesliga,9905,Mainz 05,Central Midfielder,M,12.0,10.4,12.66,2090.0,25.0,51.0,26.0,26.0,1.0,94.0,50.3,12.0,52.2,12.0,9.638128811803462,11.753519505262375,32.0,0.0,0.7507473398000004,0.8997667208313951,23.0
557805,Mathias Honsak,2025/2026,54,Bundesliga,94937,FC Heidenheim,Left Winger,,2.0,3.17,3.31,1248.0,15.0,39.5,24.0,15.0,0.0,66.0,42.0,16.0,40.0,2.0,2.5482294028624892,3.2444518879055972,21.0,0.0,0.5561450971290464,0.0221451874822378,10.0
749488,Romano Schmid,2025/2026,54,Bundesliga,8697,Werder Bremen,Attacking Midfielder,M,4.0,7.83,6.75,2988.0,37.0,37.8,55.0,31.0,0.0,131.0,39.0,17.0,27.9,3.0,7.1884863787949085,6.509406786411999,32.0,1.0,0.7838102849200367,0.5145629905164243,25.0
1353000,Adam Daghim,2025/2026,54,Bundesliga,8721,Wolfsburg,Right Winger,,2.0,2.48,2.45,1357.0,17.0,34.7,18.0,23.0,0.0,85.0,44.5,19.0,44.2,2.0,2.4289379958063373,2.370289772748947,22.0,0.0,0.1981873251497745,0.170421585440636,5.0
978680,Han-Noah Massengo,2025/2026,54,Bundesliga,8406,Augsburg,Defensive Midfielder,,2.0,1.29,1.87,2435.0,26.0,63.4,22.0,23.0,0.0,107.0,53.0,17.0,41.5,2.0,0.8791311951354137,1.726836606860161,9.0,0.0,0.43573814630508434,0.142226845026016,11.0
516846,Julian Brandt,2025/2026,54,Bundesliga,9789,Borussia Dortmund,Attacking Midfielder,M,7.0,5.7,7.0,1607.0,18.0,52.9,19.0,5.0,0.0,60.0,46.2,23.0,53.5,7.0,5.065815368667247,6.093547351658341,27.0,0.0,0.6705242469906807,0.6175818964838979,10.0
1134467,Yuito Suzuki,2025/2026,54,Bundesliga,8358,Freiburg,Attacking Midfielder,M,4.0,3.86,4.16,1636.0,18.0,52.9,35.0,10.0,0.0,57.0,37.7,9.0,30.0,4.0,3.279617823660375,3.5024939626455307,20.0,0.0,0.6031344821676613,0.5381244886666533,18.0
1453218,Mert Kömür,2025/2026,54,Bundesliga,8406,Augsburg,Attacking Midfielder,M,2.0,3.42,3.92,1462.0,17.0,42.5,24.0,19.0,0.0,64.0,33.3,14.0,23.7,2.0,3.3472451018169513,3.1310021057724953,25.0,0.0,0.583748433738947,1.1059090225026007,18.0
674242,Budu Zivzivadze,2025/2026,54,Bundesliga,94937,FC Heidenheim,Striker,F,6.0,5.32,6.55,1146.0,13.0,41.9,17.0,13.0,0.0,56.0,35.0,16.0,26.7,6.0,5.159652082249522,6.133898958563805,22.0,0.0,0.17715483717620362,0.270938041619957,6.0
1137364,Justin Njinmah,2025/2026,54,Bundesliga,8697,Werder Bremen,Striker,F,5.0,6.71,7.59,1955.0,21.0,38.2,13.0,25.0,0.0,86.0,50.6,17.0,44.7,5.0,5.887839833274482,6.6597512178123,47.0,0.0,0.8491177512332791,0.6317385341972106,15.0
1197347,Nicolas Jackson,2025/2026,54,Bundesliga,9823,Bayern München,Striker,F,8.0,7.26,7.85,1004.0,11.0,36.7,16.0,10.0,1.0,36.0,36.7,7.0,46.7,8.0,6.928333111107351,7.763129692524672,30.0,0.0,0.33194693643599765,0.09036435931921,8.0
1191741,Armindo Sieb,2025/2026,54,Bundesliga,9905,Mainz 05,Striker,F,2.0,2.22,2.33,534.0,6.0,33.3,19.0,2.0,0.0,27.0,27.8,12.0,35.3,2.0,2.263293657451868,2.301453776657581,16.0,0.0,0.0824241675436497,0.0,2.0
1253852,Castello Lukeba,2025/2026,54,Bundesliga,178475,RB Leipzig,Center Back,,1.0,1.16,1.01,2177.0,22.0,75.9,3.0,12.0,0.0,95.0,63.3,31.0,50.0,1.0,1.07292784564197,0.98948085308075,5.0,0.0,0.0901037883013487,0.0167714804410934,3.0
956913,Marvin Pieringer,2025/2026,54,Bundesliga,94937,FC Heidenheim,Striker,F,4.0,5.84,3.87,1653.0,16.0,55.2,19.0,27.0,1.0,125.0,46.6,64.0,48.5,4.0,5.572628483214975,3.375640202313661,23.0,0.0,0.374171051196754,0.0,9.0
1024292,Marco Grüll,2025/2026,54,Bundesliga,8697,Werder Bremen,Striker,F,3.0,3.6,2.51,2011.0,21.0,48.8,30.0,27.0,0.0,101.0,43.9,15.0,37.5,3.0,2.958466967567802,2.074881866574287,25.0,0.0,0.7281199395656586,0.5667127091437585,18.0
670009,Dimitrios Giannoulis,2025/2026,54,Bundesliga,8406,Augsburg,Left Wing-Back,,2.0,1.17,1.91,1901.0,19.0,45.2,5.0,20.0,0.0,78.0,53.8,12.0,42.9,2.0,0.9464439712464807,1.9081692248582842,7.0,0.0,0.1759259030222894,0.0,3.0
1327150,Arijon Ibrahimovic,2025/2026,54,Bundesliga,94937,FC Heidenheim,Attacking Midfielder,M,2.0,6.31,5.79,2181.0,23.0,45.1,19.0,27.0,0.0,109.0,43.8,26.0,38.8,2.0,5.522153917738795,4.532066754996777,31.0,0.0,0.9565054532140487,1.4302519382908931,16.0
540073,Gian-Luca Waldschmidt,2025/2026,54,Bundesliga,8722,1. FC Köln,Right Winger,,5.0,5.54,5.53,666.0,7.0,43.8,5.0,6.0,0.0,31.0,47.0,10.0,58.8,5.0,4.927454777139425,4.74500962346792,18.0,0.0,0.47827084548771365,0.5548472697846591,8.0
288406,Alejandro Grimaldo,2025/2026,54,Bundesliga,8178,Bayer Leverkusen,Left Wing-Back,,8.0,6.65,6.58,2524.0,25.0,41.0,27.0,29.0,0.0,113.0,46.3,10.0,24.4,5.0,5.095210695755483,5.078963205218316,19.0,3.0,1.680051586590707,1.6432152269408111,41.0
1242757,William Mikelbrencis,2025/2026,54,Bundesliga,9790,Hamburger SV,Right Midfielder,,0.0,1.14,0.94,1371.0,13.0,40.6,20.0,5.0,0.0,62.0,43.1,10.0,43.5,0.0,1.1165849175304183,0.9365713745355612,10.0,0.0,0.046186581254005404,0.0,2.0
1175939,Paul Nebel,2025/2026,54,Bundesliga,9905,Mainz 05,Central Midfielder,M,5.0,5.26,4.39,2076.0,20.0,40.0,24.0,20.0,0.0,103.0,41.5,14.0,24.6,5.0,5.272495295852423,4.624305315315724,30.0,0.0,0.07633579894900319,0.0,2.0
1403332,Aljoscha Kemlein,2025/2026,54,Bundesliga,8149,Union Berlin,Defensive Midfielder,,0.0,1.18,0.64,1967.0,17.0,70.8,17.0,11.0,0.0,98.0,52.4,31.0,60.8,0.0,0.7976691536605365,0.504452109336853,7.0,0.0,0.38216544687747944,0.133032605051994,10.0
759817,Miro Muheim,2025/2026,54,Bundesliga,9790,Hamburger SV,Left Midfielder,,0.0,1.19,0.88,2437.0,21.0,67.7,12.0,50.0,0.0,150.0,57.0,18.0,41.9,0.0,0.6326508410274987,0.39550434425473235,7.0,0.0,0.5365888951346282,0.3879667734727258,16.0
1033111,Kaishu Sano,2025/2026,54,Bundesliga,9905,Mainz 05,Central Midfielder,M,1.0,1.36,1.39,3059.0,28.0,66.7,18.0,30.0,0.0,183.0,62.7,74.0,61.2,0.0,0.8058379292488101,0.583990231156349,8.0,1.0,0.6532497927546499,0.5494788214564318,16.0
173461,Andrej Kramaric,2025/2026,54,Bundesliga,8226,Hoffenheim,Attacking Midfielder,M,14.0,11.89,16.72,2222.0,19.0,57.6,31.0,14.0,0.0,46.0,40.0,5.0,27.8,14.0,10.873866180151701,15.253849237225952,43.0,0.0,1.0648211091756825,0.7914451379328971,21.0
1287373,Jobe Bellingham,2025/2026,54,Bundesliga,9789,Borussia Dortmund,Defensive Midfielder,,0.0,1.08,0.74,1784.0,15.0,48.4,26.0,20.0,0.0,103.0,55.4,24.0,57.1,0.0,0.473269745707512,0.0,5.0,0.0,0.6080404473468661,0.7379328887909646,14.0
762721,Lovro Majer,2025/2026,54,Bundesliga,8721,Wolfsburg,Attacking Midfielder,M,2.0,3.09,2.13,1373.0,12.0,48.0,20.0,21.0,0.0,71.0,42.0,12.0,36.4,2.0,2.8577202409505835,1.957633748650551,18.0,0.0,0.3681907784193755,0.333105519413948,9.0
1174726,Rocco Reitz,2025/2026,54,Bundesliga,9788,Borussia Mönchengladbach,Defensive Midfielder,,0.0,2.57,1.35,2636.0,24.0,47.1,36.0,55.0,0.0,171.0,52.9,25.0,53.2,0.0,1.662974560633302,0.3061532694846395,20.0,0.0,0.8838526080362495,1.0442590704187749,27.0
959696,Joseph Scally,2025/2026,54,Bundesliga,9788,Borussia Mönchengladbach,Right Wing-Back,,2.0,1.27,2.88,2611.0,24.0,44.4,25.0,51.0,0.0,153.0,51.5,30.0,44.8,2.0,1.2160524874925618,2.872684858739375,11.0,0.0,0.1901835966855288,0.0631512682884931,5.0
930035,Linton Maina,2025/2026,54,Bundesliga,8722,1. FC Köln,Right Winger,,2.0,1.35,1.84,1021.0,9.0,42.9,11.0,7.0,0.0,26.0,36.1,1.0,20.0,0.0,0.9753661379218114,1.352133870124816,11.0,2.0,0.386030815541744,0.500799540430308,9.0
1047667,Maximilian Beier,2025/2026,54,Bundesliga,9789,Borussia Dortmund,Attacking Midfielder,M,9.0,7.35,8.91,2036.0,18.0,37.5,32.0,24.0,3.0,92.0,38.2,24.0,37.5,9.0,7.5251526618376365,8.512080498039722,40.0,0.0,0.4152969969436525,0.44520788267254785,10.0
864157,Jan-Niklas Beste,2025/2026,54,Bundesliga,8358,Freiburg,Right Winger,,2.0,3.44,4.35,1709.0,15.0,36.6,18.0,36.0,0.0,97.0,49.7,6.0,24.0,2.0,3.2663844618946314,3.3918518647551545,17.0,0.0,0.2499045338481665,1.032959675416351,7.0
1243571,Andréas Hountondji,2025/2026,54,Bundesliga,8152,St. Pauli,Striker,F,4.0,4.27,4.47,1075.0,9.0,33.3,15.0,6.0,0.0,33.0,23.7,11.0,15.1,4.0,4.659377239683269,4.549150336533787,18.0,0.0,0.1458022948354483,0.0244807880371809,3.0
1079892,Rayan Philippe,2025/2026,54,Bundesliga,9790,Hamburger SV,Right Winger,,5.0,5.2,5.82,1285.0,12.0,32.4,13.0,9.0,0.0,48.0,32.4,7.0,17.1,5.0,4.843605302312971,5.105570428073406,29.0,0.0,0.37284963484853484,0.7140014879405493,10.0
1319717,Keke Topp,2025/2026,54,Bundesliga,8697,Werder Bremen,Striker,F,1.0,2.04,1.62,629.0,5.0,55.6,11.0,7.0,0.0,43.0,37.4,23.0,39.0,1.0,1.8472317904233932,1.6243091076612481,20.0,0.0,0.1883793845772743,0.0,5.0
1067260,Jakub Kaminski,2025/2026,54,Bundesliga,8722,1. FC Köln,Attacking Midfielder,M,7.0,7.06,7.91,3019.0,24.0,49.0,40.0,28.0,2.0,111.0,44.9,14.0,28.6,7.0,6.347487879917027,7.423111092299223,46.0,0.0,0.7724384721368549,0.0,17.0
725398,Mathias Pereira Lage,2025/2026,54,Bundesliga,8152,St. Pauli,Attacking Midfielder,M,2.0,4.33,2.76,2030.0,15.0,48.4,23.0,32.0,0.0,128.0,45.1,45.0,38.8,1.0,3.803375998511909,2.387824308127165,27.0,1.0,0.4669308532029388,0.1456620655953883,16.0
1161211,Fabian Rieder,2025/2026,54,Bundesliga,8406,Augsburg,Attacking Midfielder,M,6.0,4.19,5.01,2352.0,19.0,43.2,28.0,38.0,0.0,107.0,40.1,14.0,25.9,5.0,3.269348865452409,4.834317471832038,16.0,1.0,0.941300491802395,0.153671552427113,22.0
770136,Martin Terrier,2025/2026,54,Bundesliga,8178,Bayer Leverkusen,Attacking Midfielder,M,4.0,2.55,3.39,672.0,5.0,41.7,5.0,13.0,0.0,36.0,59.0,7.0,46.7,4.0,2.456562228477001,3.3875694274902335,15.0,0.0,0.11008782312273979,0.0,2.0
1175708,Ansgar Knauff,2025/2026,54,Bundesliga,9810,Eintracht Frankfurt,Right Winger,,4.0,3.78,4.52,1322.0,11.0,40.7,15.0,12.0,0.0,49.0,32.5,13.0,27.7,4.0,3.431328903883697,4.382254019379615,26.0,0.0,0.3424526266753674,0.0,9.0
1210893,Igor Matanovic,2025/2026,54,Bundesliga,8358,Freiburg,Striker,F,11.0,9.24,9.64,1561.0,12.0,40.0,24.0,22.0,0.0,140.0,44.6,83.0,51.9,11.0,9.34460187897384,8.857717536389828,43.0,0.0,0.2781680701300502,0.154192715883255,9.0
1146376,Eren Dinkçi,2025/2026,54,Bundesliga,8358,Freiburg,Right Winger,,3.0,3.97,5.17,1380.0,11.0,39.3,13.0,5.0,1.0,45.0,38.5,4.0,28.6,3.0,3.50493934378028,5.170471578836442,19.0,0.0,0.5049662413075571,0.0,10.0
1124825,Tim Lemperle,2025/2026,54,Bundesliga,8226,Hoffenheim,Striker,F,8.0,8.4,7.27,1959.0,15.0,37.5,21.0,16.0,1.0,89.0,34.4,37.0,43.0,7.0,7.971246559211613,6.849311400204899,44.0,1.0,0.4083274155855179,0.423993222415447,9.0
909907,Cameron Puertas,2025/2026,54,Bundesliga,8697,Werder Bremen,Central Midfielder,M,1.0,1.82,1.11,1853.0,15.0,36.6,27.0,22.0,0.0,110.0,44.7,13.0,36.1,1.0,0.885085312649607,0.6556542366743086,14.0,0.0,0.9485839735716582,0.360957447439432,23.0
490489,Robert Glatzel,2025/2026,54,Bundesliga,9790,Hamburger SV,Striker,F,3.0,2.68,3.08,608.0,5.0,35.7,11.0,13.0,1.0,35.0,41.2,16.0,42.1,3.0,2.6563377287626273,3.0172812044620523,15.0,0.0,0.0257353745400906,0.0895106419920921,1.0
1134206,Mohamed Amoura,2025/2026,54,Bundesliga,8721,Wolfsburg,Striker,F,8.0,8.6,7.43,1927.0,16.0,34.0,17.0,11.0,2.0,90.0,39.0,25.0,35.7,8.0,7.5778492354244,7.401101283729076,37.0,0.0,0.9741099714301525,0.1095690056681633,23.0
331542,Jonas Hofmann,2025/2026,54,Bundesliga,8178,Bayer Leverkusen,Attacking Midfielder,M,2.0,1.63,2.76,1009.0,7.0,63.6,7.0,9.0,1.0,33.0,55.0,4.0,44.4,2.0,1.3056564703583717,1.8458819687366481,11.0,0.0,0.35544627346098434,0.9172111582010986,12.0
614384,Maximilian Mittelstädt,2025/2026,54,Bundesliga,10269,VfB Stuttgart,Left Back,,6.0,4.4,5.06,2189.0,14.0,63.6,14.0,26.0,0.0,143.0,65.0,36.0,60.0,5.0,3.9366137535929693,4.129116222262383,16.0,1.0,0.46691649593412854,0.9353467822074889,15.0
369742,Jackson Irvine,2025/2026,54,Bundesliga,8152,St. Pauli,Defensive Midfielder,,0.0,1.44,1.61,1624.0,10.0,55.6,12.0,12.0,0.0,103.0,52.0,47.0,50.0,0.0,1.210799569264054,1.4302921444177623,14.0,0.0,0.2298256997019053,0.177267611026764,5.0
1345875,Farès Chaïbi,2025/2026,54,Bundesliga,9810,Eintracht Frankfurt,Defensive Midfielder,,2.0,2.83,2.33,1797.0,11.0,50.0,16.0,21.0,0.0,86.0,50.6,23.0,46.0,2.0,2.0900173205882315,1.9269295521080492,17.0,0.0,0.7473651859909294,0.4057285599410536,18.0
764507,Florian Neuhaus,2025/2026,54,Bundesliga,9788,Borussia Mönchengladbach,Attacking Midfielder,M,0.0,1.06,0.54,934.0,6.0,50.0,14.0,9.0,0.0,29.0,39.2,2.0,22.2,0.0,0.6303539555519823,0.408972918987275,10.0,0.0,0.4170243851840496,0.09218133613467216,12.0
836726,András Schäfer,2025/2026,54,Bundesliga,8149,Union Berlin,Defensive Midfielder,,2.0,1.97,2.54,1420.0,9.0,47.4,11.0,23.0,0.0,100.0,49.5,28.0,48.3,0.0,1.616970855742693,1.2892527431249632,14.0,2.0,0.3496575988829133,1.2213105596601963,13.0
936140,Sebastian Sebulonsen,2025/2026,54,Bundesliga,8722,1. FC Köln,Center Back,,0.0,1.55,0.49,2505.0,18.0,46.2,16.0,9.0,0.0,100.0,52.6,29.0,52.7,0.0,1.2408160557970396,0.2334566563367842,19.0,0.0,0.2945401445031167,0.25348392874002407,12.0
806669,David Raum,2025/2026,54,Bundesliga,178475,RB Leipzig,Left Back,,3.0,2.2,2.6,2556.0,16.0,44.4,5.0,17.0,0.0,97.0,48.5,16.0,43.2,2.0,1.377247376406193,1.88680762425065,10.0,1.0,0.7711677644401788,0.7381851077079771,14.0
556029,Marius Wolf,2025/2026,54,Bundesliga,8406,Augsburg,Right Wing-Back,,1.0,1.08,1.4,1013.0,7.0,43.8,5.0,2.0,0.0,35.0,46.7,7.0,41.2,1.0,1.0032320916652677,1.265970848500729,11.0,0.0,0.0788559261709452,0.130629122257233,3.0
1395447,Nathaniel Brown,2025/2026,54,Bundesliga,9810,Eintracht Frankfurt,Left Back,,4.0,2.52,2.73,2657.0,17.0,43.6,24.0,33.0,0.0,140.0,55.6,9.0,30.0,3.0,2.3346372246742257,2.7931637912988663,10.0,1.0,0.2427669707685709,0.1494291126728058,8.0
1219540,Fisnik Asllani,2025/2026,54,Bundesliga,8226,Hoffenheim,Striker,F,10.0,8.28,9.6,2354.0,17.0,42.5,31.0,37.0,1.0,94.0,37.0,24.0,26.4,8.0,7.513652385212482,7.64149643480778,53.0,2.0,0.8250507675111292,2.1225977949798107,20.0
1281090,Philipp Treu,2025/2026,54,Bundesliga,8358,Freiburg,Right Back,,1.0,1.19,1.3,2188.0,15.0,41.7,11.0,37.0,0.0,108.0,53.2,13.0,30.2,1.0,0.9385632537305355,1.0897598378360274,10.0,0.0,0.2701613977551459,0.207146108150482,7.0
526827,Konrad Laimer,2025/2026,54,Bundesliga,9823,Bayern München,Right Back,,3.0,2.42,3.2,1997.0,14.0,38.9,18.0,9.0,0.0,84.0,42.0,15.0,36.6,3.0,2.229295389726758,3.0920192115008827,12.0,0.0,0.20637571252882483,0.105513609945774,5.0
686315,Phillip Tietz,2025/2026,54,Bundesliga,8406,Augsburg,Striker,F,6.0,8.87,8.27,1807.0,12.0,38.7,33.0,25.0,1.0,139.0,41.2,94.0,47.2,6.0,8.843971592412888,7.661078888922928,44.0,0.0,0.2914040545001625,0.617608457803726,8.0
1121170,Ransford Königsdörffer,2025/2026,54,Bundesliga,9790,Hamburger SV,Striker,F,5.0,7.69,6.93,2351.0,15.0,37.5,25.0,32.0,0.0,99.0,40.1,46.0,39.7,4.0,7.202946838961543,6.422928609885275,53.0,1.0,0.5159270456060762,0.6782854441553355,12.0
1112702,Arkadiusz Pyrka,2025/2026,54,Bundesliga,8152,St. Pauli,Right Wing-Back,,0.0,1.07,0.05,2580.0,16.0,36.4,15.0,31.0,0.0,99.0,48.8,13.0,27.7,0.0,0.7950493898242708,0.0143201807513833,9.0,0.0,0.2760691056028008,0.038042813539505,10.0
1126058,Malik Tillman,2025/2026,54,Bundesliga,8178,Bayer Leverkusen,Attacking Midfielder,M,6.0,4.62,5.26,1677.0,11.0,34.4,30.0,29.0,1.0,104.0,51.5,26.0,63.4,5.0,3.295148083940148,4.319011539220809,24.0,1.0,1.349197093397379,0.958679467439651,10.0
1282582,Tom Rothe,2025/2026,54,Bundesliga,8149,Union Berlin,Center Back,,2.0,1.15,1.33,1023.0,7.0,31.8,13.0,6.0,0.0,59.0,45.4,26.0,61.9,2.0,1.1263178205117579,1.331927321851253,17.0,0.0,0.0187685508280992,0.0,1.0
609504,Oliver Burke,2025/2026,54,Bundesliga,8149,Union Berlin,Striker,F,6.0,5.18,5.11,1675.0,11.0,31.4,20.0,8.0,0.0,61.0,38.4,30.0,45.5,5.0,4.475902723148466,5.66094955801964,26.0,1.0,0.7989993067458274,0.4820391237735746,7.0
343748,Leon Goretzka,2025/2026,54,Bundesliga,9823,Bayern München,Defensive Midfielder,,5.0,4.8,4.47,1954.0,11.0,78.6,15.0,16.0,0.0,78.0,48.8,22.0,37.3,4.0,4.216261139139534,3.6243469156324855,20.0,1.0,0.6919603813439605,0.746374249458313,15.0
1002058,Nico Schlotterbeck,2025/2026,54,Bundesliga,9789,Borussia Dortmund,Center Back,,5.0,3.72,4.21,2520.0,15.0,65.2,15.0,27.0,1.0,158.0,62.0,66.0,62.9,5.0,3.445616520009936,4.312445040792226,25.0,0.0,0.28578031156212097,0.0,7.0
240537,Danny da Costa,2025/2026,54,Bundesliga,9905,Mainz 05,Center Back,,2.0,1.6,1.92,2697.0,15.0,62.5,10.0,24.0,0.0,131.0,57.5,50.0,54.3,2.0,1.3822887716814873,1.8457244783639908,8.0,0.0,0.24005501763895157,0.0774864107370376,6.0
950824,Josip Stanisic,2025/2026,54,Bundesliga,9823,Bayern München,Right Back,,2.0,1.36,1.27,1855.0,10.0,62.5,8.0,11.0,1.0,73.0,56.6,25.0,59.5,2.0,1.3637706991285092,1.2754065990448,7.0,0.0,0.0,0.0,0.0
400625,Vincenzo Grifo,2025/2026,54,Bundesliga,8358,Freiburg,Left Winger,,7.0,5.74,6.43,1716.0,10.0,62.5,14.0,12.0,0.0,38.0,46.9,6.0,60.0,6.0,5.118711114084722,5.970160007476807,16.0,1.0,0.622117530554533,0.3415763601660734,14.0
1071186,Angelo Stiller,2025/2026,54,Bundesliga,10269,VfB Stuttgart,Defensive Midfielder,,2.0,3.08,3.78,2744.0,14.0,58.3,19.0,44.0,0.0,140.0,58.1,33.0,46.5,2.0,2.8273425661414877,3.772907078266144,11.0,0.0,0.2541032042354344,0.0100353434681892,6.0
1705081,Christian Kofane,2025/2026,54,Bundesliga,8178,Bayer Leverkusen,Striker,F,5.0,6.8,6.2,1235.0,7.0,58.3,18.0,17.0,1.0,68.0,42.8,32.0,44.4,4.0,6.410348106956484,5.413116570764781,38.0,1.0,0.5088345203548669,0.6197876185178756,8.0
528811,Jens Stage,2025/2026,54,Bundesliga,8697,Werder Bremen,Defensive Midfielder,,10.0,6.08,8.61,2468.0,13.0,52.0,13.0,30.0,0.0,145.0,54.7,61.0,64.2,8.0,5.396984688937662,7.440781030803919,42.0,2.0,0.7557121347635983,1.1654959768056872,14.0
1107620,Jarell Quansah,2025/2026,54,Bundesliga,8178,Bayer Leverkusen,Center Back,,4.0,2.84,4.26,2302.0,14.0,51.9,11.0,21.0,0.0,103.0,59.9,41.0,60.3,4.0,2.693436458706858,4.121529266238213,13.0,0.0,0.1785859316587448,0.0544041395187378,5.0
1286183,Tom Bischof,2025/2026,54,Bundesliga,9823,Bayern München,Left Back,,3.0,1.83,0.65,1294.0,7.0,50.0,7.0,9.0,0.0,53.0,53.5,11.0,73.3,0.0,0.8932897616177806,0.0,7.0,3.0,0.9070435238838195,0.6477934047579763,23.0
448540,Serhou Guirassy,2025/2026,54,Bundesliga,9789,Borussia Dortmund,Striker,F,17.0,17.56,18.82,2348.0,12.0,46.2,31.0,36.0,2.0,144.0,47.8,95.0,56.2,16.0,17.760039882850645,18.834150709211826,73.0,1.0,0.4599021412432194,0.1816977672278881,11.0
772193,Ragnar Ache,2025/2026,54,Bundesliga,8722,1. FC Köln,Striker,F,7.0,10.34,10.81,1725.0,9.0,45.0,24.0,29.0,1.0,177.0,52.7,128.0,55.2,7.0,9.907672918401657,10.665514063090086,44.0,0.0,0.3815500289201736,0.3983568586409088,8.0
1185609,Robin Fellhauer,2025/2026,54,Bundesliga,8406,Augsburg,Right Wing-Back,,3.0,2.79,3.07,2810.0,15.0,44.1,14.0,33.0,0.0,144.0,52.4,41.0,47.7,3.0,2.5945374760776745,3.1490079909563065,21.0,0.0,0.27918455284088844,0.0585196875035763,9.0
860260,Derrick Köhn,2025/2026,54,Bundesliga,8149,Union Berlin,Left Wing-Back,,1.0,2.15,1.11,1902.0,11.0,42.3,23.0,16.0,0.0,67.0,44.1,6.0,50.0,1.0,1.731062231624126,1.0880453120917077,15.0,0.0,0.43735254555940617,0.0260135307908058,13.0
949673,Woo-Yeong Jeong,2025/2026,54,Bundesliga,8149,Union Berlin,Attacking Midfielder,M,4.0,2.63,3.57,1193.0,7.0,38.9,12.0,20.0,0.0,55.0,45.1,10.0,28.6,4.0,2.104783670976759,3.2524531576782474,12.0,0.0,0.5079972837120295,0.340617373585701,10.0
675023,Danel Sinani,2025/2026,54,Bundesliga,8152,St. Pauli,Attacking Midfielder,M,5.0,5.06,5.38,2068.0,12.0,38.7,35.0,27.0,0.0,75.0,34.6,11.0,20.8,4.0,4.293589745764433,4.963803768157959,24.0,1.0,0.7669519828632472,0.4246020903810853,27.0
883087,Ridle Baku,2025/2026,54,Bundesliga,178475,RB Leipzig,Right Back,,2.0,2.56,2.26,2509.0,13.0,35.1,15.0,22.0,0.0,106.0,48.4,11.0,28.2,2.0,2.329215031117202,2.181984320282936,20.0,0.0,0.2290990203619002,0.0673438161611557,10.0
1119643,Jan Thielmann,2025/2026,54,Bundesliga,8722,1. FC Köln,Right Midfielder,,3.0,2.3,3.42,1547.0,8.0,33.3,16.0,23.0,0.0,67.0,48.9,19.0,55.9,3.0,1.9772449564188712,3.506008852273226,22.0,0.0,0.161627552472055,0.107688061892986,6.0
540097,Patrik Schick,2025/2026,54,Bundesliga,8178,Bayer Leverkusen,Striker,F,16.0,17.18,14.97,1995.0,10.0,31.2,16.0,20.0,1.0,100.0,48.3,62.0,56.4,15.0,16.47151204776764,14.328280311077833,65.0,1.0,0.5066689141094689,0.670213103294373,7.0
1482294,Conrad Harder,2025/2026,54,Bundesliga,178475,RB Leipzig,Striker,F,3.0,4.08,2.66,919.0,5.0,20.0,21.0,18.0,0.0,55.0,35.9,22.0,38.6,3.0,3.687028440646829,2.2623244561254983,30.0,0.0,0.33860723301768325,0.47346185613423597,12.0
900523,Keven Schlotterbeck,2025/2026,54,Bundesliga,8406,Augsburg,Center Back,,0.0,1.37,0.94,2031.0,10.0,83.3,3.0,20.0,1.0,136.0,64.5,67.0,63.2,0.0,1.2550449818760157,0.9363023340702059,10.0,0.0,0.1195383742451668,0.0,2.0
566158,Kevin Diks,2025/2026,54,Bundesliga,9788,Borussia Mönchengladbach,Center Back,,5.0,5.08,4.18,2467.0,10.0,83.3,6.0,22.0,1.0,124.0,64.9,49.0,59.8,4.0,4.97693528622985,3.832028536126017,18.0,1.0,0.11642696801573041,0.5569756105542181,5.0
1279034,Aaron Zehnter,2025/2026,54,Bundesliga,8721,Wolfsburg,Left Back,,2.0,1.28,0.72,1458.0,7.0,70.0,1.0,,0.0,31.0,49.2,9.0,32.1,2.0,1.1341235917061567,0.704031080007554,7.0,0.0,0.1518257418647409,0.0174530129879713,4.0
602523,Maximilian Eggestein,2025/2026,54,Bundesliga,8358,Freiburg,Defensive Midfielder,,3.0,3.8,4.27,3060.0,15.0,68.2,17.0,20.0,0.0,154.0,57.0,55.0,47.0,3.0,3.1351625742390747,4.018294729292393,27.0,0.0,0.6622286550700666,0.25454816780984413,17.0
460632,Joshua Kimmich,2025/2026,54,Bundesliga,9823,Bayern München,Defensive Midfielder,,2.0,2.65,2.32,2280.0,11.0,61.1,14.0,21.0,0.0,71.0,53.0,7.0,36.8,2.0,1.8373238742351554,1.7602669224143033,12.0,0.0,0.8119499851018187,0.5611155182123191,16.0
664970,Waldemar Anton,2025/2026,54,Bundesliga,9789,Borussia Dortmund,Center Back,,2.0,1.74,2.41,2880.0,13.0,56.5,6.0,16.0,0.0,184.0,62.6,85.0,59.4,2.0,1.6964786183089005,2.1576411221176386,14.0,0.0,0.0476044360548258,0.0,2.0
1188890,Nicolai Remberg,2025/2026,54,Bundesliga,9790,Hamburger SV,Central Midfielder,M,0.0,1.03,0.88,2880.0,14.0,56.0,11.0,48.0,1.0,170.0,60.7,51.0,63.0,0.0,0.8148710159584879,0.7304827887564895,9.0,0.0,0.24917432852089408,0.1521081291139125,8.0
947901,Jonathan Burkardt,2025/2026,54,Bundesliga,9810,Eintracht Frankfurt,Striker,F,13.0,12.0,11.02,1340.0,6.0,54.5,19.0,15.0,2.0,40.0,32.8,11.0,20.0,13.0,11.92205919340849,11.774823520332573,37.0,0.0,0.253614291548729,0.0,4.0
901495,Albert Sambi Lokonga,2025/2026,54,Bundesliga,9790,Hamburger SV,Central Midfielder,M,5.0,2.05,3.85,1712.0,8.0,50.0,14.0,27.0,1.0,88.0,54.7,22.0,59.5,5.0,1.902257021516561,3.4604208655655375,15.0,0.0,0.1381176244467497,0.3672998510301108,4.0
1209228,Daniel Svensson,2025/2026,54,Bundesliga,9789,Borussia Dortmund,Left Wing-Back,,2.0,1.79,2.47,2452.0,12.0,50.0,12.0,22.0,0.0,93.0,48.2,22.0,40.0,2.0,1.836725372821093,2.269238591194153,12.0,0.0,0.0,0.0,0.0
661519,Deniz Undav,2025/2026,54,Bundesliga,10269,VfB Stuttgart,Striker,F,19.0,16.4,17.96,2247.0,9.0,50.0,29.0,23.0,0.0,85.0,37.3,36.0,37.5,18.0,13.839271046259999,15.402327116578817,91.0,1.0,2.6596884708851576,2.4891033694148073,31.0
840241,Ermedin Demirovic,2025/2026,54,Bundesliga,10269,VfB Stuttgart,Striker,F,12.0,7.55,12.0,1498.0,7.0,50.0,25.0,26.0,2.0,77.0,37.7,31.0,35.2,11.0,7.298510009461642,11.151899978518484,37.0,1.0,0.17996263131499302,0.783780455589294,4.0
157723,Christian Eriksen,2025/2026,54,Bundesliga,8721,Wolfsburg,Central Midfielder,M,3.0,5.96,4.04,2419.0,10.0,47.6,24.0,5.0,0.0,63.0,41.4,10.0,40.0,3.0,5.043300789004563,3.269530169665813,15.0,0.0,0.9331088233739134,0.6920898891985423,23.0
1018564,Nicolás Capaldo,2025/2026,54,Bundesliga,9790,Hamburger SV,Center Back,,1.0,1.93,1.8,2009.0,10.0,41.7,19.0,46.0,0.0,161.0,56.9,38.0,52.1,1.0,1.696025027893484,1.701722234487534,16.0,0.0,0.1528523173183202,0.0166947040706873,6.0
556524,Lucas Höler,2025/2026,54,Bundesliga,8358,Freiburg,Striker,F,3.0,4.5,5.91,2043.0,10.0,40.0,27.0,30.0,2.0,132.0,45.8,68.0,47.9,3.0,4.29954048804939,5.663670420646666,30.0,0.0,0.1293110325932502,0.0344057306647301,4.0
747718,Christoph Baumgartner,2025/2026,54,Bundesliga,178475,RB Leipzig,Central Midfielder,M,13.0,15.1,12.43,2789.0,13.0,39.4,32.0,33.0,0.0,159.0,44.7,59.0,49.6,13.0,14.549998121374845,12.233361814171076,73.0,0.0,0.5838350970298054,0.20400104671716662,8.0
1002673,Jan Schöppner,2025/2026,54,Bundesliga,94937,FC Heidenheim,Defensive Midfielder,,3.0,2.15,3.36,2260.0,11.0,34.4,20.0,17.0,0.0,107.0,43.3,48.0,49.0,3.0,1.838970746845007,3.197861596941947,15.0,0.0,0.3424916416406629,0.1462418809533119,10.0
1314412,Rômulo,2025/2026,54,Bundesliga,178475,RB Leipzig,Striker,F,9.0,14.36,13.62,2204.0,11.0,34.4,35.0,20.0,0.0,112.0,40.4,53.0,38.7,9.0,14.358681665772197,13.590399660170078,61.0,0.0,0.1280168183147907,0.0490430258214474,2.0
1413996,Luka Vuskovic,2025/2026,54,Bundesliga,9790,Hamburger SV,Center Back,,6.0,4.22,4.95,2441.0,8.0,88.9,15.0,32.0,2.0,207.0,67.6,149.0,74.5,5.0,4.150872117878498,4.666175607591869,24.0,1.0,0.24008630355820068,0.068218395113945,8.0
1000428,Ísak Bergmann Jóhannesson,2025/2026,54,Bundesliga,8722,1. FC Köln,Defensive Midfielder,,1.0,1.43,1.3,1812.0,6.0,85.7,7.0,5.0,0.0,48.0,48.0,10.0,41.7,1.0,1.028382763266563,1.24734178185463,7.0,0.0,0.4362319372594349,0.0435173138976097,6.0
1024672,Nicolas Seiwald,2025/2026,54,Bundesliga,178475,RB Leipzig,Central Midfielder,M,0.0,1.83,1.66,2703.0,8.0,72.7,7.0,6.0,0.0,113.0,60.4,33.0,54.1,0.0,1.6978264804929488,1.6261116415262216,14.0,0.0,0.1973041165620089,0.0321210026741028,5.0
1310001,Ezechiel Banzuzi,2025/2026,54,Bundesliga,178475,RB Leipzig,Defensive Midfielder,,0.0,1.4,0.18,578.0,2.0,66.7,6.0,7.0,0.0,49.0,52.7,25.0,54.3,0.0,1.1077674608677632,0.1152776125818494,8.0,0.0,0.2820180552080274,0.0656364057213068,7.0
845990,Ozan Kabak,2025/2026,54,Bundesliga,8226,Hoffenheim,Center Back,,4.0,4.33,4.31,1745.0,6.0,60.0,2.0,8.0,0.0,149.0,60.3,115.0,64.6,4.0,4.234426280483603,4.7337602749466905,32.0,0.0,0.1413929555565119,0.0,4.0
789914,Edmond Tapsoba,2025/2026,54,Bundesliga,8178,Bayer Leverkusen,Center Back,,5.0,2.5,4.28,2576.0,8.0,57.1,1.0,2.0,0.0,111.0,55.0,70.0,59.3,5.0,2.396968050859868,3.9762294068932538,22.0,0.0,0.17206508852541438,0.133926138281822,7.0
1193815,Julian Niehues,2025/2026,54,Bundesliga,94937,FC Heidenheim,Defensive Midfielder,,3.0,1.26,1.81,1389.0,5.0,55.6,7.0,9.0,0.0,56.0,51.9,25.0,56.8,2.0,0.8504652958363299,1.216550469398499,8.0,1.0,0.4865271952003241,0.4894207306206226,11.0
1641063,Noahkai Banks,2025/2026,54,Bundesliga,8406,Augsburg,Center Back,,1.0,1.13,1.43,1726.0,5.0,55.6,6.0,18.0,0.0,99.0,57.6,34.0,61.8,1.0,1.1573631390929224,1.3074386641383167,7.0,0.0,0.0402176724746823,0.130317106842995,2.0
928454,Josha Vagnoman,2025/2026,54,Bundesliga,10269,VfB Stuttgart,Right Back,,1.0,2.89,2.09,1586.0,6.0,54.5,13.0,16.0,1.0,69.0,48.6,17.0,41.5,1.0,2.8060000985860825,1.9617121852934363,16.0,0.0,0.09546241164207461,0.144339308142662,3.0
824635,Diogo Leite,2025/2026,54,Bundesliga,8149,Union Berlin,Center Back,,0.0,1.21,0.81,1970.0,6.0,50.0,9.0,25.0,1.0,126.0,56.5,63.0,56.2,0.0,1.2061495743691917,0.80954384803772,10.0,0.0,0.0,0.0,0.0
423812,Phillipp Mwene,2025/2026,54,Bundesliga,9905,Mainz 05,Left Midfielder,,1.0,1.96,0.99,2072.0,8.0,50.0,22.0,32.0,2.0,82.0,47.4,13.0,37.1,1.0,1.916012015193702,0.989515066146851,9.0,0.0,0.0449021346867084,0.0,1.0
643448,Kristijan Jakic,2025/2026,54,Bundesliga,8406,Augsburg,Defensive Midfielder,,2.0,1.52,2.45,1653.0,6.0,42.9,10.0,17.0,0.0,75.0,51.4,19.0,47.5,2.0,1.2368383258581161,2.049920380115508,8.0,0.0,0.3428611904382706,0.39518978074193034,10.0
625175,Grischa Prömel,2025/2026,54,Bundesliga,8226,Hoffenheim,Central Midfielder,M,7.0,5.09,5.76,1746.0,6.0,40.0,14.0,28.0,0.0,97.0,51.1,27.0,40.9,6.0,4.648562494665384,5.317216493189334,30.0,1.0,0.6158592859283085,0.3103822022676467,13.0
812839,Martijn Kaars,2025/2026,54,Bundesliga,8152,St. Pauli,Striker,F,3.0,3.55,2.82,1345.0,5.0,35.7,21.0,6.0,1.0,31.0,27.4,13.0,25.5,3.0,3.292118940541148,2.6792153678834434,22.0,0.0,0.1264134645462036,0.0,2.0
1047670,Andrej Ilic,2025/2026,54,Bundesliga,8149,Union Berlin,Striker,F,5.0,11.26,9.48,2256.0,7.0,33.3,36.0,32.0,2.0,213.0,41.9,170.0,45.5,4.0,11.193792295680941,9.523704618215563,67.0,1.0,0.1740956557914615,0.0633962377905846,5.0
626890,Marius Bülter,2025/2026,54,Bundesliga,8722,1. FC Köln,Striker,F,5.0,4.37,5.49,1591.0,6.0,31.6,17.0,24.0,0.0,76.0,40.2,42.0,40.8,4.0,3.880770238116384,4.686160497367381,32.0,1.0,0.42752364277839705,0.8361722379922868,10.0
915111,Shuto Machino,2025/2026,54,Bundesliga,9788,Borussia Mönchengladbach,Striker,F,3.0,2.94,3.51,1063.0,3.0,30.0,9.0,11.0,0.0,54.0,43.2,32.0,47.8,3.0,2.804023513570427,3.5216615330427867,21.0,0.0,0.15883632190525532,0.0,5.0
647900,Mattias Svanberg,2025/2026,54,Bundesliga,8721,Wolfsburg,Central Midfielder,M,3.0,2.93,3.53,854.0,3.0,27.3,8.0,20.0,0.0,45.0,42.5,12.0,44.4,3.0,2.7539703883230677,3.7927784994244584,16.0,0.0,0.3602990098297596,0.127414613962173,5.0
352994,Raphaël Guerreiro,2025/2026,54,Bundesliga,9823,Bayern München,Attacking Midfielder,M,5.0,3.43,3.23,784.0,3.0,21.4,11.0,2.0,0.0,14.0,31.8,2.0,28.6,5.0,3.7645151205360885,3.749737858772278,12.0,0.0,0.0,0.0,0.0
278856,Willi Orbán,2025/2026,54,Bundesliga,178475,RB Leipzig,Center Back,,2.0,2.38,2.93,2950.0,6.0,75.0,3.0,23.0,0.0,212.0,67.1,138.0,69.3,2.0,2.355384526774287,2.5679555870592594,20.0,0.0,0.0,0.0,0.0
1119461,Loic Badé,2025/2026,54,Bundesliga,8178,Bayer Leverkusen,Center Back,,0.0,1.29,1.73,1652.0,3.0,60.0,10.0,4.0,0.0,95.0,63.3,55.0,64.7,0.0,1.163394852541388,1.5007998496294015,11.0,0.0,0.0176397189497948,0.0,1.0
643724,Philipp Lienhart,2025/2026,54,Bundesliga,8358,Freiburg,Center Back,,1.0,1.06,0.86,1300.0,3.0,60.0,2.0,8.0,0.0,60.0,65.2,31.0,66.0,1.0,1.063365865498781,0.856708586215972,8.0,0.0,0.0,0.0,0.0
867080,Jeff Chabot,2025/2026,54,Bundesliga,10269,VfB Stuttgart,Center Back,,0.0,1.13,1.59,2296.0,4.0,57.1,3.0,40.0,0.0,204.0,66.9,128.0,69.9,0.0,0.9927698057144867,1.085293054580689,10.0,0.0,0.1399936024099589,0.5105575472116471,8.0
559065,Ramy Bensebaini,2025/2026,54,Bundesliga,9789,Borussia Dortmund,Center Back,,5.0,3.11,4.58,1529.0,4.0,57.1,2.0,16.0,0.0,87.0,55.4,39.0,57.4,5.0,2.9664769788116216,4.241259396076202,11.0,0.0,0.1438923384994269,0.2889356464147569,6.0
1269497,Yannik Engelhardt,2025/2026,54,Bundesliga,9788,Borussia Mönchengladbach,Defensive Midfielder,,2.0,2.12,1.56,2491.0,6.0,54.5,18.0,34.0,0.0,120.0,49.4,37.0,56.9,2.0,1.8636129237711425,1.3262630980461836,14.0,0.0,0.2667331602424383,0.23520365357399,7.0
1473580,Aleksandar Pavlovic,2025/2026,54,Bundesliga,9823,Bayern München,Defensive Midfielder,,3.0,1.6,1.48,1460.0,4.0,50.0,5.0,10.0,0.0,51.0,47.7,11.0,36.7,2.0,1.3667931258678434,1.269935607910156,4.0,1.0,0.22578024491667742,0.13060225266963243,6.0
1173250,Arthur Theate,2025/2026,54,Bundesliga,9810,Eintracht Frankfurt,Center Back,,1.0,1.1,1.07,2143.0,4.0,50.0,0.0,13.0,1.0,83.0,51.9,32.0,39.5,1.0,0.9440749492496254,0.9244128614664069,8.0,0.0,0.15150776784867043,0.1447489447891717,7.0
303905,Dominik Kohr,2025/2026,54,Bundesliga,9905,Mainz 05,Center Back,,2.0,1.57,0.96,2345.0,5.0,45.5,4.0,43.0,0.0,134.0,52.3,40.0,46.5,2.0,1.4703541956841941,0.9607576522976157,13.0,0.0,0.10970357991755009,0.0,2.0
1339269,Hugo Larsson,2025/2026,54,Bundesliga,9810,Eintracht Frankfurt,Defensive Midfielder,,2.0,1.47,2.21,1820.0,4.0,44.4,6.0,2.0,0.0,34.0,45.9,9.0,42.9,2.0,1.2496346812695265,2.0173539705574517,5.0,0.0,0.32434971258044226,0.18271023780107482,8.0
658554,Dayot Upamecano,2025/2026,54,Bundesliga,9823,Bayern München,Center Back,,1.0,1.03,1.15,1797.0,4.0,40.0,10.0,5.0,0.0,87.0,57.6,34.0,56.7,1.0,1.0015220781788232,1.1537161618471141,7.0,0.0,0.026106595993042,0.0,1.0
951918,Philipp Sander,2025/2026,54,Bundesliga,9788,Borussia Mönchengladbach,Center Back,,2.0,1.56,2.6,2454.0,5.0,38.5,10.0,14.0,0.0,141.0,60.0,57.0,64.8,2.0,1.3338392805308108,2.4843472428619857,11.0,0.0,0.24366460088640451,0.10490176733583209,14.0
388903,Haris Tabakovic,2025/2026,54,Bundesliga,9788,Borussia Mönchengladbach,Striker,F,13.0,13.0,14.3,2394.0,6.0,37.5,29.0,20.0,0.0,138.0,41.4,105.0,50.0,13.0,12.655179238955677,14.481613969430327,59.0,0.0,0.3899487294256686,0.1945272404700514,8.0
523749,Jae-Sung Lee,2025/2026,54,Bundesliga,9905,Mainz 05,Central Midfielder,M,4.0,3.25,4.18,2198.0,5.0,33.3,22.0,21.0,1.0,108.0,44.1,44.0,40.0,4.0,2.971739917062223,4.087647736072541,25.0,0.0,0.17119835875928413,0.133613169193268,5.0
919742,Senne Lynen,2025/2026,54,Bundesliga,8697,Werder Bremen,Defensive Midfielder,,0.0,1.11,0.51,2757.0,6.0,31.6,12.0,12.0,0.0,112.0,44.4,31.0,43.7,0.0,0.5265482887625702,0.0,5.0,0.0,0.5826253136619927,0.5082642249763012,20.0
1366602,Dzenan Pejcinovic,2025/2026,54,Bundesliga,8721,Wolfsburg,Striker,F,8.0,7.87,7.87,1454.0,4.0,26.7,8.0,7.0,0.0,72.0,36.0,51.0,37.0,7.0,7.299218563362956,6.86427895538509,41.0,1.0,0.5560903511941435,0.9627516642212869,9.0
276739,Kevin Stöger,2025/2026,54,Bundesliga,9788,Borussia Mönchengladbach,Attacking Midfielder,M,1.0,2.46,1.24,1324.0,3.0,21.4,17.0,29.0,0.0,71.0,48.3,2.0,20.0,0.0,2.011249518060684,0.7599827777594326,12.0,1.0,0.44020927464589477,0.48440795578062545,11.0
198316,Michael Gregoritsch,2025/2026,54,Bundesliga,8406,Augsburg,Striker,F,6.0,5.27,5.67,918.0,2.0,18.2,8.0,17.0,0.0,55.0,39.9,32.0,36.4,5.0,5.033507728987932,4.634372971951962,24.0,1.0,0.2407554183155302,1.0347020030021659,5.0
1586552,Chema Andres,2025/2026,54,Bundesliga,10269,VfB Stuttgart,Defensive Midfielder,,3.0,1.4,3.01,1306.0,2.0,100.0,5.0,7.0,1.0,90.0,56.2,52.0,55.9,2.0,1.216745525598526,2.8150680884718895,11.0,1.0,0.22067315317690367,0.222839504480362,4.0
423624,Patrick Mainka,2025/2026,54,Bundesliga,94937,FC Heidenheim,Center Back,,2.0,3.49,2.38,3060.0,4.0,100.0,1.0,20.0,0.0,212.0,63.9,144.0,61.8,2.0,3.5695424163714056,2.5858149528503414,36.0,0.0,0.0124650057405233,0.0,1.0
724196,Danilho Doekhi,2025/2026,54,Bundesliga,8149,Union Berlin,Center Back,,5.0,4.25,4.31,3060.0,3.0,75.0,5.0,15.0,0.0,217.0,62.9,156.0,65.8,5.0,4.361834216862917,4.310544382780791,46.0,0.0,0.0,0.0,0.0
1186015,Albian Hajdari,2025/2026,54,Bundesliga,8226,Hoffenheim,Center Back,,1.0,1.73,1.37,2440.0,2.0,66.7,7.0,23.0,0.0,137.0,53.5,55.0,51.4,1.0,1.525030726566911,1.2105583567172287,11.0,0.0,0.20443149283528317,0.155989944934845,8.0
628201,Robin Koch,2025/2026,54,Bundesliga,9810,Eintracht Frankfurt,Center Back,,3.0,1.38,1.63,2835.0,2.0,66.7,5.0,13.0,1.0,165.0,60.0,108.0,62.4,3.0,1.3901982875540855,1.6255671828985203,14.0,0.0,0.0226718932390213,0.0,1.0
215151,Marcel Sabitzer,2025/2026,54,Bundesliga,9789,Borussia Dortmund,Defensive Midfielder,,1.0,1.15,1.17,1822.0,3.0,60.0,5.0,17.0,0.0,65.0,52.8,16.0,45.7,1.0,0.749225251376629,1.009794130921364,12.0,0.0,0.4029291532933713,0.15623127669095999,8.0
1199947,Leopold Querfeld,2025/2026,54,Bundesliga,8149,Union Berlin,Center Back,,3.0,3.69,4.74,2704.0,4.0,57.1,9.0,28.0,0.0,211.0,60.3,128.0,64.6,3.0,3.5820658059090373,4.744742669165134,25.0,0.0,0.10651807673275461,0.0,4.0
1199283,Eric Martel,2025/2026,54,Bundesliga,8722,1. FC Köln,Defensive Midfielder,,2.0,2.5,2.15,2564.0,2.0,50.0,16.0,51.0,0.0,186.0,53.9,92.0,54.4,2.0,2.125168671831488,1.96030943095684,18.0,0.0,0.15951409935951238,0.0,5.0
1225995,Robin Hranác,2025/2026,54,Bundesliga,8226,Hoffenheim,Center Back,,1.0,2.14,1.75,2251.0,2.0,50.0,2.0,10.0,0.0,119.0,58.0,83.0,61.9,1.0,2.139094538986682,1.746274173259735,8.0,0.0,0.0,0.0,0.0
193901,Stefan Bell,2025/2026,54,Bundesliga,9905,Mainz 05,Center Back,,2.0,1.73,2.3,1041.0,1.0,50.0,2.0,7.0,1.0,80.0,56.7,61.0,59.2,2.0,1.7098983190953725,2.304284289479255,11.0,0.0,0.0218120943754911,0.0,1.0
767730,Stefan Schimmer,2025/2026,54,Bundesliga,94937,FC Heidenheim,Striker,F,5.0,5.37,5.01,805.0,1.0,50.0,9.0,5.0,0.0,47.0,42.7,30.0,44.1,5.0,5.3233081065118295,5.247567471116782,28.0,0.0,0.22877142950892448,0.0,3.0
1337884,Konstantinos Koulierakis,2025/2026,54,Bundesliga,8721,Wolfsburg,Center Back,,4.0,3.22,4.01,2481.0,3.0,42.9,5.0,13.0,0.0,117.0,56.8,63.0,56.8,4.0,3.027665920555591,3.665990650653839,20.0,0.0,0.1543774874880908,0.0667268168181181,6.0
303912,Matthias Ginter,2025/2026,54,Bundesliga,8358,Freiburg,Center Back,,3.0,2.3,3.92,2836.0,3.0,42.9,3.0,20.0,0.0,152.0,61.3,108.0,61.7,3.0,2.2703611338511114,3.924336083233357,18.0,0.0,0.0186577029526234,0.0,1.0
880095,James Sands,2025/2026,54,Bundesliga,8152,St. Pauli,Defensive Midfielder,,1.0,1.0,0.77,1941.0,2.0,40.0,17.0,38.0,0.0,139.0,57.0,61.0,56.0,1.0,0.9807444680482139,0.9115537479519842,13.0,0.0,0.0832409989088774,0.0362382605671883,3.0
307209,Lukas Kübler,2025/2026,54,Bundesliga,8358,Freiburg,Right Back,,2.0,3.18,2.3,1593.0,2.0,40.0,7.0,11.0,0.0,91.0,58.7,38.0,57.6,2.0,3.118918726220726,2.1246442794799796,15.0,0.0,0.1163000725209713,0.177618995308876,4.0
947884,Wouter Burger,2025/2026,54,Bundesliga,8226,Hoffenheim,Defensive Midfielder,,4.0,3.46,4.84,2440.0,4.0,33.3,31.0,12.0,1.0,155.0,49.2,67.0,57.8,3.0,2.9916207417845726,3.8270558640360828,19.0,1.0,0.5182788884267211,0.7384646870195859,17.0
642551,Aleix García,2025/2026,54,Bundesliga,8178,Bayer Leverkusen,Defensive Midfielder,,3.0,2.29,1.85,2676.0,4.0,28.6,5.0,19.0,0.0,58.0,53.2,10.0,50.0,3.0,1.3993869498372091,1.681570440530777,6.0,0.0,0.893196215853095,0.169726639986038,24.0
571379,Marnon-Thomas Busch,2025/2026,54,Bundesliga,94937,FC Heidenheim,Right Back,,1.0,1.11,1.37,1912.0,3.0,23.1,2.0,8.0,0.0,68.0,48.6,21.0,44.7,1.0,0.8504789993166919,1.205753922462463,5.0,0.0,0.2238955209031701,0.0627028569579124,7.0
304348,Rani Khedira,2025/2026,54,Bundesliga,8149,Union Berlin,Defensive Midfielder,,5.0,2.04,3.64,2835.0,3.0,23.1,15.0,18.0,1.0,117.0,47.0,38.0,48.7,5.0,1.695757821202278,3.465167418122291,14.0,0.0,0.32520986720919615,0.170172892510891,9.0
275034,Silvan Widmer,2025/2026,54,Bundesliga,9905,Mainz 05,Right Midfielder,,2.0,2.49,2.49,1819.0,2.0,22.2,7.0,11.0,0.0,81.0,54.4,29.0,50.0,2.0,2.3473643660545345,2.4888191744685173,18.0,0.0,0.137099662795663,0.0,2.0
1003368,Junior Messias,2025/2026,55,Serie A,10233,Genoa,Attacking Midfielder,M,3.0,1.86,2.38,675.0,20.0,54.1,10.0,22.0,0.0,75.0,55.6,13.0,38.2,2.0,1.6413110662639143,1.7840176895260804,10.0,1.0,0.22827426064759482,0.616382218897342,9.0
1412132,Kenan Yildiz,2025/2026,55,Serie A,9885,Juventus,Attacking Midfielder,M,10.0,8.17,9.57,2838.0,78.0,52.3,55.0,56.0,1.0,176.0,50.6,16.0,55.2,9.0,7.407566226164997,8.784205512143672,63.0,1.0,1.4502466274425379,0.7864425266161559,34.0
1185336,Francisco Conceição,2025/2026,55,Serie A,9885,Juventus,Right Winger,,3.0,7.77,6.04,2098.0,54.0,52.9,27.0,40.0,0.0,130.0,49.2,2.0,12.5,1.0,7.187669361010194,4.583080388605595,59.0,2.0,0.5792299099266529,1.4618246592581279,14.0
1347574,Nico Paz,2025/2026,55,Serie A,10171,Como,Attacking Midfielder,M,12.0,8.5,11.66,2882.0,69.0,55.2,45.0,41.0,1.0,230.0,52.4,29.0,55.8,7.0,5.6245743260562415,7.379663318395613,49.0,5.0,2.8588000969029963,4.110656023025513,72.0
1428426,Arthur Atta,2025/2026,55,Serie A,8600,Udinese,Central Midfielder,M,5.0,4.03,4.28,2563.0,63.0,52.5,66.0,32.0,0.0,141.0,43.8,21.0,47.7,4.0,3.4352098871022485,3.1255354471504684,33.0,1.0,0.6697360672987995,1.5368880489841108,24.0
1624039,Jesús Rodríguez,2025/2026,55,Serie A,10171,Como,Left Winger,,2.0,4.0,2.01,1734.0,41.0,41.4,29.0,32.0,0.0,112.0,46.1,13.0,50.0,1.0,3.4896212201565504,1.4040754865854979,32.0,1.0,0.5136750154197217,0.6076331976801154,13.0
1473806,Marco Palestra,2025/2026,55,Serie A,8529,Cagliari,Right Midfielder,,1.0,1.71,0.95,3084.0,70.0,51.9,23.0,108.0,0.0,248.0,59.6,15.0,40.5,1.0,1.3772090561687949,0.681969152763486,19.0,0.0,0.4186997208744288,0.4063884429633613,10.0
1095432,Charles De Ketelaere,2025/2026,55,Serie A,8524,Atalanta,Attacking Midfielder,M,3.0,3.63,2.76,2188.0,49.0,49.5,56.0,36.0,0.0,151.0,43.9,42.0,47.2,3.0,3.0662068948149677,2.5664348527789116,31.0,0.0,0.626965586096048,0.295996256172657,15.0
1130691,Kamaldeen Sulemana,2025/2026,55,Serie A,8524,Atalanta,Attacking Midfielder,M,2.0,2.32,3.39,1002.0,22.0,45.8,18.0,14.0,0.0,57.0,43.2,12.0,50.0,2.0,2.237294364720583,2.872603237628937,19.0,0.0,0.2495550280436872,0.118499390780926,6.0
1308909,Cristian Volpato,2025/2026,55,Serie A,7943,Sassuolo,Right Winger,,2.0,1.66,1.07,1063.0,23.0,43.4,23.0,11.0,0.0,55.0,38.5,5.0,35.7,0.0,1.4527418483048682,0.44143938459456,12.0,2.0,0.495769147761166,0.5164705440402031,9.0
1093285,Fabiano Parisi,2025/2026,55,Serie A,8535,Fiorentina,Left Midfielder,,1.0,1.28,0.94,1527.0,31.0,56.4,26.0,66.0,1.0,124.0,58.8,10.0,40.0,1.0,1.0753954779356714,0.6954503916203973,16.0,0.0,0.28714973665773874,0.2425937764346597,8.0
414245,Federico Bernardeschi,2025/2026,55,Serie A,9857,Bologna,Right Winger,,4.0,3.02,4.31,1209.0,24.0,49.0,16.0,11.0,0.0,48.0,44.0,6.0,46.2,4.0,2.1509858966261155,3.641809307038784,15.0,0.0,0.8671117462217811,0.6685038441792134,24.0
688295,Christian Pulisic,2025/2026,55,Serie A,8564,Milan,Striker,F,8.0,8.07,7.59,1611.0,32.0,48.5,20.0,23.0,0.0,80.0,47.6,10.0,32.3,8.0,7.595400968605279,6.4929559528827685,44.0,0.0,0.4658543206751349,1.0926222950220108,10.0
1355574,Giovane Nascimento,2025/2026,55,Serie A,9876,Hellas Verona,Striker,F,3.0,3.68,4.54,1873.0,36.0,42.9,41.0,24.0,0.0,112.0,32.4,37.0,24.7,2.0,2.7052652025595307,2.517877707257864,30.0,1.0,0.954904367215931,1.8326819017529488,26.0
896377,Lameck Banda,2025/2026,55,Serie A,9888,Lecce,Left Winger,,5.0,2.77,5.01,1760.0,34.0,39.1,37.0,49.0,0.0,121.0,42.0,11.0,36.7,4.0,2.0464551942422986,3.447831172496081,17.0,1.0,0.7581607485190026,1.4540060721337795,21.0
1027594,Konan N’Dri,2025/2026,55,Serie A,9888,Lecce,forward,F,2.0,1.03,1.15,522.0,10.0,22.7,15.0,18.0,0.0,44.0,37.0,5.0,35.7,0.0,0.5766061516478653,0.3248757272958756,8.0,2.0,0.3962742425501349,0.7855756506323818,11.0
1199383,Ange-Yoan Bonny,2025/2026,55,Serie A,8636,Inter,Striker,F,5.0,3.79,4.07,1129.0,20.0,50.0,41.0,24.0,1.0,72.0,42.1,11.0,36.7,5.0,3.5199441015720363,4.026479497551918,17.0,0.0,0.27131286449730385,0.0444057695567608,5.0
1110045,Gaetano Oristanio,2025/2026,55,Serie A,10167,Parma,Attacking Midfielder,M,1.0,2.01,0.49,857.0,15.0,48.4,26.0,20.0,0.0,52.0,43.3,9.0,47.4,1.0,1.5868956409394739,0.42365550249815,13.0,0.0,0.41787498630583286,0.0665382295846939,11.0
921341,Alexis Saelemaekers,2025/2026,55,Serie A,8564,Milan,Right Midfielder,,3.0,3.31,2.75,2797.0,50.0,47.2,18.0,64.0,1.0,196.0,58.2,10.0,45.5,2.0,2.408095972612501,1.6200485490262513,18.0,1.0,0.975867399945855,1.0719105843454597,25.0
161328,Stephan El Shaarawy,2025/2026,55,Serie A,8686,Roma,Attacking Midfielder,M,1.0,1.48,2.13,657.0,12.0,44.4,8.0,7.0,1.0,35.0,40.2,6.0,28.6,1.0,1.1987608000636099,1.715047210454942,12.0,0.0,0.28447829978540534,0.4155307300388815,6.0
1072054,Daniel Maldini,2025/2026,55,Serie A,8524,Atalanta,Striker,F,2.0,3.25,2.94,952.0,16.0,47.1,25.0,27.0,0.0,66.0,46.5,8.0,32.0,2.0,2.820449072867632,2.581543922424317,12.0,0.0,0.4850276112556459,0.2110157702118153,11.0
1016093,Gustav Isaksen,2025/2026,55,Serie A,8543,Lazio,Right Winger,,5.0,5.01,4.43,1598.0,27.0,38.0,26.0,57.0,0.0,110.0,49.3,11.0,40.7,5.0,4.580006320029498,4.438194800168276,32.0,0.0,0.5000312426127491,0.13295177975669498,16.0
1280082,Matias Soulé,2025/2026,55,Serie A,8686,Roma,Attacking Midfielder,M,6.0,3.96,5.96,2161.0,35.0,37.2,54.0,41.0,0.0,104.0,39.8,9.0,26.5,4.0,2.551992803812028,3.26764153689146,23.0,2.0,1.3606553678400803,2.6546542793512335,29.0
279879,Jean-Daniel Akpa Akpro,2025/2026,55,Serie A,9876,Hellas Verona,Central Midfielder,M,1.0,1.0,1.13,1507.0,23.0,62.2,15.0,15.0,0.0,109.0,49.3,27.0,44.3,1.0,0.8331667948514222,1.128287628293038,7.0,0.0,0.14829931035637872,0.0,6.0
888745,Nicolas-Gerrit Kühn,2025/2026,55,Serie A,10171,Como,Right Winger,,1.0,1.02,1.07,655.0,10.0,52.6,10.0,2.0,0.0,28.0,38.4,3.0,25.0,1.0,0.8370850309729583,1.0749437510967257,7.0,0.0,0.182933911681175,0.0,1.0
661761,Riccardo Orsolini,2025/2026,55,Serie A,9857,Bologna,Right Winger,,10.0,9.68,10.19,2115.0,32.0,47.8,28.0,44.0,0.0,126.0,53.6,29.0,59.2,8.0,8.805537208681551,8.541699076071382,61.0,2.0,0.8694143304601311,1.6607341794297101,21.0
874621,Martín Payero,2025/2026,55,Serie A,7801,Cremonese,Central Midfielder,M,1.0,1.8,1.69,1458.0,22.0,45.8,22.0,34.0,0.0,93.0,43.3,20.0,37.0,0.0,0.9875311106443411,1.0083465129137041,8.0,1.0,0.8046989059075715,0.6775582246482372,15.0
1329487,Jacopo Fazzini,2025/2026,55,Serie A,8535,Fiorentina,Left Winger,,0.0,1.06,0.01,575.0,9.0,40.9,15.0,15.0,0.0,51.0,48.1,9.0,42.9,0.0,0.7987832576036451,0.0,2.0,0.0,0.2594463173300028,0.0134561667218804,7.0
1215057,Vítinha,2025/2026,55,Serie A,10233,Genoa,Striker,F,5.0,6.21,6.29,2242.0,36.0,31.9,40.0,68.0,1.0,201.0,45.1,58.0,43.3,4.0,4.965845541097225,5.111069783568382,42.0,1.0,1.273343808948994,0.9905624026432627,23.0
724368,Keinan Davis,2025/2026,55,Serie A,8600,Udinese,Striker,F,10.0,10.07,9.92,2079.0,30.0,68.2,40.0,47.0,2.0,147.0,46.2,59.0,43.1,10.0,9.514818439415096,9.566498592495918,45.0,0.0,0.3317758869379755,0.0831071212887764,5.0
1214915,Brooke Norton-Cuffy,2025/2026,55,Serie A,10233,Genoa,Right Midfielder,,2.0,1.6,2.33,2214.0,32.0,59.3,24.0,16.0,0.0,106.0,49.8,15.0,32.6,2.0,1.4566817246377468,2.31832480430603,10.0,0.0,0.15251542255282402,0.0129401423037052,6.0
1435689,Semih Kiliçsoy,2025/2026,55,Serie A,8529,Cagliari,Striker,F,4.0,1.86,2.93,976.0,14.0,56.0,29.0,15.0,0.0,40.0,31.7,6.0,15.4,3.0,1.5084889028221355,1.9384596906602374,10.0,1.0,0.37830456346273394,1.0230780132114887,7.0
1282285,Tijjani Noslin,2025/2026,55,Serie A,8543,Lazio,Striker,F,4.0,4.84,5.28,1138.0,17.0,54.8,18.0,23.0,2.0,68.0,45.6,21.0,42.0,4.0,4.309774521738292,4.97874253988266,26.0,0.0,0.38707066420465724,0.2900009043514728,9.0
750734,Dodô,2025/2026,55,Serie A,8535,Fiorentina,Right Back,,1.0,2.18,1.27,3139.0,46.0,54.1,14.0,53.0,0.0,145.0,56.4,18.0,46.2,1.0,1.7346001472324133,1.072341836988926,11.0,0.0,0.4789735162630677,0.1948010753840204,14.0
1215064,Martin Baturina,2025/2026,55,Serie A,10171,Como,Left Winger,,6.0,1.83,3.37,1569.0,23.0,51.1,30.0,44.0,0.0,94.0,49.0,6.0,37.5,5.0,1.3223474826663721,3.235931366682053,15.0,1.0,0.6355376765131953,0.2101399879902604,13.0
415539,Matteo Politano,2025/2026,55,Serie A,9875,Napoli,Right Winger,,2.0,2.45,2.07,2213.0,33.0,47.8,19.0,28.0,0.0,84.0,46.2,9.0,37.5,2.0,1.53920193458274,1.7517598923593758,23.0,0.0,0.9733351047337055,0.5594149882942436,26.0
848844,Rafael Leão,2025/2026,55,Serie A,8564,Milan,Striker,F,9.0,9.88,9.06,1859.0,26.0,46.4,25.0,34.0,0.0,94.0,47.0,28.0,50.9,6.0,9.130698121230303,7.71247704513371,47.0,3.0,0.7261721920222048,1.3675663508474827,16.0
1053714,Nicola Zalewski,2025/2026,55,Serie A,8524,Atalanta,Attacking Midfielder,M,2.0,2.88,2.13,1906.0,28.0,41.8,23.0,52.0,1.0,122.0,52.6,14.0,42.4,0.0,2.0140189230442034,0.8164267055690291,17.0,2.0,0.9291746057569985,1.313649345189333,21.0
1039403,Santiago Pierotti,2025/2026,55,Serie A,9888,Lecce,Right Winger,,1.0,3.3,1.89,2613.0,39.0,40.2,78.0,23.0,0.0,197.0,37.6,52.0,37.1,1.0,2.7755323210731153,1.6969739943742757,25.0,0.0,0.2654540482908486,0.0787267610430718,8.0
325916,Paulo Dybala,2025/2026,55,Serie A,8686,Roma,Attacking Midfielder,M,2.0,4.79,4.73,1355.0,19.0,35.2,24.0,40.0,0.0,78.0,45.9,10.0,40.0,2.0,3.776559826025366,3.2231785617768773,26.0,0.0,1.0109723322093487,1.5503710824996237,17.0
866708,Oumar Solet,2025/2026,55,Serie A,8600,Udinese,Center Back,,3.0,2.79,2.09,2961.0,41.0,70.7,24.0,29.0,0.0,193.0,59.6,50.0,54.3,2.0,2.4172669300265612,1.631434939801693,20.0,1.0,0.357846082188189,0.47066785395145405,13.0
150250,Pedro,2025/2026,55,Serie A,8543,Lazio,Left Winger,,5.0,2.44,3.58,973.0,13.0,52.0,12.0,26.0,0.0,50.0,51.5,2.0,33.3,3.0,2.0967129637330766,2.103961445391179,10.0,2.0,0.35198869463056315,1.4044434633105998,12.0
1050178,Lazar Samardzic,2025/2026,55,Serie A,8524,Atalanta,Attacking Midfielder,M,2.0,2.96,2.67,1023.0,14.0,43.8,20.0,10.0,0.0,41.0,33.9,6.0,21.4,2.0,2.380991561338306,1.9650261849164972,11.0,0.0,0.6497264634817834,0.7035026475787156,14.0
1016132,Kouadio Koné,2025/2026,55,Serie A,8686,Roma,Defensive Midfielder,,2.0,2.11,2.18,2459.0,29.0,61.7,36.0,53.0,0.0,155.0,50.5,28.0,50.9,2.0,1.747582606971264,2.117215000092983,11.0,0.0,0.36379848420620015,0.0608615651726723,10.0
1669628,Jeff Ekhator,2025/2026,55,Serie A,10233,Genoa,Striker,F,3.0,2.89,2.69,944.0,12.0,54.5,17.0,19.0,1.0,69.0,45.4,26.0,46.4,3.0,2.6896369764581323,2.582905411720276,18.0,0.0,0.0823362385854125,0.0,2.0
613334,M'Bala Nzola,2025/2026,55,Serie A,6479,Pisa,Striker,F,4.0,7.32,4.11,1520.0,19.0,51.4,38.0,26.0,0.0,96.0,45.7,43.0,55.8,4.0,6.952101367641987,3.8993185944855204,33.0,0.0,0.27995873987674713,0.2947445996105666,6.0
1396375,Ibrahim Sulemana,2025/2026,55,Serie A,8529,Cagliari,Central Midfielder,M,1.0,1.58,0.92,895.0,11.0,47.8,10.0,10.0,0.0,55.0,49.1,15.0,48.4,1.0,1.358539246022701,0.900733351707458,3.0,0.0,0.23689312953501934,0.015981812030077,8.0
909030,Abdou Harroui,2025/2026,55,Serie A,9876,Hellas Verona,Central Midfielder,M,1.0,1.2,1.23,906.0,11.0,45.8,14.0,1.0,0.0,40.0,36.4,1.0,6.2,1.0,1.0213894937574863,1.145171672105789,5.0,0.0,0.17375001218169933,0.0,7.0
747926,Moise Kean,2025/2026,55,Serie A,8535,Fiorentina,Striker,F,8.0,15.06,10.67,2041.0,25.0,41.7,30.0,44.0,0.0,102.0,44.7,27.0,45.8,7.0,13.735288512970504,9.554563626646996,76.0,1.0,1.310244505293667,1.174165360629559,22.0
846000,Maxence Caqueret,2025/2026,55,Serie A,10171,Como,Defensive Midfielder,,2.0,2.27,1.56,1487.0,17.0,53.1,29.0,23.0,1.0,82.0,45.8,10.0,50.0,1.0,1.9170790798962112,0.995255291461944,8.0,1.0,0.3550008852034808,0.5607854425907137,10.0
1078113,Walid Cheddira,2025/2026,55,Serie A,7943,Sassuolo,Striker,F,4.0,3.59,4.38,1211.0,14.0,51.9,22.0,34.0,0.0,77.0,41.2,25.0,33.3,4.0,3.4672516435384773,4.355959445238113,28.0,0.0,0.14040458248928192,0.0,5.0
604982,Ruben Loftus-Cheek,2025/2026,55,Serie A,8564,Milan,Central Midfielder,M,3.0,3.16,2.79,1127.0,12.0,46.2,19.0,19.0,0.0,76.0,47.2,31.0,53.4,3.0,2.944566162303091,2.8872634544968605,27.0,0.0,0.0840833373367786,0.0,2.0
822440,Michael Folorunsho,2025/2026,55,Serie A,8529,Cagliari,Central Midfielder,M,2.0,3.37,1.81,2007.0,22.0,44.0,32.0,49.0,0.0,127.0,45.2,34.0,42.5,1.0,2.95712473243475,1.7031248807907096,20.0,1.0,0.36936849448829867,0.123461030423641,16.0
541555,Mattia Zaccagni,2025/2026,55,Serie A,8543,Lazio,Left Winger,,3.0,4.07,5.24,2114.0,23.0,38.3,27.0,82.0,1.0,157.0,53.8,15.0,41.7,3.0,4.359077932118997,5.143946077674626,29.0,0.0,0.1469066059216856,0.046910887584090205,5.0
1280080,Fabio Miretti,2025/2026,55,Serie A,9885,Juventus,Attacking Midfielder,M,1.0,2.12,1.28,605.0,7.0,36.8,13.0,7.0,0.0,36.0,41.9,3.0,30.0,1.0,1.817532524466515,1.229788035154343,9.0,0.0,0.29914336791262025,0.0508150402456522,9.0
935769,Armand Laurienté,2025/2026,55,Serie A,7943,Sassuolo,Left Winger,,7.0,3.8,5.0,2615.0,29.0,36.2,53.0,47.0,0.0,110.0,38.6,7.0,24.1,6.0,2.5216877590864892,3.870139651000499,33.0,1.0,1.3001862596720457,1.0013520438224082,38.0
1159233,Alieu Fadera,2025/2026,55,Serie A,7943,Sassuolo,Left Winger,,2.0,2.1,2.72,975.0,11.0,31.4,20.0,36.0,2.0,90.0,45.2,8.0,36.4,2.0,1.935870461165905,2.353024125099182,10.0,0.0,0.1294846273958683,0.389436483383179,3.0
1421505,Gvidas Gineitis,2025/2026,55,Serie A,9804,Torino,Central Midfielder,M,0.0,1.03,0.7,1763.0,17.0,58.6,13.0,32.0,0.0,121.0,54.5,28.0,50.9,0.0,0.3341974802315237,0.0,6.0,0.0,0.6969415144994854,0.7045765146613125,21.0
721089,Gianluca Scamacca,2025/2026,55,Serie A,8524,Atalanta,Striker,F,10.0,6.73,8.34,1319.0,13.0,56.5,21.0,18.0,0.0,65.0,46.1,26.0,63.4,10.0,5.8860048978433,7.564273361116647,37.0,0.0,0.8946486199274655,0.784151371568441,20.0
541820,Nicolò Barella,2025/2026,55,Serie A,8636,Inter,Central Midfielder,M,3.0,3.16,2.99,2533.0,25.0,50.0,20.0,22.0,0.0,114.0,49.4,13.0,38.2,3.0,2.5398316234350213,2.994299367070198,21.0,0.0,0.6018413389101626,0.0,14.0
690230,Lautaro Martínez,2025/2026,55,Serie A,8636,Inter,Striker,F,17.0,13.5,13.1,2178.0,21.0,47.7,34.0,47.0,0.0,115.0,45.3,24.0,42.9,17.0,12.917764397338033,12.780687734484673,82.0,0.0,0.5778400860726836,0.3200680799782275,10.0
1044029,Nicolò Cambiaghi,2025/2026,55,Serie A,9857,Bologna,Left Winger,,3.0,2.13,2.69,1520.0,15.0,45.5,21.0,71.0,0.0,121.0,55.0,6.0,33.3,3.0,2.4464176148176193,2.768048226833344,20.0,0.0,0.0927872890606522,0.0219103917479515,4.0
244811,Davide Zappacosta,2025/2026,55,Serie A,8524,Atalanta,Right Wing-Back,,3.0,2.27,2.37,2580.0,25.0,43.9,15.0,8.0,0.0,66.0,41.5,12.0,46.2,2.0,1.8410870563238875,2.289743222296238,21.0,1.0,0.4026635037735105,0.0785787720233202,16.0
833638,Nikola Krstovic,2025/2026,55,Serie A,8524,Atalanta,Striker,F,10.0,14.03,11.3,1786.0,17.0,43.6,23.0,27.0,0.0,118.0,44.2,60.0,46.5,9.0,12.671755783259867,10.123392021283506,77.0,1.0,1.4720825031399725,1.3219693563878536,22.0
469615,Giovanni Simeone,2025/2026,55,Serie A,9804,Torino,Striker,F,11.0,9.92,8.7,2245.0,22.0,42.3,45.0,41.0,2.0,112.0,38.1,34.0,31.8,10.0,9.387968176975845,7.732889092527332,62.0,1.0,0.5846733273938299,1.0966092674061658,17.0
362212,Piotr Zielinski,2025/2026,55,Serie A,8636,Inter,Central Midfielder,M,6.0,2.47,2.88,2044.0,18.0,66.7,9.0,18.0,0.0,78.0,59.1,12.0,57.1,1.0,1.678708186411859,1.5797797441482546,9.0,5.0,0.7936429744586349,1.3037889897823336,20.0
980793,Khéphren Thuram-Ulien,2025/2026,55,Serie A,9885,Juventus,Defensive Midfielder,,3.0,3.09,3.64,2453.0,23.0,62.2,15.0,12.0,0.0,132.0,53.9,37.0,50.7,3.0,2.0556369330734023,3.090139612555505,24.0,0.0,1.024327391758561,0.5507600214332342,26.0
621562,Marcus Thuram,2025/2026,55,Serie A,8636,Inter,Striker,F,13.0,9.43,11.41,1913.0,17.0,60.7,30.0,41.0,1.0,130.0,50.4,49.0,53.3,12.0,9.1671181358397,10.8549053221941,65.0,1.0,0.3606657255440946,0.663460195064545,9.0
1288119,Ismaël Koné,2025/2026,55,Serie A,7943,Sassuolo,Central Midfielder,M,6.0,5.24,4.22,2756.0,26.0,59.1,22.0,54.0,0.0,116.0,55.2,7.0,30.4,6.0,4.687253514304758,4.34362057596445,14.0,0.0,0.47456013597548047,0.067746140062809,9.0
1012842,Gianluca Gaetano,2025/2026,55,Serie A,8529,Cagliari,Central Midfielder,M,2.0,1.87,2.79,1912.0,17.0,58.6,23.0,29.0,0.0,89.0,48.9,14.0,51.9,2.0,1.2589745502918954,2.768584981560708,13.0,0.0,0.7224166188389062,0.07233197614550597,21.0
664587,Lassana Coulibaly,2025/2026,55,Serie A,9888,Lecce,Central Midfielder,M,3.0,2.79,2.64,2695.0,24.0,57.1,26.0,52.0,0.0,159.0,52.8,35.0,47.9,3.0,2.7260922165587553,2.515817135572433,24.0,0.0,0.1152041256427765,0.270662166178227,4.0
815431,Davide Frattesi,2025/2026,55,Serie A,8636,Inter,Central Midfielder,M,0.0,2.17,1.15,553.0,5.0,55.6,8.0,11.0,0.0,35.0,51.5,4.0,33.3,0.0,1.976319326087833,0.719304502010345,13.0,0.0,0.1971269845962522,0.435493722558021,3.0
1274060,Neil El Aynaoui,2025/2026,55,Serie A,8686,Roma,Defensive Midfielder,,1.0,1.08,1.08,991.0,9.0,52.9,5.0,10.0,0.0,51.0,46.8,13.0,46.4,1.0,1.0255366675555704,1.040499221533537,4.0,0.0,0.0559069514274598,0.0439388267695903,2.0
1224237,Mateo Pellegrino,2025/2026,55,Serie A,10167,Parma,Striker,F,9.0,8.59,6.77,2991.0,25.0,52.1,66.0,71.0,0.0,233.0,42.7,121.0,46.7,8.0,7.922257111446559,5.814972784370181,60.0,1.0,0.6672140695154664,0.6449029752984639,13.0
665188,Albert Gudmundsson,2025/2026,55,Serie A,8535,Fiorentina,Left Winger,,5.0,5.58,6.22,2258.0,20.0,51.3,29.0,30.0,1.0,61.0,35.3,3.0,20.0,4.0,4.815273301792145,5.079820372164248,24.0,1.0,0.7162574827671049,1.140123084187507,17.0
557677,Nikola Vlasic,2025/2026,55,Serie A,9804,Torino,Attacking Midfielder,M,8.0,6.96,8.63,3053.0,28.0,50.9,48.0,45.0,0.0,162.0,47.6,22.0,37.9,8.0,5.904707660160959,7.5668371468782425,21.0,0.0,1.0167597504332664,0.9154032776132237,28.0
1368557,Gift Orban,2025/2026,55,Serie A,9876,Hellas Verona,Striker,F,7.0,10.55,8.96,2036.0,19.0,50.0,31.0,21.0,0.0,71.0,34.6,29.0,32.6,5.0,9.128909093405305,7.753796786069872,46.0,2.0,1.4086256576702003,1.2406323589384558,39.0
731600,Idrissa Touré,2025/2026,55,Serie A,6479,Pisa,Right Midfielder,,1.0,2.75,1.98,2281.0,21.0,47.7,25.0,19.0,1.0,222.0,54.7,141.0,60.0,1.0,2.7036021272651842,1.9450724553316836,26.0,0.0,0.06243518553674218,0.0395879074931145,3.0
843099,Scott McTominay,2025/2026,55,Serie A,9875,Napoli,Defensive Midfielder,,10.0,11.01,10.41,2793.0,26.0,45.6,50.0,73.0,0.0,169.0,53.1,48.0,59.3,7.0,8.95489471782148,9.06801875680685,60.0,3.0,2.142194407060742,1.6747975982725616,41.0
1156568,Amin Sarr,2025/2026,55,Serie A,9876,Hellas Verona,Striker,F,0.0,1.27,0.99,1087.0,10.0,43.5,21.0,22.0,0.0,85.0,40.3,38.0,36.5,0.0,1.046421682462097,0.8486968111246829,12.0,0.0,0.2357838992029429,0.0260647572577,7.0
1382000,Petar Sucic,2025/2026,55,Serie A,8636,Inter,Central Midfielder,M,2.0,1.66,1.6,1765.0,15.0,42.9,23.0,25.0,0.0,98.0,48.5,12.0,57.1,1.0,1.183593282476067,1.189078897237778,11.0,1.0,0.478313870728016,0.41033157985657476,11.0
847357,Mehdi Léris,2025/2026,55,Serie A,6479,Pisa,Right Midfielder,,2.0,1.59,1.38,1907.0,17.0,40.5,18.0,22.0,1.0,161.0,58.5,56.0,65.9,2.0,1.2882122267037626,1.3185281492769723,17.0,0.0,0.24197577033191914,0.0085799265652895,8.0
1296413,Henrik Meister,2025/2026,55,Serie A,6479,Pisa,Striker,F,2.0,3.56,2.49,1512.0,13.0,35.1,26.0,17.0,0.0,68.0,35.8,33.0,42.3,2.0,3.5333482921123496,2.488630391657353,19.0,0.0,0.0439648516476154,0.0,1.0
215242,Leonardo Spinazzola,2025/2026,55,Serie A,9875,Napoli,Left Wing-Back,,3.0,1.16,0.76,1901.0,16.0,31.4,13.0,9.0,0.0,51.0,42.1,2.0,33.3,1.0,0.8113002069294453,0.39346279948949814,11.0,2.0,0.3521993197500707,0.37025837600231215,10.0
474448,Antonio Sanabria,2025/2026,55,Serie A,7801,Cremonese,Striker,F,1.0,2.92,1.91,941.0,7.0,77.8,9.0,15.0,0.0,53.0,43.8,29.0,42.6,1.0,2.859920553863048,1.872241824865341,11.0,0.0,0.0627843514084816,0.0236384514719248,1.0
1076647,Lucas Da Cunha,2025/2026,55,Serie A,10171,Como,Defensive Midfielder,,6.0,6.61,6.73,2748.0,22.0,66.7,28.0,19.0,0.0,115.0,47.9,17.0,42.5,5.0,5.847060728973151,5.170937836170195,16.0,1.0,0.8222292484715582,1.2764168698340654,25.0
934156,Jurgen Ekkelenkamp,2025/2026,55,Serie A,8600,Udinese,Central Midfielder,M,5.0,4.89,3.15,2203.0,16.0,64.0,20.0,19.0,1.0,97.0,53.6,15.0,39.5,3.0,3.6740425229072575,2.5726189315319052,14.0,2.0,1.1473116027191277,0.5925985006615513,19.0
560945,Mërgim Vojvoda,2025/2026,55,Serie A,10171,Como,Right Winger,,2.0,1.36,1.35,1592.0,13.0,61.9,20.0,12.0,0.0,48.0,41.7,10.0,43.5,2.0,1.2206167988479146,1.270575758069754,13.0,0.0,0.1418495513498783,0.0793857062235475,5.0
950596,Marco Brescianini,2025/2026,55,Serie A,8524,Atalanta,Central Midfielder,M,2.0,1.81,1.6,1034.0,8.0,61.5,15.0,11.0,0.0,39.0,39.0,7.0,28.0,2.0,1.7322438526898627,1.5775584131479259,10.0,0.0,0.1020687241107226,0.0203064866364002,3.0
951712,Nicolò Fagioli,2025/2026,55,Serie A,8535,Fiorentina,Central Midfielder,M,2.0,2.53,2.3,2564.0,19.0,61.3,31.0,45.0,0.0,111.0,54.4,1.0,33.3,2.0,1.7196731762960544,1.532899424433708,12.0,0.0,0.8317762101069094,0.4573249984532596,21.0
741049,Eljif Elmas,2025/2026,55,Serie A,9875,Napoli,Attacking Midfielder,M,1.0,2.94,1.87,1782.0,13.0,59.1,16.0,13.0,0.0,52.0,47.3,2.0,18.2,1.0,2.705720124300569,1.5830405838787556,20.0,0.0,0.2346660122275351,0.2858513146638876,7.0
667790,Suat Serdar,2025/2026,55,Serie A,9876,Hellas Verona,Central Midfielder,M,2.0,2.15,1.49,1108.0,9.0,52.9,13.0,12.0,0.0,60.0,49.2,8.0,36.4,2.0,1.8232324011623844,1.391353189945221,9.0,0.0,0.3088148292154074,0.0975061822682619,10.0
767013,Antoine Bernede,2025/2026,55,Serie A,9876,Hellas Verona,Central Midfielder,M,1.0,1.36,1.09,2315.0,17.0,45.9,34.0,20.0,0.0,120.0,42.6,13.0,34.2,0.0,0.641943994909525,0.287540018558502,6.0,1.0,0.748475926928222,0.800542622804642,15.0
689987,Jakub Piotrowski,2025/2026,55,Serie A,8600,Udinese,Central Midfielder,M,1.0,2.69,1.86,1697.0,13.0,44.8,14.0,29.0,0.0,109.0,54.8,22.0,53.7,1.0,2.066695483401415,1.4310549795627592,19.0,0.0,0.6399584924802182,0.4257061444222931,17.0
921921,Kristian Thorstvedt,2025/2026,55,Serie A,7943,Sassuolo,Central Midfielder,M,4.0,6.35,6.42,2458.0,18.0,42.9,22.0,57.0,0.0,149.0,52.1,30.0,38.0,3.0,6.131943771615628,5.261830523610115,36.0,1.0,0.3705796543508769,0.7191240936517717,7.0
73167,Henrikh Mkhitaryan,2025/2026,55,Serie A,8636,Inter,Central Midfielder,M,4.0,4.92,3.5,1555.0,12.0,41.4,21.0,17.0,1.0,74.0,43.8,12.0,54.5,4.0,4.3353956900537005,3.24678798019886,24.0,0.0,0.5881153633818031,0.250215666368604,19.0
1050163,Lorenzo Colombo,2025/2026,55,Serie A,10233,Genoa,Striker,F,7.0,8.33,11.11,2346.0,19.0,38.0,49.0,55.0,1.0,150.0,37.2,61.0,32.1,6.0,7.7922188351705675,9.802284739911554,49.0,1.0,0.42661837581545126,0.9795814743265513,17.0
1146500,Matteo Cancellieri,2025/2026,55,Serie A,8543,Lazio,Right Winger,,4.0,4.27,4.23,1730.0,14.0,34.1,28.0,67.0,0.0,155.0,50.8,34.0,48.6,3.0,3.453951779520138,3.782327193766832,27.0,1.0,0.630074440967291,0.7218080796301364,14.0
424614,Caleb Ekuban,2025/2026,55,Serie A,10233,Genoa,Striker,F,4.0,3.74,4.52,975.0,8.0,33.3,16.0,29.0,0.0,64.0,45.7,23.0,44.2,4.0,3.6012767385691404,4.464343875646591,23.0,0.0,0.2457473278045654,0.162520498037338,6.0
957203,Éderson,2025/2026,55,Serie A,8524,Atalanta,Defensive Midfielder,,2.0,4.36,2.79,2235.0,16.0,55.2,21.0,40.0,0.0,135.0,53.6,22.0,41.5,2.0,3.9037267621994034,2.6327528059482583,17.0,0.0,0.6815699934959414,0.2764956979081032,18.0
1339372,Cesare Casadei,2025/2026,55,Serie A,9804,Torino,Central Midfielder,M,6.0,4.18,5.9,1990.0,13.0,54.2,21.0,16.0,0.0,170.0,53.8,105.0,68.6,5.0,3.6962991636246434,4.956000991165638,26.0,1.0,0.4250930361449715,0.9863557741045945,9.0
1301633,Emirhan Ilkhan,2025/2026,55,Serie A,9804,Torino,Central Midfielder,M,1.0,2.23,1.19,1008.0,7.0,53.8,11.0,18.0,0.0,64.0,55.7,13.0,52.0,1.0,1.9911853931844243,1.1230944842100141,4.0,0.0,0.242253577336669,0.0715955048799515,8.0
599353,Ché Adams,2025/2026,55,Serie A,9804,Torino,Striker,F,6.0,5.74,7.24,1896.0,13.0,46.4,17.0,15.0,0.0,72.0,40.7,30.0,36.6,6.0,5.5029611364007,6.246578690595925,38.0,0.0,0.4053582064807415,1.074087630957365,15.0
1282008,Santiago Castro,2025/2026,55,Serie A,9857,Bologna,Striker,F,7.0,7.23,6.6,2366.0,16.0,45.7,45.0,50.0,2.0,129.0,44.2,53.0,44.5,7.0,7.280914744362236,6.642119761556384,52.0,0.0,0.3936879830434918,0.0485691837966442,11.0
1202358,Giorgio Scalvini,2025/2026,55,Serie A,8524,Atalanta,Center Back,,3.0,2.57,3.69,1817.0,13.0,44.8,6.0,10.0,0.0,112.0,54.4,42.0,61.8,3.0,2.5199208129197372,3.688545554876328,17.0,0.0,0.0484891626983881,0.0,2.0
1030212,Sebastiano Esposito,2025/2026,55,Serie A,8529,Cagliari,Striker,F,7.0,4.98,5.1,2699.0,17.0,41.5,31.0,56.0,1.0,149.0,47.8,21.0,42.9,6.0,4.034506863487511,4.258182786405087,32.0,1.0,0.9567019231617451,0.9120503533631561,25.0
704523,Christopher Nkunku,2025/2026,55,Serie A,8564,Milan,Striker,F,7.0,9.48,7.52,1351.0,9.0,34.6,10.0,22.0,4.0,50.0,43.9,14.0,34.1,7.0,9.405505160063504,7.34245714172721,26.0,0.0,0.08185941539704811,0.151984557509422,3.0
1451196,Niccolò Pisilli,2025/2026,55,Serie A,8686,Roma,Defensive Midfielder,,2.0,1.69,2.69,1284.0,8.0,29.6,21.0,4.0,0.0,52.0,34.4,13.0,35.1,2.0,1.368305137380958,2.688532128930092,13.0,0.0,0.3203446976840497,0.0,6.0
819215,Lloyd Kelly,2025/2026,55,Serie A,9885,Juventus,Center Back,,1.0,1.09,0.46,2998.0,18.0,78.3,9.0,20.0,0.0,173.0,60.3,90.0,62.9,1.0,0.8904423601925378,0.463318690657616,12.0,0.0,0.1982317492365837,0.0,5.0
1289961,Adam Obert,2025/2026,55,Serie A,8529,Cagliari,Left Back,,0.0,1.43,0.43,2782.0,16.0,64.0,15.0,13.0,0.0,128.0,53.3,31.0,47.7,0.0,1.3989332616329195,0.3352833986282344,9.0,0.0,0.0133207095786929,0.093383826315403,1.0
1048023,Strahinja Pavlovic,2025/2026,55,Serie A,8564,Milan,Center Back,,5.0,3.53,3.0,2870.0,17.0,53.1,11.0,28.0,1.0,169.0,57.3,70.0,55.6,4.0,3.4403102807700647,3.1349224001169205,22.0,1.0,0.13741130195558068,0.0178605616092682,4.0
848266,Weston McKennie,2025/2026,55,Serie A,9885,Juventus,Right Wing-Back,,5.0,7.54,5.06,2841.0,17.0,51.5,16.0,11.0,0.0,114.0,48.1,46.0,54.8,5.0,7.331333879381419,5.038476113229988,39.0,0.0,0.2090333513915537,0.0190867334604263,4.0
684981,Aarón Martín,2025/2026,55,Serie A,10233,Genoa,Left Midfielder,,1.0,1.32,1.25,2161.0,13.0,50.0,14.0,27.0,1.0,92.0,52.3,9.0,30.0,0.0,0.9013937097430229,1.074473410844803,3.0,1.0,0.3975508166477091,0.1467064507305618,8.0
31097,Luka Modric,2025/2026,55,Serie A,8564,Milan,Central Midfielder,M,2.0,1.56,2.65,2816.0,17.0,48.6,12.0,33.0,0.0,112.0,55.4,11.0,50.0,2.0,1.0622491352260108,1.5141632556915292,7.0,0.0,0.4540743161924183,1.0372510105371475,13.0
506776,Stefano Moreo,2025/2026,55,Serie A,6479,Pisa,Striker,F,7.0,5.86,7.42,2316.0,13.0,48.1,10.0,20.0,0.0,146.0,51.8,96.0,53.3,6.0,5.491833053606749,6.6121157659217715,47.0,1.0,0.1623532995581628,0.421981275081634,5.0
1017401,Roberto Piccoli,2025/2026,55,Serie A,8535,Fiorentina,Striker,F,4.0,6.48,4.58,1664.0,9.0,45.0,27.0,40.0,0.0,110.0,42.0,53.0,38.1,4.0,6.169978296384215,4.434579752385616,39.0,0.0,0.2518448932096361,0.25502484943717707,8.0
364520,Domenico Berardi,2025/2026,55,Serie A,7943,Sassuolo,Right Winger,,8.0,5.82,7.42,1968.0,11.0,42.3,18.0,34.0,1.0,83.0,44.9,13.0,40.6,8.0,5.775401853141188,6.808483183383942,29.0,0.0,0.27671981742605556,0.3924121689051394,11.0
1276505,Giovanni Fabbian,2025/2026,55,Serie A,9857,Bologna,Attacking Midfielder,M,2.0,2.44,2.1,1167.0,6.0,40.0,14.0,27.0,0.0,76.0,48.1,32.0,46.4,2.0,2.3072249768301827,1.6957416161894794,18.0,0.0,0.11911467462778089,0.408137083053589,3.0
873270,Anastasios Douvikas,2025/2026,55,Serie A,10171,Como,Striker,F,14.0,12.1,11.86,2278.0,13.0,39.4,40.0,42.0,2.0,100.0,41.8,32.0,43.8,14.0,11.834847496861222,11.786882303655148,62.0,0.0,0.16274402290582649,0.037698302417993504,4.0
116555,Duván Zapata,2025/2026,55,Serie A,9804,Torino,Striker,F,3.0,3.86,3.97,1097.0,6.0,37.5,16.0,24.0,0.0,67.0,45.0,35.0,44.3,2.0,3.7486973144501454,3.7303633503615856,28.0,1.0,0.22021637391299007,0.23567281477153282,6.0
951714,Adrián Bernabé,2025/2026,55,Serie A,10167,Parma,Central Midfielder,M,3.0,2.25,2.97,2493.0,15.0,35.7,22.0,61.0,0.0,119.0,52.2,4.0,22.2,2.0,1.2427564933896065,1.8063690867274997,15.0,1.0,0.9747743709012868,1.1336068101227292,35.0
954621,Youssouf Fofana,2025/2026,55,Serie A,8564,Milan,Central Midfielder,M,2.0,3.68,3.94,2217.0,13.0,34.2,25.0,16.0,0.0,80.0,41.7,10.0,31.2,2.0,3.008683906868099,3.0733651742339125,27.0,0.0,0.8341901497915385,0.6861911937594409,18.0
689680,Jens Odgaard,2025/2026,55,Serie A,9857,Bologna,Attacking Midfielder,M,5.0,2.46,2.84,1381.0,7.0,25.9,32.0,28.0,0.0,92.0,42.4,38.0,49.4,2.0,1.917922465130686,1.5591858858242633,18.0,3.0,0.5420228680595754,1.277730798348785,17.0
1320176,Wesley,2025/2026,55,Serie A,8686,Roma,Left Wing-Back,,5.0,1.6,3.09,2457.0,14.0,23.3,25.0,57.0,1.0,149.0,47.0,25.0,44.6,5.0,1.3489057756960394,2.947746666148304,18.0,0.0,0.2529532900080085,0.14361083041876593,7.0
575364,Alberto Grassi,2025/2026,55,Serie A,7801,Cremonese,Central Midfielder,M,0.0,1.1,0.49,1754.0,8.0,88.9,8.0,30.0,0.0,76.0,60.8,16.0,55.2,0.0,0.6006407961249354,0.249950662255287,5.0,0.0,0.4409809652715917,0.2439763210713864,8.0
790732,Tommaso Pobega,2025/2026,55,Serie A,9857,Bologna,Defensive Midfielder,,3.0,1.69,2.26,1436.0,7.0,70.0,7.0,12.0,0.0,78.0,49.4,22.0,51.2,2.0,1.3174944575876,1.8711866289377217,12.0,1.0,0.45584796275943473,0.7213230263441806,13.0
889535,Yann Aurel Bisseck,2025/2026,55,Serie A,8636,Inter,Center Back,,3.0,2.52,2.2,1922.0,8.0,66.7,7.0,16.0,0.0,89.0,60.1,39.0,65.0,3.0,2.2893681097775698,1.9854806847870352,21.0,0.0,0.2277955785393718,0.21230572462081898,4.0
299799,Bryan Cristante,2025/2026,55,Serie A,8686,Roma,Defensive Midfielder,,2.0,2.1,1.73,3103.0,13.0,59.1,23.0,9.0,0.0,206.0,49.5,114.0,53.8,2.0,1.6546286186203358,0.9767070300877094,33.0,0.0,0.45579660404473554,0.82094892859459,11.0
972120,Boulaye Dia,2025/2026,55,Serie A,8543,Lazio,Striker,F,1.0,2.16,1.88,1250.0,5.0,55.6,25.0,14.0,0.0,46.0,34.8,14.0,27.5,1.0,2.1330826715566227,1.848717331886291,10.0,0.0,0.0595119558274746,0.0904294699430466,2.0
459658,Ruslan Malinovsky,2025/2026,55,Serie A,10233,Genoa,Central Midfielder,M,6.0,4.55,4.83,2250.0,11.0,55.0,29.0,26.0,0.0,102.0,43.4,35.0,47.9,3.0,2.985388385248184,3.080783486366272,5.0,3.0,1.6242548418231306,1.6364135378971694,50.0
762028,Ylber Ramadani,2025/2026,55,Serie A,9888,Lecce,Defensive Midfielder,,1.0,1.1,0.28,3214.0,14.0,51.9,26.0,59.0,0.0,193.0,55.5,32.0,58.2,1.0,0.2505767606198782,0.0339220836758614,4.0,0.0,0.8238166505470872,0.3283180147409443,30.0
789243,Youssef Maleh,2025/2026,55,Serie A,9888,Lecce,Central Midfielder,M,1.0,1.0,0.54,1565.0,7.0,43.8,16.0,18.0,0.0,74.0,45.4,11.0,40.7,0.0,0.7134387157857418,0.48823482915759053,7.0,1.0,0.35497037693858147,0.0528362356126308,15.0
935622,Marcus Holmgren Pedersen,2025/2026,55,Serie A,9804,Torino,Right Midfielder,,1.0,1.74,1.13,2135.0,9.0,42.9,13.0,6.0,0.0,45.0,32.4,7.0,21.9,1.0,1.9492204654961816,1.1265378911048174,11.0,0.0,0.1101437490433454,0.0,4.0
936164,Michel Ndary Adopo,2025/2026,55,Serie A,8529,Cagliari,Central Midfielder,M,1.0,2.51,2.76,3055.0,14.0,38.9,37.0,25.0,0.0,127.0,45.8,31.0,43.1,0.0,2.129053249955177,1.692407518625259,19.0,1.0,0.43804637901484955,1.1634993916377427,9.0
1385856,Davide Bartesaghi,2025/2026,55,Serie A,8564,Milan,Left Midfielder,,2.0,1.11,1.04,2442.0,12.0,37.5,23.0,14.0,0.0,100.0,47.8,25.0,45.5,2.0,0.6299157477915289,0.701116405427456,10.0,0.0,0.4847143478691574,0.3313708454370503,12.0
1030646,Gennaro Borrelli,2025/2026,55,Serie A,8529,Cagliari,Striker,F,5.0,3.18,5.66,1273.0,6.0,37.5,23.0,49.0,0.0,121.0,50.2,54.0,55.1,5.0,2.7980482187122107,4.894506096839904,21.0,0.0,0.2497611730359494,0.07147613540291789,9.0
1199272,Rasmus Højlund,2025/2026,55,Serie A,9875,Napoli,Striker,F,12.0,10.59,11.44,2761.0,12.0,35.3,62.0,53.0,0.0,111.0,35.9,43.0,35.8,12.0,10.267945207694172,11.317572563886642,52.0,0.0,0.28772928193211555,0.1204212307929992,8.0
593118,Denzel Dumfries,2025/2026,55,Serie A,8636,Inter,Right Midfielder,,3.0,3.44,2.42,1327.0,6.0,33.3,7.0,13.0,0.0,65.0,49.6,30.0,55.6,3.0,3.3351240959018464,2.0485975556075564,22.0,0.0,0.0245264023542404,0.0,1.0
1554575,Francesco Camarda,2025/2026,55,Serie A,9888,Lecce,Striker,F,1.0,1.86,0.88,679.0,3.0,33.3,6.0,4.0,0.0,24.0,28.9,14.0,30.4,1.0,1.7568972693212332,0.8629262745380399,13.0,0.0,0.10283912159502501,0.0184337887912989,3.0
1289520,Gabriele Piccinini,2025/2026,55,Serie A,6479,Pisa,Central Midfielder,M,0.0,2.27,1.77,861.0,4.0,33.3,11.0,12.0,0.0,54.0,49.5,17.0,47.2,0.0,2.2488588374108094,1.7568077072501191,18.0,0.0,0.0247956365346909,0.0101319467648864,1.0
543306,Federico Bonazzoli,2025/2026,55,Serie A,7801,Cremonese,Striker,F,10.0,9.73,10.97,2523.0,11.0,32.4,34.0,80.0,0.0,130.0,52.4,9.0,34.6,9.0,8.47103400912583,10.814472348429263,45.0,1.0,1.0559302009642126,0.6575589990243312,30.0
850295,Alessio Zerbin,2025/2026,55,Serie A,7801,Cremonese,Right Midfielder,,0.0,1.61,0.95,1644.0,8.0,29.6,16.0,20.0,0.0,76.0,35.8,9.0,22.0,0.0,1.2407675366848707,0.7518953941762443,12.0,0.0,0.268700549378991,0.17184753715991957,9.0
942193,Mikael Egill Ellertsson,2025/2026,55,Serie A,10233,Genoa,Right Midfielder,,1.0,2.27,0.97,2769.0,11.0,27.5,18.0,42.0,2.0,108.0,45.8,13.0,31.0,1.0,2.133156787604093,1.1725629549473515,20.0,0.0,0.1362467724829913,0.0,6.0
864006,Mattéo Tramoni,2025/2026,55,Serie A,6479,Pisa,Attacking Midfielder,M,2.0,3.25,2.43,1609.0,8.0,23.5,18.0,15.0,0.0,67.0,44.1,12.0,60.0,2.0,2.6633851714819663,2.122031986713409,16.0,0.0,0.5831039110198614,0.30695708747953193,12.0
1669629,Honest Ahanor,2025/2026,55,Serie A,8524,Atalanta,Center Back,,0.0,1.92,0.83,1374.0,5.0,62.5,5.0,28.0,0.0,102.0,59.6,33.0,55.0,0.0,1.919374559074641,0.8337814658880234,13.0,0.0,0.0,0.0,0.0
941656,Samuele Ricci,2025/2026,55,Serie A,8564,Milan,Central Midfielder,M,1.0,1.53,1.8,1297.0,5.0,62.5,9.0,33.0,0.0,56.0,60.2,3.0,30.0,0.0,1.478311669081449,1.205460563302041,6.0,1.0,0.43220952525734896,0.44537740945816096,12.0
624166,Manuel Locatelli,2025/2026,55,Serie A,9885,Juventus,Defensive Midfielder,,1.0,2.76,2.4,3004.0,10.0,55.6,16.0,44.0,0.0,190.0,59.7,37.0,55.2,1.0,1.4090980720162392,1.611250564455986,10.0,0.0,1.3471192969009282,0.7842955980449918,36.0
446266,Mario Pasalic,2025/2026,55,Serie A,8524,Atalanta,Defensive Midfielder,,3.0,2.66,2.46,1932.0,7.0,53.8,9.0,6.0,0.0,67.0,42.1,29.0,40.3,2.0,2.33228642679751,2.2325864285230628,19.0,1.0,0.3272774815559385,0.224211126565933,5.0
1336582,Máximo Perrone,2025/2026,55,Serie A,10171,Como,Defensive Midfielder,,3.0,2.14,1.95,2748.0,9.0,52.9,22.0,23.0,0.0,100.0,46.7,12.0,52.2,2.0,1.7028835304081442,1.5446523763239393,7.0,1.0,0.41990708373487007,0.3465808359906083,11.0
1396089,Matteo Prati,2025/2026,55,Serie A,8529,Cagliari,Central Midfielder,M,1.0,1.57,0.92,1889.0,7.0,50.0,5.0,10.0,0.0,71.0,49.3,15.0,51.7,1.0,0.9127783663570882,0.951724708080292,10.0,0.0,0.7542027309536934,0.0,21.0
1289942,Samuele Angori,2025/2026,55,Serie A,6479,Pisa,Left Midfielder,,0.0,1.82,1.26,2604.0,9.0,50.0,13.0,55.0,0.0,128.0,62.1,19.0,44.2,0.0,1.4784881323575965,1.226778686046601,6.0,0.0,0.3020626679062843,0.0615027360618114,8.0
940829,Carlos Augusto,2025/2026,55,Serie A,8636,Inter,Center Back,,1.0,1.46,1.5,1753.0,6.0,46.2,9.0,13.0,0.0,116.0,61.7,61.0,69.3,1.0,1.3614064436405906,1.47636529430747,15.0,0.0,0.09531680401414633,0.0242679622024298,5.0
737857,Dusan Vlahovic,2025/2026,55,Serie A,9885,Juventus,Striker,F,7.0,7.08,7.36,970.0,3.0,42.9,19.0,18.0,1.0,49.0,45.0,25.0,46.3,6.0,6.555127747395637,6.477164898067711,38.0,1.0,0.44938469305634504,0.8863833546638489,11.0
362120,Danilo Cataldi,2025/2026,55,Serie A,8543,Lazio,Central Midfielder,M,3.0,2.99,2.67,1992.0,6.0,40.0,4.0,12.0,0.0,64.0,54.7,14.0,63.6,3.0,2.293008446770906,2.2841701433062562,6.0,0.0,0.6889437790960079,0.3878334304317834,20.0
286119,Jamie Vardy,2025/2026,55,Serie A,7801,Cremonese,Striker,F,7.0,4.9,5.06,2107.0,6.0,40.0,23.0,21.0,1.0,87.0,40.7,48.0,39.7,6.0,4.7289557717740545,4.135058291256429,25.0,1.0,0.19901608396321568,0.785087302327156,5.0
414906,Giovanni Di Lorenzo,2025/2026,55,Serie A,9875,Napoli,Right Back,,2.0,2.03,2.7,2278.0,8.0,38.1,8.0,23.0,2.0,111.0,56.1,35.0,59.3,2.0,2.010042237117886,2.6871526036411515,24.0,0.0,0.0237500760704279,0.0130041446536779,1.0
304733,Hakan Çalhanoglu,2025/2026,55,Serie A,8636,Inter,Central Midfielder,M,9.0,5.65,7.44,1649.0,5.0,35.7,6.0,11.0,0.0,63.0,50.4,13.0,56.5,4.0,4.059153696715832,3.8436990380287175,7.0,5.0,1.5642707515507939,3.5384133867919454,43.0
1078846,Andrea Cambiaso,2025/2026,55,Serie A,9885,Juventus,Left Wing-Back,,3.0,2.95,3.5,2794.0,9.0,33.3,22.0,21.0,0.0,100.0,49.5,9.0,36.0,3.0,2.3997867386788125,3.028063267469406,14.0,0.0,0.5459291152656078,0.47583372332155754,12.0
466113,Jari Vandeputte,2025/2026,55,Serie A,7801,Cremonese,Central Midfielder,M,1.0,2.16,1.76,1953.0,7.0,31.8,22.0,25.0,1.0,75.0,43.9,5.0,31.2,1.0,1.7847899161279206,1.619730506092309,9.0,0.0,0.39211657480336726,0.1304534375667572,11.0
1246009,Cher Ndour,2025/2026,55,Serie A,8535,Fiorentina,Central Midfielder,M,3.0,2.61,3.04,1872.0,7.0,30.4,12.0,24.0,0.0,98.0,46.4,32.0,41.0,3.0,1.9976826384663577,2.0413229390978804,10.0,0.0,0.6152122318744659,0.9959364756941788,14.0
586474,Kingsley Ehizibue,2025/2026,55,Serie A,8600,Udinese,Right Midfielder,,2.0,1.15,1.17,1810.0,7.0,26.9,16.0,23.0,0.0,80.0,46.5,12.0,44.4,2.0,1.1303416788578038,1.169718220829963,6.0,0.0,0.0614962223917246,0.0,2.0
939569,Jonathan David,2025/2026,55,Serie A,9885,Juventus,Striker,F,6.0,8.81,7.07,1782.0,6.0,24.0,23.0,26.0,0.0,66.0,34.2,17.0,27.0,6.0,8.607271477618811,7.009434871375559,37.0,0.0,0.2056955769658089,0.0638694763183594,4.0
867225,Zeki Çelik,2025/2026,55,Serie A,8686,Roma,Right Wing-Back,,1.0,1.54,0.94,2730.0,8.0,22.2,13.0,18.0,0.0,125.0,50.2,36.0,57.1,1.0,1.521179100498557,0.9427962377667423,19.0,0.0,0.020836970536038238,0.0,3.0
540307,Lorenzo Pellegrini,2025/2026,55,Serie A,8686,Roma,Attacking Midfielder,M,4.0,5.32,4.36,1475.0,5.0,20.8,22.0,39.0,0.0,77.0,44.0,21.0,45.7,4.0,4.8065504078596835,3.9377832319587474,22.0,0.0,0.5245612803846593,0.3925349134951828,10.0
439148,Morten Thorsby,2025/2026,55,Serie A,10233,Genoa,Central Midfielder,M,3.0,2.25,2.95,1375.0,3.0,100.0,8.0,11.0,0.0,131.0,52.2,96.0,54.5,3.0,2.335102052427827,2.991838179528713,20.0,0.0,0.0345487333834171,0.0608178786933422,1.0
1106074,Mario Gila,2025/2026,55,Serie A,8543,Lazio,Center Back,,0.0,1.43,1.33,2481.0,6.0,85.7,8.0,25.0,0.0,134.0,66.0,58.0,64.4,0.0,1.342449989169836,0.9808400645852082,11.0,0.0,0.0207830034196377,0.0,1.0
149219,Christian Kabasele,2025/2026,55,Serie A,8600,Udinese,Center Back,,3.0,1.29,2.92,2256.0,5.0,83.3,4.0,25.0,0.0,111.0,60.0,65.0,65.0,3.0,1.2539124339818946,2.9202336948364973,9.0,0.0,0.0316757075488567,0.0,1.0
402830,Guillermo Maripán,2025/2026,55,Serie A,9804,Torino,Center Back,,2.0,1.57,2.32,2145.0,4.0,66.7,9.0,7.0,0.0,121.0,54.3,59.0,52.7,2.0,1.5280410218983886,2.2724703550338745,16.0,0.0,0.0338491406291723,0.0466182939708233,2.0
1250485,Tarik Muharemovic,2025/2026,55,Serie A,7943,Sassuolo,Center Back,,2.0,1.64,1.74,2835.0,7.0,63.6,2.0,20.0,0.0,134.0,64.4,67.0,64.4,2.0,1.620349315926433,1.6609753817319866,15.0,0.0,0.11345051135867829,0.08144507743418214,5.0
805451,Alessandro Bastoni,2025/2026,55,Serie A,8636,Inter,Center Back,,1.0,1.35,1.11,2249.0,6.0,60.0,3.0,20.0,0.0,129.0,58.9,52.0,64.2,1.0,1.3034366406500328,1.111986044794321,15.0,0.0,0.048480005934834494,0.0,2.0
449283,Alessandro Deiola,2025/2026,55,Serie A,8529,Cagliari,Central Midfielder,M,0.0,1.53,1.37,1435.0,3.0,60.0,5.0,12.0,0.0,61.0,50.0,11.0,35.5,0.0,1.2003171723335972,1.3478561937808993,11.0,0.0,0.41665535792708386,0.0235158838331699,11.0
485634,Roberto Gagliardini,2025/2026,55,Serie A,9876,Hellas Verona,Central Midfielder,M,1.0,1.23,0.25,2216.0,6.0,60.0,12.0,35.0,0.0,169.0,59.3,58.0,62.4,1.0,1.1265877541154627,0.183799847960472,10.0,0.0,0.10962411155924195,0.0642406195402145,5.0
1413963,Jacobo Ramón,2025/2026,55,Serie A,10171,Como,Center Back,,2.0,4.57,3.56,2743.0,7.0,58.3,9.0,12.0,0.0,182.0,60.9,113.0,66.9,2.0,4.367031103000047,3.51122203655541,36.0,0.0,0.09391871280968181,0.0,3.0
935380,Enrico Del Prato,2025/2026,55,Serie A,10167,Parma,Center Back,,2.0,2.12,2.02,2953.0,5.0,55.6,4.0,10.0,0.0,85.0,52.8,34.0,48.6,2.0,2.047798575833439,2.016177419573068,18.0,0.0,0.0,0.0,0.0
866516,Teun Koopmeiners,2025/2026,55,Serie A,9885,Juventus,Center Back,,0.0,1.5,0.99,1819.0,5.0,55.6,3.0,11.0,0.0,80.0,50.6,32.0,58.2,0.0,0.9440602231770756,0.6244212239980702,13.0,0.0,0.5708932541310786,0.382940545678138,15.0
605224,Federico Dimarco,2025/2026,55,Serie A,8636,Inter,Left Midfielder,,7.0,5.22,5.13,2704.0,7.0,50.0,11.0,23.0,0.0,82.0,48.0,2.0,14.3,5.0,4.224113581702111,4.157388359308245,41.0,2.0,1.116714037954807,0.9695378206670284,24.0
1190029,Thomas Kristensen,2025/2026,55,Serie A,8600,Udinese,Center Back,,3.0,1.02,2.54,2475.0,6.0,50.0,2.0,9.0,0.0,122.0,56.7,81.0,63.3,3.0,1.1370987473055711,2.67956056073308,9.0,0.0,0.045984236523509,0.0,2.0
914103,Johan Vásquez,2025/2026,55,Serie A,10233,Genoa,Center Back,,1.0,1.29,1.16,3217.0,8.0,47.1,9.0,46.0,0.0,185.0,57.3,73.0,47.1,1.0,1.0950401043519378,0.9020824655890463,18.0,0.0,0.1893785335123539,0.0,6.0
935406,Luca Ranieri,2025/2026,55,Serie A,8535,Fiorentina,Center Back,,1.0,1.89,0.51,2463.0,6.0,40.0,4.0,27.0,0.0,114.0,59.7,47.0,57.3,1.0,1.8633711840957408,0.4893044903874394,16.0,0.0,0.0339469937607646,0.0198419727385044,2.0
577911,Rolando Mandragora,2025/2026,55,Serie A,8535,Fiorentina,Central Midfielder,M,7.0,4.7,5.42,2438.0,6.0,37.5,11.0,55.0,1.0,141.0,60.0,38.0,61.3,4.0,2.9074370284020903,3.180499546229839,25.0,3.0,1.7686526067554955,2.2378520919010034,39.0
885085,Thijs Dallinga,2025/2026,55,Serie A,9857,Bologna,Striker,F,2.0,2.94,1.67,803.0,2.0,33.3,13.0,9.0,1.0,36.0,35.3,18.0,37.5,2.0,2.731123948469758,1.670059233903884,19.0,0.0,0.17394906282424932,0.0,4.0
1131217,Pierre Kalulu,2025/2026,55,Serie A,9885,Juventus,Center Back,,2.0,1.75,1.37,3282.0,7.0,31.8,10.0,16.0,0.0,119.0,53.4,35.0,46.7,2.0,1.6247043758630755,1.1570968367159367,10.0,0.0,0.06404928490519521,0.107996672391891,3.0
671203,Mario Hermoso,2025/2026,55,Serie A,8686,Roma,Center Back,,3.0,1.83,2.58,2096.0,4.0,30.8,3.0,19.0,0.0,107.0,53.8,50.0,61.7,3.0,1.7913857838138934,2.582586884498595,18.0,0.0,0.0377851687371731,0.0,2.0
478447,Adam Marusic,2025/2026,55,Serie A,8543,Lazio,Right Back,,1.0,1.31,1.3,2783.0,6.0,30.0,9.0,18.0,0.0,89.0,51.1,31.0,47.7,1.0,1.2081327401101594,0.930289894342422,9.0,0.0,0.2410059683024885,0.1893149642273785,7.0
213501,Álvaro Morata,2025/2026,55,Serie A,10171,Como,Striker,F,0.0,4.92,3.2,923.0,2.0,28.6,13.0,33.0,1.0,65.0,52.4,16.0,45.7,0.0,5.011099745154381,3.2045156583189973,20.0,0.0,0.14824262261390692,0.0,3.0
1384881,Álex Valle,2025/2026,55,Serie A,10171,Como,Left Back,,1.0,1.04,0.93,2025.0,5.0,26.3,7.0,19.0,0.0,93.0,50.5,18.0,52.9,1.0,0.9574502538889647,0.934752434492111,8.0,0.0,0.081299513578415,0.0,3.0
750030,Andrea Pinamonti,2025/2026,55,Serie A,7943,Sassuolo,Striker,F,9.0,8.78,12.57,2572.0,5.0,26.3,31.0,33.0,1.0,103.0,39.6,57.0,37.0,9.0,9.338015416675807,12.914039488881826,65.0,0.0,0.33493424393236637,0.0,7.0
1367618,Francesco Pio Esposito,2025/2026,55,Serie A,8636,Inter,Striker,F,7.0,7.4,10.4,1561.0,4.0,25.0,22.0,50.0,0.0,104.0,50.5,42.0,52.5,7.0,6.927805008366704,10.129763439297678,52.0,0.0,0.2751638628542423,0.0,5.0
1189288,Federico Gatti,2025/2026,55,Serie A,9885,Juventus,Center Back,,2.0,2.1,3.03,1089.0,1.0,100.0,1.0,6.0,0.0,46.0,56.1,27.0,62.8,2.0,2.0716833481565122,3.027429988607765,13.0,0.0,0.0251394063234329,0.0,1.0
260964,Berat Djimsiti,2025/2026,55,Serie A,8524,Atalanta,Center Back,,0.0,1.63,1.18,2527.0,3.0,75.0,3.0,8.0,0.0,149.0,59.8,86.0,58.9,0.0,1.619150537997485,1.185042083263397,15.0,0.0,0.0202696695923805,0.0,1.0
1318686,Alessandro Circati,2025/2026,55,Serie A,10167,Parma,Center Back,,1.0,1.01,0.98,2666.0,4.0,66.7,5.0,18.0,0.0,141.0,62.7,76.0,62.8,1.0,1.0256452150642876,0.918946743011475,8.0,0.0,0.0,0.0,0.0
588687,Gianluca Mancini,2025/2026,55,Serie A,8686,Roma,Center Back,,4.0,2.46,3.34,3066.0,4.0,66.7,6.0,42.0,0.0,188.0,56.0,91.0,62.8,4.0,2.410635404288769,3.248619377613068,19.0,0.0,0.0476114340126514,0.0862897709012032,1.0
873573,Sam Beukema,2025/2026,55,Serie A,9875,Napoli,Center Back,,2.0,1.7,2.02,1680.0,2.0,66.7,4.0,5.0,0.0,57.0,48.7,32.0,52.5,2.0,1.6283676996827132,1.947225451469422,5.0,0.0,0.07769087608903649,0.0775120332837105,3.0
897315,Simone Canestrelli,2025/2026,55,Serie A,6479,Pisa,Center Back,,1.0,1.31,1.18,3201.0,3.0,60.0,6.0,21.0,0.0,158.0,57.2,94.0,61.4,1.0,1.3347577145323155,1.135584823787213,15.0,0.0,0.0253917649388313,0.0,1.0
544693,Amir Rrahmani,2025/2026,55,Serie A,9875,Napoli,Center Back,,2.0,1.4,1.67,1800.0,2.0,50.0,3.0,16.0,0.0,108.0,65.5,68.0,68.7,2.0,1.3465958833694454,1.67426873743534,13.0,0.0,0.0553401038050652,0.0,2.0
1529222,Pietro Comuzzo,2025/2026,55,Serie A,8535,Fiorentina,Center Back,,1.0,1.03,1.23,1695.0,1.0,50.0,2.0,4.0,0.0,69.0,50.4,32.0,50.0,1.0,0.9958639331161974,1.228005528450012,8.0,0.0,0.0378665514290333,0.0,2.0
787242,Evan N'Dicka,2025/2026,55,Serie A,8686,Roma,Center Back,,3.0,1.95,2.64,2683.0,4.0,44.4,6.0,35.0,0.0,139.0,58.6,76.0,60.8,3.0,1.9265741994604473,2.643026076257228,22.0,0.0,0.0245991870760918,0.0,1.0
729093,Mathías Olivera,2025/2026,55,Serie A,9875,Napoli,Center Back,,0.0,1.37,0.42,1369.0,2.0,40.0,6.0,10.0,0.0,88.0,62.4,34.0,60.7,0.0,1.3195966500788936,0.422072306275367,6.0,0.0,0.0550804026424885,0.0,2.0
496042,Yerry Mina,2025/2026,55,Serie A,8529,Cagliari,Center Back,,2.0,1.58,1.85,2153.0,2.0,40.0,9.0,37.0,0.0,129.0,63.5,58.0,65.2,2.0,1.522346025332809,1.8543149754405026,9.0,0.0,0.0268765301443636,0.0,2.0
1163501,Filippo Terracciano,2025/2026,55,Serie A,7801,Cremonese,Center Back,,2.0,1.88,1.5,3012.0,5.0,38.5,3.0,26.0,0.0,106.0,60.9,43.0,58.1,2.0,1.8513216683641078,1.4808171354234219,9.0,0.0,0.11853245552629231,0.016949113458395,5.0
195416,Antonio Caracciolo,2025/2026,55,Serie A,6479,Pisa,Center Back,,2.0,2.09,1.35,3074.0,3.0,33.3,8.0,11.0,0.0,139.0,53.3,55.0,57.9,2.0,1.9234362682327624,1.3411189857870331,18.0,0.0,0.11350554041564466,0.0285919774323702,7.0
355356,Marc-Oliver Kempf,2025/2026,55,Serie A,10171,Como,Center Back,,4.0,2.82,2.74,2323.0,2.0,33.3,4.0,19.0,0.0,134.0,59.6,93.0,66.9,4.0,2.7929043667390934,2.7269048579037194,19.0,0.0,0.02505079563707116,0.0107735339552164,2.0
201704,Remo Freuler,2025/2026,55,Serie A,9857,Bologna,Defensive Midfielder,,1.0,1.32,0.99,2217.0,2.0,28.6,9.0,24.0,0.0,96.0,56.5,15.0,36.6,1.0,1.2645626533776524,0.99361515045166,5.0,0.0,0.05202566366642719,0.0,3.0
651435,Toma Basic,2025/2026,55,Serie A,8543,Lazio,Central Midfielder,M,2.0,1.41,1.6,1746.0,1.0,25.0,11.0,19.0,0.0,62.0,52.1,21.0,63.6,1.0,0.8338031079620121,0.7733536697924142,9.0,1.0,0.585660465992987,0.9262148011475793,21.0
1189223,Patrizio Masini,2025/2026,55,Serie A,10233,Genoa,Defensive Midfielder,,0.0,1.87,0.58,1400.0,2.0,22.2,17.0,45.0,0.0,141.0,55.7,26.0,38.8,0.0,1.5878603663295503,0.5341254845261569,9.0,0.0,0.2885495936498047,0.0456670448184013,9.0
314605,Alberto Moreno,2025/2026,55,Serie A,10171,Como,Left Back,,2.0,1.51,1.6,1234.0,1.0,16.7,7.0,12.0,1.0,48.0,50.5,13.0,50.0,2.0,1.1202123891562221,1.5702388733625419,9.0,0.0,0.3787602130323651,0.0,2.0
362195,Alessio Romagnoli,2025/2026,55,Serie A,8543,Lazio,Center Back,,0.0,1.46,1.74,2667.0,1.0,100.0,1.0,15.0,0.0,101.0,59.8,65.0,61.3,0.0,1.410001194570213,1.741764813661575,9.0,0.0,0.0,0.0,0.0
740944,Leo Østigard,2025/2026,55,Serie A,10233,Genoa,Center Back,,5.0,3.39,5.87,2623.0,1.0,100.0,2.0,15.0,0.0,157.0,64.9,108.0,71.5,5.0,3.4779496081173407,5.916151225566864,21.0,0.0,0.016145758330822,0.00934419967234135,1.0
1574492,Tiago Gabriel,2025/2026,55,Serie A,9888,Lecce,Center Back,,2.0,3.6,1.41,3220.0,1.0,100.0,9.0,40.0,0.0,227.0,67.2,124.0,66.3,2.0,3.475594775751231,1.333775669336319,19.0,0.0,0.0841733813285828,0.0739570111036301,1.0
799230,Federico Baschirotto,2025/2026,55,Serie A,7801,Cremonese,Center Back,,2.0,1.06,2.06,2541.0,1.0,50.0,3.0,9.0,0.0,93.0,48.2,57.0,55.3,2.0,1.0544112958014007,1.905053988099098,11.0,0.0,0.0152688333764672,0.236982494592667,1.0
521318,Manuel Akanji,2025/2026,55,Serie A,8636,Inter,Center Back,,2.0,2.05,1.72,2820.0,1.0,50.0,4.0,18.0,0.0,117.0,57.9,51.0,53.7,2.0,1.8955114521086207,1.7081653028726578,19.0,0.0,0.1595686078071594,0.0200841762125492,4.0
823018,Alessandro Buongiorno,2025/2026,55,Serie A,9875,Napoli,Center Back,,0.0,1.43,0.67,2519.0,1.0,20.0,2.0,26.0,0.0,134.0,56.5,75.0,65.2,0.0,1.4317438006401058,0.6708338931202893,8.0,0.0,0.0,0.0,0.0
857269,Gleison Bremer,2025/2026,55,Serie A,9885,Juventus,Center Back,,4.0,2.79,2.05,2175.0,1.0,14.3,5.0,10.0,0.0,105.0,55.6,66.0,57.9,3.0,2.7406579526141286,1.8498625895008454,20.0,1.0,0.0525218341499567,0.1997757963836196,3.0
900433,Khvicha Kvaratskhelia,2025/2026,53,Ligue 1,9847,Paris Saint-Germain,Left Winger,,8.0,7.91,8.91,1483.0,44.0,57.9,22.0,26.0,0.0,101.0,50.2,7.0,30.4,7.0,7.413148701229693,8.054533895105122,51.0,1.0,0.4995459280908109,0.8553560925647615,14.0
1514456,Pathé Mboup,2025/2026,53,Ligue 1,8521,Brest,Left Winger,,1.0,3.12,2.39,1048.0,32.0,42.7,32.0,19.0,0.0,81.0,36.2,10.0,30.3,1.0,3.0477087721228604,2.358105070888995,20.0,0.0,0.07368449307978159,0.0312908291816711,3.0
1073742,Julio Enciso,2025/2026,53,Ligue 1,9848,Strasbourg,Attacking Midfielder,M,3.0,7.6,6.41,1892.0,54.0,56.2,39.0,31.0,0.0,118.0,48.0,12.0,36.4,3.0,6.15121802225858,4.7799386102706185,32.0,0.0,1.5879833111539483,1.7093931650742893,29.0
955411,Yann Gboho,2025/2026,53,Ligue 1,9941,Toulouse,Attacking Midfielder,M,8.0,5.91,6.37,2630.0,77.0,49.7,68.0,69.0,0.0,174.0,47.5,2.0,12.5,6.0,5.09779901430011,4.291350796818734,34.0,2.0,0.79541097022593,2.4033302962780003,24.0
365672,Sofiane Boufal,2025/2026,53,Ligue 1,9746,Le Havre,Attacking Midfielder,M,1.0,1.5,0.74,1028.0,25.0,42.4,21.0,32.0,1.0,86.0,47.8,4.0,66.7,1.0,1.1051229834944012,0.528786957263947,7.0,0.0,0.3880893914029002,0.2112410701811313,12.0
1339208,Désiré Doué,2025/2026,53,Ligue 1,9847,Paris Saint-Germain,Right Winger,,7.0,7.91,8.06,1356.0,32.0,44.4,26.0,28.0,3.0,93.0,46.5,1.0,16.7,5.0,6.106267048084735,5.382704896852374,31.0,2.0,1.8086105147376663,2.6731979623436937,24.0
692984,Ousmane Dembélé,2025/2026,53,Ligue 1,9847,Paris Saint-Germain,Striker,F,10.0,6.6,7.66,1062.0,24.0,61.5,12.0,4.0,0.0,36.0,49.3,2.0,33.3,9.0,6.003179323044422,6.371757417917251,31.0,1.0,0.5956310052424669,1.292770653963089,14.0
950473,Mason Greenwood,2025/2026,53,Ligue 1,8592,Marseille,Right Winger,,16.0,14.39,15.78,2469.0,54.0,51.4,27.0,34.0,1.0,105.0,45.9,2.0,22.2,13.0,12.51602607810199,13.665633868426085,64.0,3.0,1.8601595936343074,2.11687911208719,51.0
1297165,Bradley Barcola,2025/2026,53,Ligue 1,9847,Paris Saint-Germain,Left Winger,,11.0,10.83,10.09,1750.0,36.0,41.4,23.0,10.0,1.0,86.0,42.6,10.0,47.6,8.0,9.029186327010393,8.518483299762012,49.0,3.0,1.8691105227917435,1.8380576074123383,18.0
1593857,Ibrahim Mbaye,2025/2026,53,Ligue 1,9847,Paris Saint-Germain,Right Winger,,3.0,3.28,3.19,997.0,21.0,38.2,17.0,13.0,0.0,53.0,41.7,5.0,35.7,2.0,3.108658805489539,2.714254569262266,20.0,1.0,0.1675841063261033,0.4730721451342106,4.0
1158945,Nuno Mendes,2025/2026,53,Ligue 1,9847,Paris Saint-Germain,Left Back,,4.0,4.33,4.69,1251.0,25.0,49.0,13.0,25.0,0.0,83.0,56.1,8.0,50.0,3.0,3.9372061621785175,3.2445172872394323,16.0,1.0,0.43989441869780416,1.4452436519786716,14.0
1250492,Matthis Abline,2025/2026,53,Ligue 1,9830,Nantes,Left Winger,,6.0,7.95,6.38,2519.0,51.0,44.0,46.0,42.0,2.0,146.0,43.2,34.0,47.2,5.0,6.506732935124638,5.470025250688195,45.0,1.0,1.5700179506093268,1.2299015000462539,40.0
254308,Florian Thauvin,2025/2026,53,Ligue 1,8588,Lens,Attacking Midfielder,M,11.0,10.9,11.05,2460.0,50.0,43.1,56.0,34.0,0.0,120.0,40.4,11.0,36.7,10.0,10.281723972526192,10.50250395014882,52.0,1.0,0.7906406763941054,0.3889398332685232,21.0
1242587,Amine Sbaï,2025/2026,53,Ligue 1,8121,Angers,Left Winger,,3.0,3.91,4.92,1832.0,37.0,37.4,43.0,24.0,0.0,84.0,36.8,3.0,20.0,2.0,3.3252696618825195,3.5821565762162217,22.0,1.0,0.5236926935613159,1.4344399962574244,12.0
940976,Kang-In Lee,2025/2026,53,Ligue 1,9847,Paris Saint-Germain,Central Midfielder,M,3.0,2.66,2.89,1522.0,28.0,54.9,21.0,19.0,0.0,70.0,47.3,7.0,50.0,3.0,2.0880769938230515,2.213386908173562,18.0,0.0,0.5688634216785432,0.6771905981004243,19.0
693171,Ludovic Blas,2025/2026,53,Ligue 1,9851,Rennes,Right Midfielder,,5.0,5.1,4.8,1541.0,27.0,50.9,27.0,27.0,0.0,81.0,41.8,6.0,27.3,5.0,4.2592666056781985,4.510215327143668,25.0,0.0,0.8261638563126321,0.2875828742980958,22.0
1342754,Diego Moreira,2025/2026,53,Ligue 1,9848,Strasbourg,Right Winger,,4.0,2.02,2.63,2041.0,36.0,41.9,25.0,27.0,0.0,121.0,46.7,15.0,50.0,2.0,1.467573178932071,2.022659450769424,13.0,2.0,0.5424889298155903,0.5194215252995494,16.0
637745,Jonathan Ikoné,2025/2026,53,Ligue 1,6379,Paris FC,Right Winger,,3.0,3.09,2.36,1102.0,18.0,52.9,17.0,18.0,0.0,58.0,46.4,5.0,29.4,3.0,2.7064784597605467,2.4451747387647633,19.0,0.0,0.345974557101727,0.0482797101140022,6.0
939061,Giorgi Tsitaishvili,2025/2026,53,Ligue 1,8550,Metz,Left Winger,,3.0,1.49,1.45,2457.0,42.0,49.4,14.0,36.0,0.0,104.0,50.2,7.0,43.8,3.0,1.1781151778995989,1.3865786939859386,19.0,0.0,0.33447137102484714,0.0408264063298702,12.0
1586559,Rayan Fofana,2025/2026,53,Ligue 1,8588,Lens,Striker,F,5.0,5.61,5.35,786.0,13.0,44.8,15.0,34.0,1.0,72.0,49.7,15.0,39.5,5.0,5.154135949909686,5.281420812010764,29.0,0.0,0.5247638598084458,0.0658481251448393,7.0
566187,Ali Abdi,2025/2026,53,Ligue 1,9831,Nice,Left Back,,3.0,2.4,1.47,1165.0,19.0,44.2,7.0,18.0,0.0,85.0,49.4,26.0,50.0,3.0,2.380014408379793,1.4670203514397142,15.0,0.0,0.0306077264249325,0.0,1.0
1401248,Rémy Lascary,2025/2026,53,Ligue 1,8521,Brest,Left Winger,,5.0,5.65,5.93,1195.0,20.0,39.2,11.0,18.0,0.0,65.0,36.3,11.0,27.5,4.0,5.403424559161067,5.749650223180651,24.0,1.0,0.3978952718898653,0.7949440479278571,10.0
853108,Jean-Philippe Krasso,2025/2026,53,Ligue 1,6379,Paris FC,Striker,F,2.0,3.43,3.42,1090.0,18.0,37.5,13.0,19.0,0.0,78.0,38.4,32.0,37.6,2.0,3.2635871433109056,3.264085583388804,20.0,0.0,0.1825601095333696,0.157959222793579,7.0
1607493,Dehmaine Tabibou,2025/2026,53,Ligue 1,9830,Nantes,Right Winger,,1.0,1.95,1.44,1251.0,20.0,54.1,20.0,20.0,0.0,80.0,50.0,10.0,47.6,1.0,1.3026329502463336,0.8233472332358363,13.0,0.0,0.6556730419397354,0.6126287989318367,16.0
1302715,Martial Godo,2025/2026,53,Ligue 1,9848,Strasbourg,Left Winger,,10.0,7.89,7.93,1587.0,24.0,44.4,30.0,32.0,1.0,76.0,47.5,4.0,50.0,8.0,7.66493176203221,7.0183596909046155,35.0,2.0,0.23495003581047058,0.9361652862280607,6.0
1444231,Matias Fernandez-Pardo,2025/2026,53,Ligue 1,8639,Lille,Striker,F,8.0,8.82,8.55,2379.0,36.0,43.9,33.0,40.0,1.0,100.0,41.8,4.0,12.1,8.0,8.310410196039081,8.38516176864505,55.0,0.0,0.5104500828310847,0.2998711131513115,13.0
1561552,Ayyoub Bouaddi,2025/2026,53,Ligue 1,8639,Lille,Defensive Midfielder,,0.0,1.65,0.83,2329.0,34.0,60.7,26.0,24.0,0.0,142.0,56.6,25.0,64.1,0.0,1.3915794435888533,0.5921924971044055,8.0,0.0,0.26349927205592377,0.242760315537453,8.0
953812,Sofiane Diop,2025/2026,53,Ligue 1,9831,Nice,Attacking Midfielder,M,8.0,7.18,6.08,2144.0,32.0,49.2,36.0,46.0,0.0,108.0,45.0,9.0,29.0,7.0,5.839164847585558,6.011924859136341,31.0,1.0,1.313543032854795,0.2837934754788875,23.0
1276315,Dermane Karim,2025/2026,53,Ligue 1,8689,Lorient,Attacking Midfielder,M,1.0,1.17,0.91,1363.0,20.0,47.6,25.0,39.0,1.0,90.0,47.4,6.0,22.2,1.0,1.0434793960303068,0.898016273975372,12.0,0.0,0.12077587656676769,0.0153129901736975,4.0
956659,Himad Abdelli,2025/2026,53,Ligue 1,8121,Angers,Defensive Midfielder,,2.0,2.13,2.17,1079.0,15.0,45.5,12.0,12.0,0.0,60.0,50.4,9.0,69.2,2.0,1.7935097814381127,1.710298895835876,4.0,0.0,0.3551907315850258,0.4295615553855895,11.0
541933,Mama Baldé,2025/2026,53,Ligue 1,8521,Brest,Left Winger,,2.0,2.9,1.48,711.0,10.0,45.5,11.0,11.0,0.0,53.0,49.1,20.0,50.0,2.0,2.6723100729286684,1.4623850584030151,24.0,0.0,0.2895406764000653,0.0130366096273065,7.0
999690,Ilan Kebbal,2025/2026,53,Ligue 1,6379,Paris FC,Right Winger,,9.0,6.55,9.17,2229.0,32.0,45.1,46.0,61.0,1.0,126.0,48.8,2.0,12.5,7.0,5.918850904485584,7.722399407997727,30.0,2.0,0.6321638803929092,1.446258798241616,20.0
467486,Moses Simon,2025/2026,53,Ligue 1,6379,Paris FC,Left Winger,,3.0,2.73,3.07,2017.0,29.0,44.6,45.0,19.0,0.0,69.0,34.8,8.0,22.2,3.0,2.3307471983134747,2.6433535665273675,19.0,0.0,0.533343963325024,0.4422573111951355,15.0
844437,Amine Gouiri,2025/2026,53,Ligue 1,8592,Marseille,Striker,F,8.0,6.23,7.39,1328.0,19.0,39.6,22.0,16.0,0.0,55.0,38.7,8.0,38.1,8.0,5.8168646954,7.187242537736893,29.0,0.0,0.36875555478036426,0.18467799201607732,9.0
813055,Mousa Tamari,2025/2026,53,Ligue 1,9851,Rennes,Left Midfielder,,6.0,5.22,5.7,2224.0,33.0,35.5,45.0,27.0,4.0,88.0,38.3,2.0,25.0,5.0,4.357794577255845,4.430049601942304,38.0,1.0,0.9491157522425061,1.2361913993954667,26.0
1367047,Afonso Moreira,2025/2026,53,Ligue 1,9748,Lyon,Left Winger,,4.0,2.69,4.74,1717.0,24.0,34.3,35.0,57.0,1.0,122.0,45.2,9.0,22.5,4.0,2.3219351600855593,4.206921190023423,25.0,0.0,0.370572860352695,0.5441136872395869,15.0
820712,Koffi Kouao,2025/2026,53,Ligue 1,8550,Metz,Right Back,,2.0,1.75,2.47,2273.0,30.0,71.4,16.0,33.0,1.0,143.0,56.5,9.0,39.1,2.0,1.4311158414930096,1.8349673058837652,11.0,0.0,0.3263245383277536,0.6422797702252863,12.0
445856,Wesley Saïd,2025/2026,53,Ligue 1,8588,Lens,Attacking Midfielder,M,12.0,9.91,11.36,2010.0,26.0,60.5,19.0,13.0,0.0,75.0,41.4,15.0,36.6,12.0,9.45642554950118,11.196398999542,52.0,0.0,0.4543676320463418,0.19211968407034868,8.0
699461,Jean-Victor Makengo,2025/2026,53,Ligue 1,8689,Lorient,Attacking Midfielder,M,4.0,3.11,4.92,1813.0,24.0,58.5,19.0,35.0,0.0,99.0,56.9,12.0,40.0,3.0,2.426428101956845,3.8744129911065115,20.0,1.0,0.6479352703317999,1.0013857595622533,18.0
1185211,Mamadou Sangaré,2025/2026,53,Ligue 1,8588,Lens,Defensive Midfielder,,3.0,3.34,2.57,2327.0,32.0,56.1,26.0,43.0,0.0,190.0,56.5,31.0,56.4,1.0,2.1082511711865646,1.4568948149681094,16.0,2.0,1.2319405451416967,1.109659601002932,35.0
355901,Morgan Sanson,2025/2026,53,Ligue 1,9831,Nice,Central Midfielder,M,0.0,2.52,0.61,1773.0,23.0,51.1,31.0,21.0,0.0,91.0,44.0,16.0,48.5,0.0,2.040508713573218,0.5864482000470157,11.0,0.0,0.48846069164574135,0.0190808679908514,8.0
1177312,Sékou Mara,2025/2026,53,Ligue 1,8583,Auxerre,Striker,F,3.0,3.08,3.4,1229.0,17.0,50.0,25.0,27.0,1.0,92.0,44.4,35.0,42.7,3.0,2.596396999433637,2.8602029159665108,24.0,0.0,0.49047803692519654,0.5229455828666689,9.0
1086012,Ansu Fati,2025/2026,53,Ligue 1,9829,Monaco,Attacking Midfielder,M,11.0,9.57,10.08,1086.0,14.0,48.3,14.0,6.0,0.0,49.0,44.5,14.0,48.3,8.0,9.139729041761159,8.083438694477081,33.0,3.0,1.0564544312655917,1.801334515213966,10.0
1331097,Pablo Pagis,2025/2026,53,Ligue 1,8689,Lorient,Attacking Midfielder,M,10.0,7.71,6.72,1770.0,23.0,47.9,22.0,29.0,0.0,86.0,43.4,8.0,25.8,8.0,6.503582073453071,5.761845692992211,32.0,2.0,1.1928149256855254,1.1746271029114717,27.0
940087,Gonçalo Ramos,2025/2026,53,Ligue 1,9847,Paris Saint-Germain,Striker,F,6.0,9.0,8.79,1309.0,17.0,45.9,14.0,23.0,0.0,74.0,44.8,21.0,42.9,4.0,8.702473381611705,7.465879749506712,48.0,2.0,0.38632900733500736,1.3218218088150029,10.0
817724,Danny Namaso,2025/2026,53,Ligue 1,8583,Auxerre,Attacking Midfielder,M,3.0,5.49,5.65,2525.0,33.0,38.4,56.0,47.0,0.0,161.0,40.0,46.0,41.1,2.0,4.62722452916205,4.686455488204956,40.0,1.0,0.8692499380558726,1.0319739114493127,22.0
1067265,Giorgi Abuashvili,2025/2026,53,Ligue 1,8550,Metz,Left Winger,,2.0,1.02,2.05,687.0,9.0,33.3,17.0,11.0,0.0,36.0,35.6,3.0,27.3,1.0,0.6863220464438193,1.0252856332808735,12.0,1.0,0.3303353916853664,0.9708335213363172,11.0
1265963,Igor Paixão,2025/2026,53,Ligue 1,8592,Marseille,Left Winger,,6.0,6.45,5.65,1981.0,27.0,32.5,20.0,34.0,1.0,107.0,42.0,18.0,34.0,4.0,5.103158853948118,4.75263479538262,33.0,2.0,1.33229545596987,0.9006728827953334,24.0
640292,Vincent Marchetti,2025/2026,53,Ligue 1,6379,Paris FC,Central Midfielder,M,2.0,2.18,2.15,818.0,10.0,76.9,11.0,4.0,0.0,44.0,50.0,12.0,54.5,1.0,1.7436662688851359,1.424511313438415,9.0,1.0,0.6001094235107302,0.6883542453870173,15.0
1367615,Warren Zaïre-Emery,2025/2026,53,Ligue 1,9847,Paris Saint-Germain,Central Midfielder,M,3.0,1.22,1.44,2453.0,30.0,62.5,32.0,17.0,0.0,112.0,51.1,17.0,73.9,2.0,0.9059525541961189,1.377220898866654,9.0,1.0,0.31702550873160357,0.062094750814139885,10.0
1305543,Kévin Danois,2025/2026,53,Ligue 1,8583,Auxerre,Central Midfielder,M,3.0,2.01,1.95,2835.0,35.0,58.3,44.0,26.0,0.0,153.0,47.2,15.0,34.9,0.0,1.4670382197946312,0.7241035103797919,9.0,3.0,0.5535992933437226,1.5552410809323185,16.0
1135655,Adam Karabec,2025/2026,53,Ligue 1,9748,Lyon,Right Winger,,1.0,1.65,1.93,923.0,11.0,55.0,7.0,21.0,0.0,43.0,50.0,7.0,50.0,1.0,1.5391379110515118,1.7281741201877594,7.0,0.0,0.1126858508214354,0.199726685881615,2.0
841395,Aiyegun Tosin,2025/2026,53,Ligue 1,8689,Lorient,Striker,F,5.0,6.17,7.06,1068.0,13.0,48.1,14.0,14.0,0.0,38.0,44.2,6.0,37.5,5.0,6.0531388447076075,7.12523725256324,23.0,0.0,0.1522235115990043,0.0,7.0
1362622,Junior Mwanga,2025/2026,53,Ligue 1,9848,Strasbourg,Central Midfielder,M,1.0,1.2,0.9,1642.0,18.0,64.3,9.0,16.0,0.0,89.0,51.4,16.0,42.1,1.0,1.150820916518569,0.469048202037811,8.0,0.0,0.0829011872410774,0.490430369973183,2.0
715301,Jonathan Clauss,2025/2026,53,Ligue 1,9831,Nice,Right Wing-Back,,1.0,1.29,1.1,2531.0,27.0,61.4,18.0,17.0,1.0,118.0,54.4,9.0,39.1,1.0,0.5374358668923377,0.571109004318715,9.0,0.0,0.7663684654980899,0.5975425243377683,14.0
586388,Aleksandr Golovin,2025/2026,53,Ligue 1,9829,Monaco,Attacking Midfielder,M,5.0,3.72,7.05,1661.0,19.0,61.3,15.0,18.0,0.0,68.0,43.6,5.0,26.3,5.0,3.4390976332187653,6.01001138240099,22.0,0.0,0.40920741483569156,1.0031998921185727,12.0
1693546,Mohamed Meïté,2025/2026,53,Ligue 1,9851,Rennes,Striker,F,3.0,3.5,3.69,530.0,6.0,54.5,9.0,4.0,0.0,33.0,50.0,20.0,76.9,3.0,3.3505135010927924,3.6917487047612663,19.0,0.0,0.1638365276157856,0.0,3.0
923196,Lassine Sinayoko,2025/2026,53,Ligue 1,8583,Auxerre,Striker,F,12.0,11.86,12.03,2780.0,32.0,49.2,51.0,53.0,1.0,165.0,43.3,38.0,27.9,11.0,10.444430050595106,10.351933229714634,67.0,1.0,1.256777846254408,1.4441405339166522,25.0
1305618,Maghnes Akliouche,2025/2026,53,Ligue 1,9829,Monaco,Right Winger,,6.0,7.22,6.8,2410.0,26.0,47.3,38.0,36.0,1.0,104.0,43.5,3.0,13.6,6.0,6.549721604213118,6.155470311641693,29.0,0.0,0.7275757233083245,0.3019020892679692,19.0
1524548,Mamadou Coulibaly,2025/2026,53,Ligue 1,9829,Monaco,Defensive Midfielder,,3.0,1.6,1.86,1382.0,15.0,42.9,15.0,16.0,0.0,81.0,44.0,13.0,38.2,2.0,1.1452839858829977,1.042539536952973,7.0,1.0,0.29502076283097295,0.7836411772295835,6.0
1272440,Valentín Barco,2025/2026,53,Ligue 1,9848,Strasbourg,Defensive Midfielder,,2.0,3.27,2.69,2170.0,24.0,41.4,30.0,61.0,0.0,148.0,57.4,9.0,47.4,2.0,3.0489571820944548,2.714983507990836,19.0,0.0,0.2871189806610345,0.0,8.0
1180718,Mohamed-Ali Cho,2025/2026,53,Ligue 1,9831,Nice,Right Winger,,4.0,3.53,4.25,1681.0,18.0,34.6,25.0,32.0,0.0,80.0,37.4,15.0,21.7,3.0,3.377278866246342,3.011088076978923,25.0,1.0,0.27323599532246595,0.9156857207417488,6.0
696263,Romain Del Castillo,2025/2026,53,Ligue 1,8521,Brest,Right Winger,,9.0,8.15,7.54,2643.0,29.0,33.7,38.0,43.0,0.0,161.0,45.7,30.0,48.4,9.0,7.570313789260388,7.477911300957205,18.0,0.0,0.5817411392927169,0.0,15.0
1426809,Ethan Mbappé,2025/2026,53,Ligue 1,8639,Lille,Right Winger,,3.0,1.51,1.72,560.0,6.0,30.0,9.0,9.0,0.0,29.0,40.8,,,3.0,1.419567091390491,1.6090788021683688,12.0,0.0,0.0647778362035752,0.0,2.0
1670132,Bahereba Guirassy,2025/2026,53,Ligue 1,9830,Nantes,Left Winger,,2.0,1.79,2.87,817.0,9.0,23.7,14.0,9.0,0.0,52.0,38.5,13.0,37.1,2.0,1.7453570663928992,2.8553694263100615,14.0,0.0,0.0301346983760595,0.0,1.0
445226,Jean-Philippe Gbamin,2025/2026,53,Ligue 1,8550,Metz,Center Back,,1.0,2.01,1.78,2488.0,26.0,78.8,25.0,8.0,0.0,112.0,51.9,27.0,48.2,1.0,1.8334596194326886,1.5422781258821487,9.0,0.0,0.13944923691451555,0.22636618558317378,5.0
1738340,Rudy Matondo,2025/2026,53,Ligue 1,8583,Auxerre,Central Midfielder,M,2.0,1.01,2.03,1353.0,14.0,66.7,15.0,23.0,0.0,72.0,48.3,8.0,32.0,2.0,0.8505292003974317,1.9950242452323435,8.0,0.0,0.1567818503826857,0.0343293473124504,5.0
1565010,Arthur Avom,2025/2026,53,Ligue 1,8689,Lorient,Defensive Midfielder,,2.0,1.08,1.32,2115.0,21.0,53.8,22.0,39.0,1.0,121.0,53.3,9.0,37.5,0.0,0.546232976019383,0.105740651488304,6.0,2.0,0.5165216783061625,1.0687147099524734,15.0
1469758,Simon Ebonog,2025/2026,53,Ligue 1,9746,Le Havre,Defensive Midfielder,,1.0,1.82,1.37,1761.0,17.0,47.2,34.0,34.0,0.0,113.0,50.7,23.0,50.0,1.0,1.498787772841752,1.372582480311395,11.0,0.0,0.3497620820999146,0.0,11.0
1037539,Pavel Sulc,2025/2026,53,Ligue 1,9748,Lyon,Attacking Midfielder,M,11.0,9.1,10.47,1568.0,15.0,46.9,13.0,15.0,0.0,70.0,36.6,16.0,25.8,10.0,8.631299475207925,9.809293180704117,38.0,1.0,0.3152219951152801,0.74727064371109,6.0
823293,Aron Dønnum,2025/2026,53,Ligue 1,9941,Toulouse,Right Midfielder,,4.0,4.79,4.62,2424.0,25.0,45.5,47.0,38.0,2.0,112.0,43.8,3.0,42.9,3.0,4.121468758326769,3.40381357818842,23.0,1.0,0.7282635867595671,1.2217826154083022,17.0
1752228,Lanroy Machine,2025/2026,53,Ligue 1,8121,Angers,Striker,F,1.0,1.75,1.87,505.0,5.0,41.7,11.0,5.0,0.0,28.0,35.4,10.0,32.3,1.0,1.894150586798787,1.69329322874546,10.0,0.0,0.1557439267635346,0.0,5.0
1574189,Senny Mayulu,2025/2026,53,Ligue 1,9847,Paris Saint-Germain,Central Midfielder,M,4.0,4.09,3.68,1681.0,16.0,39.0,26.0,20.0,0.0,92.0,47.9,8.0,34.8,4.0,3.5151954069733606,3.0327827483415604,21.0,0.0,0.6099928980693221,0.645216880366206,14.0
1310270,Kamory Doumbia,2025/2026,53,Ligue 1,8521,Brest,Attacking Midfielder,M,5.0,4.78,4.99,1765.0,17.0,30.4,32.0,21.0,0.0,110.0,42.5,11.0,28.9,5.0,4.113097755238413,4.331126205623151,28.0,0.0,0.6687767310068008,0.2465813308954241,15.0
1536998,Alpha Touré,2025/2026,53,Ligue 1,8550,Metz,Defensive Midfielder,,0.0,1.09,0.41,1600.0,15.0,55.6,18.0,27.0,0.0,99.0,50.8,17.0,42.5,0.0,0.9017712995409957,0.0,9.0,0.0,0.22178928460925826,0.406757950782776,8.0
1073905,Rassoul Ndiaye,2025/2026,53,Ligue 1,9746,Le Havre,Attacking Midfielder,M,4.0,3.05,3.83,2573.0,22.0,55.0,17.0,37.0,0.0,142.0,54.2,16.0,38.1,4.0,2.244694154709578,3.3365679383277893,16.0,0.0,0.8187753176316621,0.5192999988794325,18.0
1395704,Guéla Doué,2025/2026,53,Ligue 1,9848,Strasbourg,Right Back,,2.0,2.11,2.14,2063.0,18.0,54.5,24.0,24.0,0.0,150.0,53.2,58.0,63.7,2.0,2.1063110297545786,2.1457459460943933,11.0,0.0,0.0112404320389032,0.0,1.0
1436305,Lamine Camara,2025/2026,53,Ligue 1,9829,Monaco,Defensive Midfielder,,3.0,2.06,0.9,1851.0,16.0,53.3,22.0,48.0,0.0,135.0,56.0,16.0,40.0,2.0,1.2260481547564255,0.40238150209188506,8.0,1.0,0.8439007606357329,0.8393091857433319,17.0
1428153,Ngal Ayel Mukau,2025/2026,53,Ligue 1,8639,Lille,Right Winger,,1.0,2.14,1.01,1539.0,13.0,52.0,13.0,23.0,0.0,78.0,46.7,13.0,33.3,1.0,1.9227426499128348,0.878532707691193,14.0,0.0,0.23875753954052933,0.128187566995621,6.0
1033099,Hicham Boudaoui,2025/2026,53,Ligue 1,9831,Nice,Central Midfielder,M,1.0,1.59,1.77,1694.0,15.0,48.4,22.0,40.0,0.0,95.0,53.7,13.0,54.2,1.0,1.3011333309113975,1.529401376843452,8.0,0.0,0.3513930356130004,0.4824497643858187,13.0
1463448,Tom Louchet,2025/2026,53,Ligue 1,9831,Nice,Central Midfielder,M,3.0,2.98,2.6,1364.0,12.0,46.2,12.0,13.0,0.0,68.0,51.5,8.0,44.4,2.0,2.375256253406405,1.568700775504112,9.0,1.0,0.39144553430378426,0.8291508108377456,12.0
1103837,Issa Soumaré,2025/2026,53,Ligue 1,9746,Le Havre,Striker,F,8.0,14.72,10.15,2949.0,26.0,40.6,43.0,74.0,2.0,268.0,54.0,135.0,60.8,7.0,14.057429007370768,9.242040861397983,59.0,1.0,1.383250111714006,1.1039979290217161,18.0
770321,Mahdi Camara,2025/2026,53,Ligue 1,9851,Rennes,Central Midfielder,M,3.0,3.19,3.37,2660.0,25.0,40.3,22.0,28.0,1.0,140.0,51.5,26.0,57.8,2.0,2.510546321049333,2.647448051720858,18.0,1.0,0.6795470593497159,0.765540186315775,11.0
1098243,Yanis Zouaoui,2025/2026,53,Ligue 1,9746,Le Havre,Left Back,,1.0,1.37,1.27,2348.0,20.0,40.0,18.0,26.0,0.0,111.0,51.6,18.0,48.6,1.0,0.9806988966107366,0.88275283575058,3.0,0.0,0.4598399531096222,0.5119961388409138,13.0
1334805,Lamine Sy,2025/2026,53,Ligue 1,8583,Auxerre,Right Back,,0.0,1.06,0.57,1533.0,13.0,32.5,11.0,14.0,1.0,75.0,51.0,7.0,77.8,0.0,1.0136692114174366,0.394941866397858,11.0,0.0,0.054963545873761205,0.172296449542046,2.0
437329,Mbwana Samatta,2025/2026,53,Ligue 1,9746,Le Havre,Striker,F,2.0,3.89,3.37,1544.0,12.0,46.2,26.0,20.0,1.0,81.0,37.2,38.0,40.9,2.0,3.8865972049534316,3.6859276741743083,37.0,0.0,0.10492829233407981,0.118022501468658,5.0
1324358,Frank Magri,2025/2026,53,Ligue 1,9941,Toulouse,Striker,F,5.0,4.48,4.7,1264.0,10.0,45.5,19.0,22.0,0.0,78.0,40.8,40.0,44.4,5.0,4.192595499606429,4.633062040433287,27.0,0.0,0.19983891025185582,0.0307220350950956,6.0
1156569,Sebastian Nanasi,2025/2026,53,Ligue 1,9848,Strasbourg,Attacking Midfielder,M,7.0,4.11,4.37,1046.0,8.0,44.4,6.0,3.0,0.0,25.0,36.2,2.0,20.0,7.0,4.082844525575639,4.383770324289797,18.0,0.0,0.0799184739589691,0.0,1.0
1044470,Hákon Arnar Haraldsson,2025/2026,53,Ligue 1,8639,Lille,Attacking Midfielder,M,8.0,7.86,7.2,2475.0,20.0,42.6,29.0,43.0,1.0,101.0,44.7,13.0,43.3,8.0,7.388675974681974,6.761630620807411,30.0,0.0,0.9044804638251664,0.6280875988304613,20.0
1622889,Louis Leroux,2025/2026,53,Ligue 1,9830,Nantes,Central Midfielder,M,1.0,1.66,1.55,1443.0,11.0,37.9,10.0,14.0,0.0,71.0,53.0,10.0,50.0,1.0,1.505829032510518,1.5152983516454699,13.0,0.0,0.0868272930383682,0.0,2.0
942358,Félix Correia,2025/2026,53,Ligue 1,8639,Lille,Left Winger,,4.0,5.28,4.32,2068.0,17.0,35.4,20.0,28.0,0.0,84.0,47.2,11.0,35.5,3.0,4.951408466324209,4.2702564001083365,26.0,1.0,0.32063142396509653,0.0468859076499939,11.0
527103,Breel Embolo,2025/2026,53,Ligue 1,9851,Rennes,Striker,F,8.0,8.95,8.37,1872.0,15.0,34.1,31.0,58.0,0.0,121.0,44.2,29.0,42.6,8.0,8.746629696339369,8.32176060974598,36.0,0.0,0.34620744362473466,0.1756517682224512,5.0
1362516,Santiago Hidalgo,2025/2026,53,Ligue 1,9941,Toulouse,Attacking Midfielder,M,4.0,2.83,3.7,1325.0,11.0,26.2,28.0,30.0,0.0,94.0,36.9,16.0,27.1,4.0,2.6316768322139983,3.66543426644057,25.0,0.0,0.20953551214188348,0.0432716943323612,8.0
1061249,Vitinha,2025/2026,53,Ligue 1,9847,Paris Saint-Germain,Central Midfielder,M,1.0,1.06,1.24,2121.0,13.0,72.2,10.0,21.0,0.0,62.0,59.0,4.0,57.1,0.0,0.0689214766025543,0.350145906209946,2.0,1.0,0.9860731502994894,0.8912726081907748,32.0
277771,Thomas Meunier,2025/2026,53,Ligue 1,8639,Lille,Right Back,,1.0,1.34,1.56,1910.0,12.0,60.0,11.0,3.0,0.0,63.0,46.7,17.0,58.6,1.0,0.767124265432358,1.4839060455560693,10.0,0.0,0.3834301587194202,0.0403556227684021,8.0
1092403,Melvin Bard,2025/2026,53,Ligue 1,9831,Nice,Left Wing-Back,,2.0,1.07,1.3,2396.0,16.0,59.3,20.0,27.0,0.0,126.0,54.3,31.0,50.8,2.0,0.9572112802416085,1.2909022122621532,8.0,0.0,0.15153110772371295,0.034196101129055,7.0
1342757,João Neves,2025/2026,53,Ligue 1,9847,Paris Saint-Germain,Central Midfielder,M,5.0,2.8,3.45,1287.0,8.0,57.1,6.0,13.0,1.0,61.0,57.0,14.0,60.9,4.0,2.430765209719541,2.932124227285385,20.0,1.0,0.36473166197538354,0.520619690418243,7.0
562719,Valentin Rongier,2025/2026,53,Ligue 1,9851,Rennes,Central Midfielder,M,2.0,1.0,1.7,2745.0,19.0,55.9,20.0,26.0,0.0,150.0,53.0,31.0,56.4,1.0,0.3343371916562323,0.5917557105422013,6.0,1.0,0.6634077560156583,1.1199438981711867,16.0
1581722,Abdelhamid Aït Boudlal,2025/2026,53,Ligue 1,9851,Rennes,Center Back,,2.0,1.73,2.35,1402.0,10.0,55.6,4.0,10.0,0.0,80.0,56.3,38.0,55.1,2.0,1.6644695438444608,2.348522186279297,10.0,0.0,0.0653919894248248,0.0,3.0
266523,Pierre-Emile Højbjerg,2025/2026,53,Ligue 1,8592,Marseille,Defensive Midfielder,,4.0,3.26,2.76,2715.0,17.0,54.8,19.0,45.0,0.0,130.0,52.0,31.0,59.6,3.0,2.567345904186367,2.478836113587022,27.0,1.0,0.6332839392125605,0.2890979135409001,19.0
601145,Habibou Mouhamadou Diallo,2025/2026,53,Ligue 1,8550,Metz,Striker,F,4.0,6.73,4.24,1910.0,13.0,50.0,26.0,29.0,1.0,123.0,47.1,72.0,49.3,3.0,6.117919275575877,4.035872187465429,30.0,1.0,0.6066038254648445,0.3914870470762254,8.0
1199382,Josué Casimir,2025/2026,53,Ligue 1,8583,Auxerre,Right Midfielder,,1.0,2.85,1.98,1521.0,10.0,50.0,12.0,32.0,0.0,98.0,52.4,25.0,50.0,1.0,2.6006617453336727,1.8540953546762469,15.0,0.0,0.30970286205410974,0.138857183046639,7.0
1097446,Noah Cadiou,2025/2026,53,Ligue 1,8689,Lorient,Defensive Midfielder,,3.0,1.8,2.79,1872.0,13.0,50.0,16.0,13.0,1.0,68.0,44.4,18.0,51.4,2.0,1.4205227158963691,2.461808636784552,8.0,1.0,0.5687149548903105,0.3268153779208657,11.0
1233931,Quentin Merlin,2025/2026,53,Ligue 1,9851,Rennes,Left Back,,1.0,1.29,0.77,2532.0,16.0,50.0,21.0,30.0,0.0,114.0,52.3,13.0,41.9,1.0,1.1267191022634502,0.5346158631145956,12.0,0.0,0.3629449987784028,0.2334135435521603,14.0
845943,Cristian Cásseres,2025/2026,53,Ligue 1,9941,Toulouse,Defensive Midfielder,,2.0,1.74,2.15,2521.0,16.0,45.7,20.0,43.0,1.0,150.0,55.8,14.0,45.2,1.0,1.2361421194314954,1.637309312820435,7.0,1.0,0.5301401996985079,0.49186325445771134,19.0
317062,Adrien Thomasson,2025/2026,53,Ligue 1,8588,Lens,Defensive Midfielder,,3.0,7.03,5.28,2690.0,19.0,43.2,45.0,43.0,0.0,180.0,46.3,20.0,44.4,3.0,6.618034662678837,4.774340558797121,34.0,0.0,0.40980060491710896,0.5030803233385079,9.0
982677,Folarin Balogun,2025/2026,53,Ligue 1,9829,Monaco,Striker,F,13.0,13.39,10.7,2245.0,14.0,42.4,27.0,37.0,3.0,80.0,36.4,25.0,34.2,12.0,13.092407924239337,10.174249611794949,69.0,1.0,0.45515338983386744,0.33329738304019063,8.0
815465,Romain Perraud,2025/2026,53,Ligue 1,8639,Lille,Left Back,,3.0,2.22,2.34,2248.0,14.0,41.2,14.0,44.0,1.0,121.0,52.8,19.0,35.2,2.0,1.5181839801371102,1.4713540095835924,17.0,1.0,0.6587341488339002,0.8732697684317822,16.0
889536,Timothy Weah,2025/2026,53,Ligue 1,8592,Marseille,Right Wing-Back,,2.0,1.71,1.94,2263.0,15.0,39.5,11.0,18.0,0.0,96.0,51.1,17.0,60.7,2.0,1.2007542774081228,1.7115247100591673,10.0,0.0,0.4866792978718877,0.23069789446890362,19.0
1327156,Jacques Ekomié,2025/2026,53,Ligue 1,8121,Angers,Left Back,,0.0,1.12,1.01,2240.0,14.0,38.9,26.0,31.0,0.0,131.0,53.9,26.0,50.0,0.0,1.124172994866967,1.0106678456068043,12.0,0.0,0.0,0.0,0.0
1329255,Louis Mouton,2025/2026,53,Ligue 1,8121,Angers,Attacking Midfielder,M,2.0,2.96,2.68,1904.0,12.0,35.3,27.0,16.0,0.0,83.0,41.5,15.0,35.7,2.0,2.4027754273265587,2.629028245806694,23.0,0.0,0.5499534355476496,0.0547591410577297,13.0
944385,Isak Jansson,2025/2026,53,Ligue 1,9831,Nice,Left Winger,,1.0,1.75,3.23,634.0,4.0,33.3,6.0,8.0,0.0,28.0,35.9,4.0,18.2,1.0,1.485104843974113,2.4453846514225015,10.0,0.0,0.3772225156426431,0.8890649098902937,7.0
161291,Youssef El Arabi,2025/2026,53,Ligue 1,9830,Nantes,Striker,F,3.0,2.53,2.99,938.0,6.0,30.0,6.0,23.0,2.0,65.0,41.9,25.0,35.7,2.0,3.1137564760088914,2.891730373725294,14.0,1.0,0.0343669429421425,0.100921556353569,1.0
837061,Krépin Diatta,2025/2026,53,Ligue 1,9829,Monaco,Right Back,,0.0,1.2,0.64,1011.0,6.0,66.7,5.0,10.0,0.0,73.0,68.2,27.0,71.1,0.0,1.1412891710400583,0.639832675457001,5.0,0.0,0.0966434348374605,0.0,2.0
1202239,Mohamed Bamba,2025/2026,53,Ligue 1,8689,Lorient,Striker,F,1.0,2.38,1.88,678.0,4.0,66.7,4.0,8.0,0.0,31.0,38.8,16.0,37.2,1.0,2.127619540357589,1.3296129778027541,8.0,0.0,0.24901588447391992,0.5520947277545925,5.0
1113724,Tyler Morton,2025/2026,53,Ligue 1,9748,Lyon,Defensive Midfielder,,2.0,1.73,1.77,2524.0,14.0,66.7,13.0,19.0,0.0,98.0,54.4,17.0,42.5,1.0,0.8830628655850888,1.173715054988861,7.0,1.0,0.8427579253911965,0.3494957676157355,21.0
958464,Leonardo Balerdi,2025/2026,53,Ligue 1,8592,Marseille,Center Back,,0.0,2.26,1.29,1998.0,10.0,62.5,5.0,21.0,0.0,120.0,57.1,40.0,55.6,0.0,2.200225930660963,1.2871160879731178,17.0,0.0,0.0621751481667161,0.0,3.0
148830,Benjamin André,2025/2026,53,Ligue 1,8639,Lille,Defensive Midfielder,,2.0,3.24,2.36,2333.0,14.0,60.9,29.0,44.0,0.0,207.0,57.3,87.0,55.4,2.0,3.1222494952380657,2.471792651340365,25.0,0.0,0.1085263453423977,0.0,2.0
150565,Pierre-Emerick Aubameyang,2025/2026,53,Ligue 1,8592,Marseille,Striker,F,10.0,13.21,12.87,2046.0,11.0,55.0,12.0,16.0,1.0,48.0,39.7,13.0,36.1,10.0,12.955053767189384,12.549647487699987,56.0,0.0,0.1356380023062228,0.1517959814518687,4.0
1292354,Théo Le Bris,2025/2026,53,Ligue 1,8689,Lorient,Right Wing-Back,,2.0,1.74,2.37,1898.0,11.0,47.8,4.0,7.0,0.0,65.0,55.6,7.0,36.8,2.0,1.658497270196675,2.258524149656296,13.0,0.0,0.0878971498459578,0.124894253909588,4.0
604089,Ainsley Maitland-Niles,2025/2026,53,Ligue 1,9748,Lyon,Right Back,,1.0,2.39,1.85,2485.0,14.0,43.8,17.0,12.0,0.0,103.0,48.6,20.0,48.8,0.0,2.2257044632375242,1.599994093179703,8.0,1.0,0.1605454720556734,0.2527880482375618,6.0
660462,Pierre Lees-Melou,2025/2026,53,Ligue 1,8521,Brest,Central Midfielder,M,1.0,1.27,1.43,1966.0,10.0,43.5,10.0,29.0,0.0,115.0,53.7,11.0,52.4,1.0,0.7676313091069449,0.7287148311734198,15.0,0.0,0.5285745157748458,0.7051330879330636,16.0
1408580,Joaquín Panichelli,2025/2026,53,Ligue 1,9848,Strasbourg,Striker,F,16.0,14.21,14.43,2195.0,11.0,36.7,26.0,44.0,0.0,138.0,45.0,60.0,43.2,15.0,13.969775167991964,13.659654326736925,56.0,1.0,0.44751902669668187,0.707490220665931,3.0
1189856,Abdallah Sima,2025/2026,53,Ligue 1,8588,Lens,Attacking Midfielder,M,2.0,2.97,1.68,711.0,4.0,36.4,12.0,14.0,0.0,46.0,46.0,21.0,52.5,2.0,2.8872325289994474,1.8174544535577302,27.0,0.0,0.1435343958437443,0.028718113899231,3.0
1123587,Sambou Soumano,2025/2026,53,Ligue 1,8689,Lorient,Striker,F,4.0,5.37,4.03,927.0,5.0,35.7,22.0,18.0,0.0,56.0,37.6,28.0,37.3,4.0,5.915258402043582,4.0263271518051615,27.0,0.0,0.045861504971981,0.0,1.0
1180696,Fodé Doucouré,2025/2026,53,Ligue 1,9746,Le Havre,Right Winger,,3.0,2.1,2.58,1242.0,7.0,35.0,10.0,4.0,0.0,56.0,49.6,10.0,50.0,3.0,1.9753655139356847,2.539253547787665,13.0,0.0,0.14893995691090828,0.03692806139588354,7.0
1255855,Yassine Kechta,2025/2026,53,Ligue 1,9746,Le Havre,Attacking Midfielder,M,2.0,1.69,2.26,1332.0,7.0,28.0,17.0,16.0,0.0,58.0,34.1,3.0,13.6,2.0,1.525910347700118,2.2312658578157416,14.0,0.0,0.2045305557548999,0.337279990315438,7.0
770881,Achraf Hakimi,2025/2026,53,Ligue 1,9847,Paris Saint-Germain,Right Back,,2.0,2.42,3.31,1374.0,8.0,24.2,15.0,17.0,0.0,47.0,41.2,4.0,44.4,2.0,1.7760396338999276,1.959242060780525,9.0,0.0,0.645742716267705,1.3494382724165919,18.0
1429607,Kojo Peprah Oppong,2025/2026,53,Ligue 1,9831,Nice,Center Back,,1.0,1.59,1.01,2428.0,12.0,75.0,8.0,30.0,0.0,142.0,62.8,53.0,60.9,1.0,1.3875037021934977,1.2046067118644719,8.0,0.0,0.0635819025337696,0.0388800129294395,3.0
1406645,Ismaëlo Ganiou,2025/2026,53,Ligue 1,8588,Lens,Center Back,,3.0,2.14,1.91,2014.0,10.0,71.4,8.0,22.0,0.0,121.0,60.8,51.0,58.6,3.0,1.7896100971847775,1.9123643115162843,14.0,0.0,0.3457481591030953,0.0,8.0
471153,Ludovic Ajorque,2025/2026,53,Ligue 1,8521,Brest,Striker,F,8.0,9.34,7.37,2823.0,12.0,66.7,30.0,55.0,1.0,264.0,52.8,171.0,57.6,8.0,8.75618569366634,7.416488409042357,48.0,0.0,0.5409962069243199,0.056964228861034,8.0
598355,Denis Zakaria,2025/2026,53,Ligue 1,9829,Monaco,Center Back,,2.0,1.71,1.17,2033.0,8.0,53.3,11.0,7.0,0.0,68.0,49.6,15.0,51.7,2.0,1.7281402535736552,1.171900063753127,13.0,0.0,0.1537752244621515,0.0,5.0
500520,Nabil Bentaleb,2025/2026,53,Ligue 1,8639,Lille,Defensive Midfielder,,2.0,1.33,1.42,1278.0,5.0,50.0,10.0,18.0,0.0,54.0,52.4,13.0,52.0,1.0,0.936556963288784,1.184506349265576,4.0,1.0,0.33643851615488535,0.2405629828572271,14.0
1057433,Tanner Tessmann,2025/2026,53,Ligue 1,9748,Lyon,Defensive Midfielder,,1.0,2.26,2.01,1951.0,9.0,50.0,15.0,19.0,0.0,82.0,51.6,25.0,55.6,1.0,1.765482291579247,1.072541050612927,14.0,0.0,0.496951462700963,0.9386528357863422,12.0
242156,Djibril Sidibé,2025/2026,53,Ligue 1,9941,Toulouse,Center Back,,3.0,2.83,2.96,2169.0,9.0,47.4,7.0,14.0,0.0,92.0,54.1,21.0,48.8,3.0,2.763639342117309,2.9564342498779297,7.0,0.0,0.0614555366337299,0.0,1.0
1513317,Adama Camara,2025/2026,53,Ligue 1,6379,Paris FC,Central Midfielder,M,1.0,1.98,1.42,2171.0,9.0,45.0,17.0,19.0,0.0,111.0,52.4,25.0,42.4,1.0,1.7272184118628504,1.4175282604992392,13.0,0.0,0.2512892223894596,0.0,5.0
1256224,Mário Sauer,2025/2026,53,Ligue 1,9941,Toulouse,Central Midfielder,M,1.0,1.79,1.04,637.0,3.0,42.9,2.0,3.0,0.0,24.0,45.3,7.0,58.3,1.0,1.4004984274506573,0.949634730815888,3.0,0.0,0.3859617738053201,0.0877943970263004,11.0
1060604,Abner,2025/2026,53,Ligue 1,9748,Lyon,Left Back,,3.0,1.56,2.8,2154.0,9.0,40.9,11.0,6.0,0.0,63.0,42.9,14.0,36.8,2.0,1.4596978165209284,1.832238286733627,15.0,1.0,0.0814474821090699,0.7374192699790005,2.0
1230848,Bamba Dieng,2025/2026,53,Ligue 1,8689,Lorient,Striker,F,10.0,8.81,7.76,1220.0,6.0,37.5,21.0,13.0,0.0,54.0,42.5,28.0,50.0,10.0,8.890794178548454,7.290287386626005,38.0,0.0,0.3997320644557473,0.4800950726494196,8.0
660326,Matthieu Udol,2025/2026,53,Ligue 1,8588,Lens,Left Wing-Back,,1.0,4.53,2.98,3003.0,15.0,36.6,26.0,27.0,0.0,128.0,47.6,35.0,47.9,1.0,4.481962197460234,2.9790835604071613,43.0,0.0,0.10717295110225669,0.0,4.0
614207,Maxime Lopez,2025/2026,53,Ligue 1,6379,Paris FC,Central Midfielder,M,0.0,1.35,0.85,1960.0,9.0,36.0,14.0,8.0,0.0,42.0,36.8,2.0,28.6,0.0,1.0671023353934284,0.632376968860626,6.0,0.0,0.21146409772336477,0.3248417116701604,7.0
1343053,Abdoul Ouattara,2025/2026,53,Ligue 1,9848,Strasbourg,Right Back,,2.0,2.51,3.05,1765.0,8.0,34.8,9.0,11.0,1.0,46.0,48.9,4.0,36.4,2.0,2.2030007727444167,2.8936327695846566,16.0,0.0,0.3109082523733378,0.1598135642707348,11.0
765158,Alimami Gory,2025/2026,53,Ligue 1,6379,Paris FC,Left Midfielder,,5.0,3.62,3.47,977.0,4.0,30.8,11.0,16.0,1.0,47.0,48.5,8.0,40.0,5.0,3.506358776241541,3.465788628906013,17.0,0.0,0.1097054593265056,0.0,2.0
1748405,Prosper Peter,2025/2026,53,Ligue 1,8121,Angers,Striker,F,5.0,5.45,6.12,1266.0,6.0,15.0,24.0,30.0,1.0,79.0,38.0,36.0,43.9,5.0,5.833867477253079,5.981333302333953,23.0,0.0,0.0,0.0,0.0
1276626,Samson Baidoo,2025/2026,53,Ligue 1,8588,Lens,Center Back,,2.0,1.64,2.21,1827.0,7.0,100.0,1.0,5.0,0.0,90.0,53.3,44.0,48.4,2.0,1.5715785101056112,1.831805795431137,15.0,0.0,0.0716995932161808,0.140066489577293,2.0
1252070,Nathan Ngoy,2025/2026,53,Ligue 1,8639,Lille,Center Back,,1.0,1.28,1.45,2404.0,7.0,77.8,2.0,11.0,0.0,80.0,58.8,29.0,58.0,1.0,1.028420561924577,1.43468290194869,14.0,0.0,0.2521267514675855,0.0124079519882798,8.0
865010,Nicolas Cozza,2025/2026,53,Ligue 1,9830,Nantes,Left Back,,0.0,1.93,1.09,2325.0,8.0,44.4,7.0,32.0,0.0,103.0,53.1,22.0,43.1,0.0,1.963143929839135,1.0880969166755672,9.0,0.0,0.052688318304717485,0.0,3.0
763974,Gauthier Hein,2025/2026,53,Ligue 1,8550,Metz,Attacking Midfielder,M,8.0,8.07,6.81,2354.0,9.0,40.9,36.0,17.0,0.0,51.0,34.5,7.0,35.0,7.0,6.917087866187096,5.743038894608617,27.0,1.0,1.143160405568779,0.6012824699282648,17.0
1254147,Antoine Mendy,2025/2026,53,Ligue 1,9831,Nice,Center Back,,1.0,2.21,2.36,2098.0,6.0,37.5,7.0,23.0,0.0,146.0,59.6,64.0,64.6,0.0,2.0893261823803186,1.890654981136322,10.0,1.0,0.1233620438724755,0.41350359842181234,7.0
1280225,Estéban Lepaul,2025/2026,53,Ligue 1,8121,Angers,Striker,F,21.0,15.68,18.12,2702.0,9.0,33.3,15.0,16.0,0.0,73.0,39.0,43.0,44.3,21.0,15.134684652245044,18.319230936467648,72.0,0.0,0.6450541485100981,0.159077020362019,15.0
1113809,Mika Biereth,2025/2026,53,Ligue 1,9829,Monaco,Striker,F,2.0,3.31,2.56,1063.0,4.0,30.8,23.0,14.0,0.0,44.0,31.0,15.0,24.2,2.0,3.2411619666963807,2.541902557015419,16.0,0.0,0.17273141433000572,0.0,3.0
1079554,Anthony Rouault,2025/2026,53,Ligue 1,9851,Rennes,Center Back,,1.0,1.51,1.35,1724.0,3.0,75.0,5.0,8.0,0.0,81.0,51.6,45.0,57.7,1.0,1.513668663799763,1.353820115327835,9.0,0.0,0.0,0.0,0.0
46469,Olivier Giroud,2025/2026,53,Ligue 1,8639,Lille,Striker,F,7.0,8.72,7.88,1610.0,3.0,60.0,8.0,31.0,0.0,94.0,52.2,50.0,53.2,7.0,8.34794916228056,7.903482124209403,36.0,0.0,0.3400949956849222,0.12497691065073,5.0
604088,Thilo Kehrer,2025/2026,53,Ligue 1,9829,Monaco,Center Back,,0.0,1.64,0.02,2358.0,4.0,57.1,2.0,29.0,0.0,165.0,63.7,67.0,60.9,0.0,1.6714139478281134,0.0240879915654659,16.0,0.0,0.0,0.0,0.0
1133081,Sinaly Diomandé,2025/2026,53,Ligue 1,8583,Auxerre,Center Back,,2.0,1.8,1.59,2134.0,5.0,55.6,3.0,26.0,0.0,99.0,59.3,38.0,61.3,2.0,1.7636585608124749,1.591810055077076,7.0,0.0,0.0331201646476984,0.0,2.0
782502,Malang Sarr,2025/2026,53,Ligue 1,8588,Lens,Center Back,,0.0,1.44,1.31,2925.0,6.0,54.5,6.0,24.0,0.0,145.0,64.7,51.0,60.7,0.0,1.0337994992732997,1.082649558782577,10.0,0.0,0.40568102523684535,0.2237260565161705,13.0
1473534,Jérémy Jacquet,2025/2026,53,Ligue 1,9851,Rennes,Center Back,,0.0,1.04,0.62,1673.0,4.0,50.0,1.0,17.0,0.0,81.0,67.5,37.0,75.5,0.0,0.97622598707676,0.623864680528641,9.0,0.0,0.0858147032558918,0.0,2.0
1230286,Daouda Guindo,2025/2026,53,Ligue 1,8521,Brest,Left Back,,1.0,1.19,0.39,1687.0,4.0,44.4,4.0,15.0,0.0,68.0,55.7,12.0,66.7,0.0,0.7156211305409673,0.0,6.0,1.0,0.45832392899319524,0.377222436480224,15.0
195750,Nicolás Tagliafico,2025/2026,53,Ligue 1,9748,Lyon,Left Back,,0.0,1.51,0.5,1310.0,3.0,42.9,7.0,33.0,0.0,87.0,53.0,22.0,44.9,0.0,1.4552512131631379,0.533619582653046,13.0,0.0,0.0702033452689648,0.0,2.0
473852,Corentin Tolisso,2025/2026,53,Ligue 1,9748,Lyon,Attacking Midfielder,M,11.0,10.97,12.35,2306.0,6.0,37.5,24.0,55.0,1.0,146.0,48.8,54.0,52.4,11.0,10.26750758115649,11.708843821659684,39.0,0.0,0.7070576907135551,0.6395276170223948,15.0
1347791,Yassin Belkhdim,2025/2026,53,Ligue 1,8121,Angers,Right Winger,,2.0,2.35,2.62,2149.0,5.0,27.8,13.0,29.0,0.0,103.0,53.9,11.0,42.3,2.0,1.8429120779037476,2.3536153677850953,17.0,0.0,0.6287652207538484,0.4804229978471996,16.0
605654,Fabián Ruiz,2025/2026,53,Ligue 1,9847,Paris Saint-Germain,Central Midfielder,M,1.0,1.37,0.48,1129.0,2.0,18.2,6.0,3.0,0.0,24.0,49.0,2.0,66.7,1.0,1.0875981766730543,0.4234808906912808,11.0,0.0,0.2811018284410238,0.0569872371852398,8.0
1040889,Junior Dina Ebimbe,2025/2026,53,Ligue 1,8521,Brest,Left Winger,,5.0,3.6,4.47,1167.0,3.0,17.6,14.0,15.0,0.0,52.0,38.8,9.0,29.0,5.0,3.4974872013553977,4.304989516735076,23.0,0.0,0.20229416713118553,0.16442534327507,4.0
817500,Mostafa Mohamed,2025/2026,53,Ligue 1,9830,Nantes,Striker,F,4.0,2.88,2.25,1151.0,3.0,15.8,21.0,27.0,0.0,89.0,44.5,52.0,49.5,3.0,2.5451749237254258,1.8188158441334967,28.0,1.0,0.3372455993667248,0.43194329738616977,7.0
1201760,Marvin Senaya,2025/2026,53,Ligue 1,8583,Auxerre,Right Back,,1.0,1.38,0.93,1784.0,3.0,14.3,9.0,32.0,0.0,134.0,61.5,44.0,66.7,1.0,1.3093319144099955,0.8715939670801163,10.0,0.0,0.0865160413086415,0.0607966762036085,5.0
210683,Aïssa Mandi,2025/2026,53,Ligue 1,8639,Lille,Center Back,,1.0,1.19,1.62,2427.0,4.0,66.7,3.0,17.0,0.0,96.0,67.1,43.0,72.9,1.0,1.2062020204029977,1.6151813939213762,12.0,0.0,0.0318738492205739,0.0,2.0
1375810,Terry Yegbe,2025/2026,53,Ligue 1,8550,Metz,Center Back,,0.0,1.05,1.37,1966.0,2.0,66.7,3.0,8.0,0.0,44.0,50.0,19.0,54.3,0.0,1.0528903603553785,1.372219026088715,6.0,0.0,0.0,0.0,0.0
857120,Ayumu Seko,2025/2026,53,Ligue 1,9746,Le Havre,Center Back,,0.0,1.04,0.71,2625.0,2.0,50.0,2.0,20.0,0.0,99.0,60.4,35.0,63.6,0.0,0.802051274571568,0.4953246070072054,8.0,0.0,0.2775994306430221,0.144193023443222,9.0
1079548,Joris Chotard,2025/2026,53,Ligue 1,8521,Brest,Defensive Midfielder,,2.0,1.33,0.9,2777.0,4.0,33.3,4.0,12.0,0.0,107.0,55.2,26.0,60.5,0.0,0.8768663406372069,0.105131290853024,3.0,2.0,0.6450003823265433,0.7935291742905968,22.0
1186444,Charlie Cresswell,2025/2026,53,Ligue 1,9941,Toulouse,Center Back,,3.0,3.42,3.68,2533.0,1.0,100.0,8.0,15.0,0.0,171.0,57.8,130.0,65.0,3.0,3.400686386041343,3.682033257558941,36.0,0.0,0.0219274219125509,0.0,1.0
1137670,Willian Pacho,2025/2026,53,Ligue 1,9847,Paris Saint-Germain,Center Back,,0.0,1.0,0.19,1915.0,1.0,50.0,5.0,7.0,0.0,83.0,63.4,36.0,56.2,0.0,0.9833551608026028,0.186402902007103,7.0,0.0,0.0122760916128755,0.0,1.0
942368,Jérémy Doku,2025/2026,42,Champions League,8456,Manchester City,Left Winger,,1.0,1.04,1.66,630.0,39.0,54.2,19.0,20.0,0.0,69.0,53.9,,,1.0,0.8864488787949092,1.664363324642182,8.0,0.0,0.1563509218394754,0.0,3.0
1467236,Lamine Yamal,2025/2026,42,Champions League,8634,Barcelona,Right Winger,,6.0,5.34,6.05,874.0,46.0,55.4,14.0,29.0,0.0,90.0,60.0,,,5.0,4.484376778942346,4.7015731520950785,23.0,1.0,0.8525764998048551,1.345204971730709,12.0
1029063,Michael Olise,2025/2026,42,Champions League,9823,Bayern München,Right Winger,,5.0,4.74,5.56,1081.0,45.0,60.0,11.0,23.0,0.0,84.0,52.8,5.0,45.5,4.0,3.968046315014361,4.569388430565595,27.0,1.0,0.7833511671051387,0.9872009865939622,18.0
1084981,Noni Madueke,2025/2026,42,Champions League,9825,Arsenal,Right Winger,,3.0,1.79,2.33,608.0,22.0,53.7,9.0,12.0,1.0,45.0,50.0,4.0,44.4,2.0,1.6248284243047237,2.156467828899621,10.0,1.0,0.16893389448523533,0.1709323935210705,6.0
860914,Luis Díaz,2025/2026,42,Champions League,9823,Bayern München,Left Winger,,7.0,4.9,5.25,980.0,30.0,62.5,20.0,12.0,1.0,59.0,44.4,7.0,35.0,6.0,4.576731273904442,4.944795511662961,25.0,1.0,0.3262057565152646,0.30413001216948016,7.0
1412132,Kenan Yildiz,2025/2026,42,Champions League,9885,Juventus,Attacking Midfielder,M,1.0,1.9,2.51,768.0,23.0,46.9,13.0,9.0,0.0,38.0,39.6,2.0,33.3,0.0,1.5616447534412146,1.6780575513839724,16.0,1.0,0.3405306581407786,0.5155350640416144,9.0
959594,Karim Adeyemi,2025/2026,42,Champions League,9789,Borussia Dortmund,Attacking Midfielder,M,3.0,1.5,2.09,473.0,14.0,34.1,9.0,15.0,1.0,38.0,39.6,1.0,12.5,2.0,1.325922794640064,1.571343466639519,8.0,1.0,0.1782270148396491,0.51617830991745,4.0
1197030,Hugo Ekitiké,2025/2026,42,Champions League,8650,Liverpool,Striker,F,3.0,6.03,3.32,838.0,24.0,51.1,11.0,8.0,0.0,59.0,50.0,14.0,51.9,2.0,5.536939637735484,3.0266223251819597,28.0,1.0,0.4508169852197167,0.2955326568335295,8.0
900433,Khvicha Kvaratskhelia,2025/2026,42,Champions League,9847,Paris Saint-Germain,Left Winger,,10.0,4.21,4.63,1140.0,32.0,56.1,16.0,29.0,2.0,86.0,50.0,9.0,36.0,8.0,3.3423934206366552,4.252952728420496,29.0,2.0,0.8223410379141565,0.4419684261083606,21.0
1339208,Désiré Doué,2025/2026,42,Champions League,9847,Paris Saint-Germain,Right Winger,,5.0,2.09,4.94,871.0,24.0,44.4,14.0,16.0,0.0,65.0,45.8,5.0,45.5,4.0,1.7827126681804655,3.866239741444588,20.0,1.0,0.30619199760258187,1.0750320665538315,8.0
1104053,Rayan Cherki,2025/2026,42,Champions League,8456,Manchester City,Attacking Midfielder,M,3.0,1.08,2.42,394.0,10.0,71.4,2.0,6.0,0.0,21.0,58.3,,,2.0,0.8464062884449964,1.6310422681272028,10.0,1.0,0.2385217603296041,0.78960433602333,5.0
837341,Noa Lang,2025/2026,42,Champions League,9875,Napoli,Left Winger,,2.0,1.85,2.19,501.0,13.0,56.5,5.0,5.0,0.0,29.0,50.9,5.0,55.6,2.0,1.7182787433266633,2.1901074647903442,6.0,0.0,0.1283518560230733,0.0,4.0
1185336,Francisco Conceição,2025/2026,42,Champions League,9885,Juventus,Right Winger,,1.0,1.42,0.84,500.0,13.0,46.4,3.0,11.0,0.0,26.0,44.1,,,1.0,1.0537677239626646,0.7637069523334501,13.0,0.0,0.11032267753034829,0.0,4.0
1173787,Xavi Simons,2025/2026,42,Champions League,8586,Tottenham Hotspur,Attacking Midfielder,M,3.0,2.63,2.99,572.0,14.0,63.6,16.0,18.0,2.0,44.0,51.8,2.0,20.0,2.0,2.35871963583231,2.4042789041995998,11.0,1.0,0.2304637031629681,0.584107875823975,7.0
1158945,Nuno Mendes,2025/2026,42,Champions League,9847,Paris Saint-Germain,Left Back,,2.0,1.37,1.52,1403.0,35.0,58.3,13.0,22.0,0.0,97.0,54.5,13.0,48.1,2.0,1.0502053052186962,1.5087045989930625,5.0,0.0,0.3223579833284022,0.009197230450809,12.0
1305618,Maghnes Akliouche,2025/2026,42,Champions League,9829,Monaco,Right Winger,,1.0,3.26,3.82,835.0,20.0,54.1,12.0,13.0,0.0,49.0,46.2,5.0,50.0,1.0,2.739861501419544,2.919637311249971,15.0,0.0,0.5160569269210101,0.8999504968523979,11.0
843040,Pedro Neto,2025/2026,42,Champions League,8455,Chelsea,Right Winger,,0.0,1.33,0.88,614.0,15.0,46.9,7.0,2.0,0.0,23.0,37.7,3.0,50.0,0.0,1.1152179650962355,0.8698075413703921,5.0,0.0,0.2158666867762804,0.010052815079689,6.0
1396372,Mika Godts,2025/2026,42,Champions League,8593,Ajax,Left Winger,,0.0,1.47,0.71,584.0,14.0,45.2,6.0,4.0,0.0,22.0,40.7,,,0.0,1.3784706033766272,0.673759341239929,6.0,0.0,0.14598429575562488,0.0390254780650139,5.0
1077894,Jude Bellingham,2025/2026,42,Champions League,8633,Real Madrid,Attacking Midfielder,M,2.0,3.44,2.12,607.0,14.0,58.3,9.0,13.0,0.0,58.0,56.3,12.0,54.5,2.0,3.2329530678689484,2.0917837023735038,13.0,0.0,0.2468863651156426,0.0585611164569855,4.0
1152455,Florian Wirtz,2025/2026,42,Champions League,8650,Liverpool,Left Winger,,1.0,2.09,1.84,840.0,20.0,55.6,13.0,7.0,1.0,44.0,41.5,3.0,23.1,0.0,1.540586942806839,1.3889921084046373,12.0,1.0,0.6110967323184018,0.748775318264961,9.0
846033,Vinícius Júnior,2025/2026,42,Champions League,8633,Real Madrid,Left Winger,,5.0,8.09,5.5,1170.0,27.0,49.1,23.0,27.0,1.0,61.0,45.2,2.0,28.6,5.0,7.751878339874743,5.137025516480207,42.0,0.0,0.5027369624003769,0.37820764351636155,14.0
575735,Nicolas Pépé,2025/2026,42,Champions League,10205,Villarreal,Right Midfielder,,0.0,1.57,1.56,611.0,14.0,42.4,16.0,13.0,0.0,39.0,45.3,1.0,14.3,0.0,1.2913260348141198,1.604629568755627,13.0,0.0,0.3386060334742071,0.0133824134245515,6.0
1050178,Lazar Samardzic,2025/2026,42,Champions League,8524,Atalanta,Attacking Midfielder,M,4.0,2.41,3.75,294.0,7.0,41.2,7.0,1.0,0.0,13.0,26.5,2.0,20.0,3.0,2.250199817198515,2.705702483654022,8.0,1.0,0.1618875190615654,1.0449909474700685,5.0
1021586,Gabriel Martinelli,2025/2026,42,Champions League,9825,Arsenal,Left Winger,,6.0,4.49,4.41,698.0,16.0,41.0,15.0,10.0,0.0,32.0,39.0,4.0,40.0,4.0,3.5309714488685118,2.708592355251312,14.0,2.0,0.9765206649899482,1.7016495913267136,5.0
860975,Joseph Willock,2025/2026,42,Champions League,10261,Newcastle United,Central Midfielder,M,1.0,1.34,0.82,312.0,7.0,63.6,1.0,2.0,0.0,21.0,52.5,3.0,42.9,1.0,1.298560956493021,0.8237176686525347,9.0,0.0,0.0445263497531414,0.0,1.0
516846,Julian Brandt,2025/2026,42,Champions League,9789,Borussia Dortmund,Attacking Midfielder,M,3.0,1.32,1.55,449.0,10.0,58.8,6.0,2.0,0.0,18.0,42.9,3.0,42.9,3.0,1.4485287368297584,1.9714143872261047,7.0,0.0,0.0,0.0,0.0
875133,Pote,2025/2026,42,Champions League,9768,Sporting CP,Left Winger,,1.0,1.5,1.24,532.0,12.0,57.1,6.0,4.0,0.0,21.0,40.4,1.0,14.3,1.0,1.3688068203628072,1.146660842001439,9.0,0.0,0.14771488215774292,0.09180485829710949,5.0
701154,Kylian Mbappé,2025/2026,42,Champions League,8633,Real Madrid,Striker,F,15.0,10.79,12.8,912.0,20.0,43.5,7.0,11.0,0.0,34.0,44.2,1.0,25.0,13.0,9.948927574907243,11.987190954387188,41.0,2.0,0.8270329134538774,1.0808067694306382,15.0
732282,Trincão,2025/2026,42,Champions League,9768,Sporting CP,Attacking Midfielder,M,4.0,3.15,2.64,956.0,19.0,61.3,11.0,8.0,0.0,46.0,51.1,3.0,50.0,3.0,2.355081468820573,2.195886760950089,11.0,1.0,0.7166334744542837,0.44576363358646676,16.0
906937,Anthony Gordon,2025/2026,42,Champions League,10261,Newcastle United,Left Winger,,10.0,8.55,9.9,770.0,15.0,51.7,9.0,15.0,1.0,37.0,47.4,,,10.0,8.46494559031725,9.942162632942198,21.0,0.0,0.0914387386292219,0.0234872195869684,5.0
194165,Harry Kane,2025/2026,42,Champions League,9823,Bayern München,Striker,F,14.0,9.32,10.99,1039.0,20.0,64.5,8.0,23.0,2.0,66.0,56.9,20.0,55.6,13.0,9.02640974354744,10.853556457906961,38.0,1.0,0.3042226629331707,0.22931029088795152,8.0
974753,Julián Álvarez,2025/2026,42,Champions League,9906,Atletico Madrid,Striker,F,10.0,8.3,10.29,1240.0,24.0,52.2,19.0,7.0,0.0,51.0,35.4,6.0,23.1,9.0,7.279683573287725,8.569038167595863,25.0,1.0,1.014950624667108,1.7307482846081255,21.0
1737700,Lennart Karl,2025/2026,42,Champions League,9823,Bayern München,Right Winger,,4.0,2.51,2.32,468.0,9.0,47.4,6.0,,0.0,19.0,45.2,,,3.0,2.300341136753558,2.219502113759517,13.0,1.0,0.2752575343474746,0.1976167466491464,9.0
1095432,Charles De Ketelaere,2025/2026,42,Champions League,8524,Atalanta,Attacking Midfielder,M,2.0,1.63,2.1,584.0,11.0,45.8,14.0,15.0,0.0,39.0,45.3,10.0,41.7,2.0,1.6033645440280444,1.599373504519462,10.0,0.0,0.0317104905843735,0.545022130012512,1.0
1457626,Ibrahim Maza,2025/2026,42,Champions League,8178,Bayer Leverkusen,Attacking Midfielder,M,0.0,1.37,0.72,788.0,15.0,45.5,15.0,11.0,0.0,48.0,44.4,7.0,53.8,0.0,1.022661676630378,0.718335017561913,11.0,0.0,0.33940841536968896,0.0,9.0
806552,Cody Gakpo,2025/2026,42,Champions League,8650,Liverpool,Left Winger,,2.0,2.42,2.8,470.0,9.0,40.9,4.0,5.0,0.0,25.0,45.5,5.0,50.0,2.0,2.224432822316885,2.5162861067801723,13.0,0.0,0.138243205845356,0.362810283899307,4.0
696365,Marcus Rashford,2025/2026,42,Champions League,8634,Barcelona,Left Winger,,5.0,1.83,1.56,579.0,11.0,40.7,10.0,7.0,1.0,24.0,40.0,3.0,60.0,2.0,1.400645237416028,0.8915717452764512,19.0,3.0,0.4307197397574781,0.6693767160177226,11.0
950473,Mason Greenwood,2025/2026,42,Champions League,8592,Marseille,Right Winger,,3.0,2.11,3.4,671.0,12.0,50.0,8.0,10.0,0.0,30.0,47.6,,,3.0,1.5599387548863888,2.6453791819512844,17.0,0.0,0.5568406251259148,0.759373948909342,17.0
1203665,Alejandro Garnacho,2025/2026,42,Champions League,8455,Chelsea,Left Winger,,1.0,1.06,1.7,330.0,6.0,42.9,5.0,6.0,0.0,21.0,58.3,2.0,66.7,1.0,0.8391654454171656,1.2631604764610538,12.0,0.0,0.21509146876633173,0.43962050974369,4.0
1297165,Bradley Barcola,2025/2026,42,Champions League,9847,Paris Saint-Germain,Left Winger,,2.0,4.05,3.68,989.0,18.0,39.1,14.0,3.0,0.0,42.0,37.5,3.0,30.0,2.0,3.995978118890525,3.6741961017251,22.0,0.0,0.0957289543002843,0.0641480535268784,3.0
292462,Mohamed Salah,2025/2026,42,Champions League,8650,Liverpool,Right Winger,,3.0,4.91,4.14,687.0,12.0,36.4,13.0,6.0,0.0,29.0,37.2,3.0,33.3,1.0,4.48879793662727,2.890095157548786,21.0,2.0,0.41671209782361945,1.2547437548637381,5.0
1186529,Carlos Forbs,2025/2026,42,Champions League,8342,Club Brugge,Right Winger,,2.0,2.23,2.18,674.0,11.0,50.0,5.0,6.0,0.0,28.0,50.9,2.0,50.0,2.0,2.114166811108589,2.196224622428417,9.0,0.0,0.1341718621551991,0.0737499818205834,4.0
690516,Ademola Lookman,2025/2026,42,Champions League,8524,Atalanta,Striker,F,3.0,4.46,3.7,930.0,14.0,58.3,16.0,8.0,0.0,38.0,47.5,10.0,55.6,3.0,4.232047038152814,3.5516934245824827,28.0,0.0,0.23252529464662083,0.164963617920876,4.0
425950,Abdellah Zoubir,2025/2026,42,Champions League,7981,Qarabag FK,Left Winger,,1.0,1.24,2.19,859.0,13.0,54.2,13.0,12.0,0.0,35.0,50.0,2.0,22.2,1.0,1.1815553382039066,2.194377601146698,7.0,0.0,0.057686610147357,0.0,2.0
1251666,Ernest Poku,2025/2026,42,Champions League,8178,Bayer Leverkusen,Attacking Midfielder,M,0.0,1.35,0.51,770.0,12.0,46.2,9.0,3.0,0.0,32.0,41.6,4.0,40.0,0.0,1.2591224107891321,0.46906615048647,11.0,0.0,0.027083171531558,0.0372317954897881,1.0
1226147,Giuliano Simeone,2025/2026,42,Champions League,9906,Atletico Madrid,Right Midfielder,,2.0,2.58,1.49,1192.0,19.0,45.2,12.0,22.0,0.0,86.0,48.6,14.0,35.0,2.0,2.365444138646126,1.388801015913487,16.0,0.0,0.21269546262919894,0.100249379873276,8.0
961995,Bukayo Saka,2025/2026,42,Champions League,9825,Arsenal,Right Winger,,3.0,2.87,3.93,687.0,11.0,36.7,11.0,10.0,0.0,32.0,39.5,4.0,66.7,3.0,3.4489404096812004,4.472222363066675,26.0,0.0,0.0647136000916362,0.0799605026841164,3.0
1088753,Geny Catamo,2025/2026,42,Champions League,9768,Sporting CP,Right Winger,,1.0,1.39,1.83,772.0,12.0,31.6,21.0,17.0,0.0,38.0,40.9,2.0,66.7,1.0,1.2063152091577645,1.5827979482710357,17.0,0.0,0.1790876323357225,0.24998228624463048,6.0
890232,Baris Alper Yilmaz,2025/2026,42,Champions League,8637,Galatasaray,Left Winger,,1.0,1.98,0.86,989.0,14.0,50.0,12.0,24.0,1.0,68.0,45.6,14.0,35.0,1.0,1.9855959545820943,1.5381027851253752,12.0,0.0,0.11483260989189151,0.0,2.0
743533,Federico Valverde,2025/2026,42,Champions League,8633,Real Madrid,Right Back,,3.0,1.84,2.75,1162.0,15.0,68.2,5.0,4.0,0.0,52.0,53.1,12.0,52.2,3.0,1.6020003855228429,2.6075580716133118,6.0,0.0,0.2380348891019821,0.1452912054955961,7.0
843099,Scott McTominay,2025/2026,42,Champions League,9875,Napoli,Defensive Midfielder,,4.0,3.05,3.38,699.0,9.0,64.3,11.0,12.0,0.0,39.0,48.8,9.0,39.1,4.0,2.915615661069752,3.0691659599542622,13.0,0.0,0.1327899228781462,0.31121751666069,3.0
1021382,João Pedro,2025/2026,42,Champions League,8455,Chelsea,Striker,F,3.0,2.82,2.59,532.0,7.0,50.0,17.0,16.0,0.0,36.0,41.4,8.0,32.0,2.0,2.741121966391801,2.265765011310576,12.0,1.0,0.0747411511838436,0.325829535722733,2.0
440330,Alexander Sørloth,2025/2026,42,Champions League,9906,Atletico Madrid,Striker,F,6.0,4.1,4.62,617.0,8.0,47.1,10.0,4.0,0.0,49.0,45.0,37.0,57.8,6.0,3.93309461325407,4.362194500863552,27.0,0.0,0.0587750133126974,0.0,2.0
1404415,Fermín López,2025/2026,42,Champions League,8634,Barcelona,Attacking Midfielder,M,6.0,2.95,6.0,801.0,11.0,42.3,9.0,2.0,0.0,37.0,37.8,3.0,37.5,5.0,2.603151528164745,4.686236158013344,14.0,1.0,0.3468861896544695,1.314633369445801,9.0
621562,Marcus Thuram,2025/2026,42,Champions League,8636,Inter,Striker,F,2.0,2.35,1.81,577.0,7.0,70.0,11.0,9.0,0.0,50.0,53.2,23.0,63.9,2.0,2.1735742026939993,1.658169537782669,25.0,0.0,0.1811096742749214,0.16413134336471602,5.0
868344,Tijjani Reijnders,2025/2026,42,Champions League,8456,Manchester City,Attacking Midfielder,M,0.0,1.52,1.23,579.0,7.0,63.6,10.0,2.0,0.0,15.0,35.7,3.0,75.0,0.0,1.2932700850069507,1.200297202914953,15.0,0.0,0.22902569361031047,0.0344958081841469,5.0
577904,Marko Jankovic,2025/2026,42,Champions League,7981,Qarabag FK,Defensive Midfielder,,1.0,1.83,2.16,730.0,9.0,56.2,12.0,17.0,0.0,40.0,52.6,3.0,60.0,1.0,1.6788696945488453,2.155604422092438,4.0,0.0,0.1461934819817543,0.0,4.0
1334552,Nicolò Tresoldi,2025/2026,42,Champions League,8342,Club Brugge,Striker,F,3.0,3.84,4.22,550.0,7.0,53.8,11.0,10.0,0.0,31.0,47.0,8.0,36.4,3.0,3.4804144464433193,4.171735614538193,14.0,0.0,0.09807004034519189,0.100340254604816,4.0
1050166,Anthony Elanga,2025/2026,42,Champions League,10261,Newcastle United,Right Winger,,2.0,1.64,1.6,478.0,6.0,42.9,8.0,9.0,1.0,20.0,37.7,2.0,20.0,2.0,1.498136442154646,1.5072182230651383,8.0,0.0,0.07332037761807439,0.0745073780417442,3.0
1253890,Arda Güler,2025/2026,42,Champions League,8633,Real Madrid,Attacking Midfielder,M,2.0,1.6,2.39,1030.0,11.0,57.9,13.0,17.0,0.0,52.0,47.7,7.0,46.7,0.0,0.6572187021374709,0.7472867220640187,6.0,2.0,0.9853272410109641,1.7668938739225268,17.0
560584,Jordan Larsson,2025/2026,42,Champions League,8391,FC København,Right Midfielder,,3.0,2.87,3.76,540.0,6.0,54.5,3.0,3.0,0.0,17.0,43.6,7.0,58.3,3.0,3.193796057331562,3.676294758915901,6.0,0.0,0.32797961868345743,0.0796542735770345,8.0
823825,Randal Kolo Muani,2025/2026,42,Champions League,8586,Tottenham Hotspur,Striker,F,4.0,2.67,4.18,449.0,5.0,50.0,6.0,4.0,0.0,18.0,36.7,6.0,35.3,4.0,2.625403866171838,4.1760545670986176,10.0,0.0,0.0431065000593662,0.0,1.0
1050158,Fábio Silva,2025/2026,42,Champions League,9789,Borussia Dortmund,Striker,F,1.0,2.14,0.6,272.0,3.0,37.5,9.0,8.0,0.0,18.0,39.1,4.0,33.3,1.0,2.1678101625680926,1.032761923968792,8.0,0.0,0.0960853230208158,0.0,3.0
1574189,Senny Mayulu,2025/2026,42,Champions League,9847,Paris Saint-Germain,Central Midfielder,M,2.0,2.35,1.99,444.0,5.0,35.7,6.0,6.0,0.0,23.0,41.8,3.0,37.5,2.0,2.1544368658214816,1.9865600056946284,14.0,0.0,0.1948833074420691,0.0,5.0
150565,Pierre-Emerick Aubameyang,2025/2026,42,Champions League,8592,Marseille,Striker,F,3.0,3.08,3.66,589.0,6.0,100.0,5.0,8.0,0.0,23.0,56.1,7.0,46.7,2.0,2.3883967548608798,2.138653382658959,14.0,1.0,0.6672016475349661,1.4506334215402599,8.0
687681,Victor Osimhen,2025/2026,42,Champions League,8637,Galatasaray,Striker,F,7.0,7.77,9.48,841.0,8.0,80.0,11.0,9.0,0.0,53.0,55.2,30.0,55.6,7.0,7.576264586415887,9.255877267569304,38.0,0.0,0.32561828289180994,0.22926045581698382,4.0
1197347,Nicolas Jackson,2025/2026,42,Champions League,9823,Bayern München,Striker,F,3.0,2.64,2.94,313.0,3.0,37.5,6.0,5.0,0.0,11.0,33.3,3.0,33.3,3.0,2.5469148326665163,2.7525483388453718,14.0,0.0,0.09257358964532611,0.184942618012428,4.0
318615,Leandro Trossard,2025/2026,42,Champions League,9825,Arsenal,Left Winger,,1.0,1.45,1.66,631.0,6.0,33.3,13.0,14.0,0.0,39.0,50.6,2.0,33.3,1.0,1.2576141040772206,1.58817307651043,16.0,0.0,0.1909352876245975,0.0755244717001915,6.0
534670,Martin Ødegaard,2025/2026,42,Champions League,9825,Arsenal,Central Midfielder,M,0.0,1.33,0.67,440.0,4.0,66.7,6.0,5.0,0.0,19.0,61.3,2.0,50.0,0.0,1.3152264803648,0.5026125833392139,7.0,0.0,0.19373571313917629,0.1648584399372342,5.0
831489,Alexis Mac Allister,2025/2026,42,Champions League,8650,Liverpool,Defensive Midfielder,,3.0,3.31,2.53,853.0,8.0,57.1,9.0,12.0,0.0,45.0,48.4,7.0,58.3,3.0,2.8325324319303036,2.432953804731369,11.0,0.0,0.4761018715798856,0.0990413799881935,11.0
760359,Harvey Barnes,2025/2026,42,Champions League,10261,Newcastle United,Left Winger,,6.0,4.14,5.07,808.0,7.0,38.9,7.0,12.0,0.0,27.0,44.3,3.0,37.5,6.0,3.841783875599503,4.525892553851007,23.0,0.0,0.31058331578969933,0.6028973665088415,6.0
288406,Alejandro Grimaldo,2025/2026,42,Champions League,8178,Bayer Leverkusen,Left Wing-Back,,4.0,2.35,3.19,1079.0,9.0,37.5,7.0,8.0,0.0,62.0,53.9,7.0,46.7,3.0,1.5512962509334094,1.488825574517251,9.0,1.0,0.7997185001149777,1.6969580054283142,11.0
690230,Lautaro Martínez,2025/2026,42,Champions League,8636,Inter,Striker,F,4.0,4.63,4.62,459.0,4.0,33.3,14.0,10.0,0.0,34.0,47.9,11.0,73.3,4.0,4.540322294458747,4.520811170339584,22.0,0.0,0.1039385050535202,0.117274321615696,2.0
792303,Luis Suárez,2025/2026,42,Champions League,9768,Sporting CP,Striker,F,5.0,5.28,5.74,956.0,8.0,32.0,12.0,28.0,1.0,63.0,49.2,22.0,53.7,5.0,4.998219112011792,5.588609401136637,25.0,0.0,0.2771914061158895,0.147584974765778,6.0
671865,Santi Comesaña,2025/2026,42,Champions League,10205,Villarreal,Central Midfielder,M,1.0,1.48,1.34,604.0,5.0,83.3,6.0,7.0,0.0,25.0,36.2,6.0,27.3,1.0,1.3800074979662897,1.288381963968277,6.0,0.0,0.1031645741313696,0.050281073898077,3.0
624166,Manuel Locatelli,2025/2026,42,Champions League,9885,Juventus,Defensive Midfielder,,1.0,1.0,0.87,646.0,5.0,62.5,2.0,7.0,0.0,44.0,60.3,8.0,50.0,1.0,0.8278572913646698,0.8124333731830117,2.0,0.0,0.1731188213452696,0.0546160005033016,7.0
1106563,Nick Woltemade,2025/2026,42,Champions League,10261,Newcastle United,Striker,F,1.0,1.43,0.43,653.0,5.0,62.5,18.0,10.0,1.0,30.0,42.3,12.0,54.5,1.0,1.3690642900764929,0.4065343663096429,11.0,0.0,0.0376282297074795,0.0,1.0
1300526,Nico O'Reilly,2025/2026,42,Champions League,8456,Manchester City,Left Back,,1.0,1.74,2.61,671.0,5.0,62.5,12.0,2.0,0.0,34.0,48.6,10.0,71.4,1.0,1.5977367609739297,2.5367734357714657,8.0,0.0,0.1460013166069984,0.0706008337438106,3.0
1126058,Malik Tillman,2025/2026,42,Champions League,8178,Bayer Leverkusen,Attacking Midfielder,M,2.0,1.4,1.63,533.0,4.0,57.1,14.0,9.0,0.0,27.0,42.2,3.0,37.5,1.0,1.2707066610455513,1.154487013816834,5.0,1.0,0.1292473636567593,0.475163131952286,3.0
890263,Jordan Teze,2025/2026,42,Champions League,9829,Monaco,Defensive Midfielder,,3.0,1.27,1.97,673.0,5.0,50.0,5.0,7.0,0.0,34.0,53.1,5.0,71.4,2.0,0.974621139466763,1.03032585978508,3.0,1.0,0.2912353500723839,0.94365119934082,7.0
637749,Vangelis Pavlidis,2025/2026,42,Champions League,9772,Benfica,Striker,F,2.0,3.94,1.67,811.0,6.0,33.3,14.0,10.0,0.0,40.0,41.7,15.0,41.7,2.0,3.610254533666372,1.3042339123785505,16.0,0.0,0.3472317643463617,0.361668735742569,5.0
950824,Josip Stanisic,2025/2026,42,Champions League,9823,Bayern München,Right Back,,1.0,1.32,1.96,769.0,5.0,62.5,4.0,2.0,0.0,34.0,63.0,7.0,63.6,1.0,1.2778497934341422,1.918141469359398,6.0,0.0,0.0449081808328629,0.0444588102400303,1.0
848266,Weston McKennie,2025/2026,42,Champions League,9885,Juventus,Right Wing-Back,,4.0,1.43,2.23,899.0,6.0,54.5,7.0,4.0,0.0,46.0,50.0,11.0,33.3,4.0,1.4884039433673033,2.2665953356772666,9.0,0.0,0.1040857136249542,0.0,3.0
184138,Antoine Griezmann,2025/2026,42,Champions League,9906,Atletico Madrid,Striker,F,2.0,3.55,3.6,870.0,6.0,50.0,14.0,9.0,0.0,37.0,49.3,10.0,62.5,2.0,3.403504267334938,3.0010396987199788,19.0,0.0,0.22336729243397707,0.5472826771438114,5.0
1157237,Christos Tzolis,2025/2026,42,Champions League,8342,Club Brugge,Left Winger,,2.0,2.32,2.35,722.0,5.0,50.0,8.0,8.0,0.0,27.0,51.9,3.0,50.0,2.0,1.9561931863427167,2.0652632582932715,17.0,0.0,0.34885745029896514,0.34461061656474967,10.0
833638,Nikola Krstovic,2025/2026,42,Champions League,8524,Atalanta,Striker,F,1.0,3.61,3.01,576.0,4.0,50.0,17.0,15.0,2.0,35.0,38.9,14.0,36.8,1.0,3.336662687361241,2.8562684021890155,19.0,0.0,0.3050837013870476,0.18420609086751938,6.0
1367615,Warren Zaïre-Emery,2025/2026,42,Champions League,9847,Paris Saint-Germain,Central Midfielder,M,0.0,1.01,0.43,1343.0,9.0,40.9,19.0,6.0,0.0,46.0,42.2,6.0,54.5,0.0,0.7829616665840152,0.431130886077881,7.0,0.0,0.2296389304101466,0.0,7.0
385437,Serge Gnabry,2025/2026,42,Champions League,9823,Bayern München,Attacking Midfielder,M,2.0,2.49,2.83,561.0,4.0,40.0,3.0,4.0,0.0,19.0,42.2,2.0,20.0,2.0,2.10793063789606,2.774237424135208,11.0,0.0,0.3839422203600407,0.0539646111428738,6.0
619506,Mehdi Taremi,2025/2026,42,Champions League,8638,Olympiacos,Striker,F,2.0,1.87,1.16,485.0,3.0,37.5,7.0,8.0,0.0,36.0,52.9,19.0,57.6,2.0,1.8781786076724536,1.25979009270668,10.0,0.0,0.0629885643720627,0.0,1.0
791682,Lukás Provod,2025/2026,42,Champions League,7787,Slavia Prague,Attacking Midfielder,M,0.0,1.12,0.59,701.0,5.0,29.4,14.0,11.0,0.0,37.0,42.5,10.0,43.5,0.0,0.8330073487013571,0.280204139649868,10.0,0.0,0.3287245268002151,0.3060226440429689,10.0
942381,Jurriën Timber,2025/2026,42,Champions League,9825,Arsenal,Right Back,,1.0,1.02,0.61,567.0,4.0,28.6,6.0,4.0,0.0,27.0,51.9,5.0,55.6,1.0,0.992224725894631,0.597657024860382,4.0,0.0,0.0253635887056589,0.0138397505506873,1.0
559065,Ramy Bensebaini,2025/2026,42,Champions League,9789,Borussia Dortmund,Center Back,,2.0,1.58,1.71,774.0,4.0,100.0,4.0,16.0,0.0,61.0,65.6,14.0,58.3,2.0,1.5768,1.7137690782547002,2.0,0.0,0.00551117630675435,0.0,1.0
298448,Davy Klaassen,2025/2026,42,Champions League,8593,Ajax,Central Midfielder,M,0.0,1.39,0.35,562.0,3.0,60.0,2.0,8.0,0.0,23.0,45.1,4.0,28.6,0.0,1.3507582694292068,0.23175485432148,5.0,0.0,0.0630033537745476,0.12085136026144,1.0
1705081,Christian Kofane,2025/2026,42,Champions League,8178,Bayer Leverkusen,Striker,F,1.0,2.8,2.33,600.0,3.0,50.0,10.0,8.0,1.0,26.0,36.1,9.0,31.0,1.0,2.5362159628421077,2.585376650094985,11.0,0.0,0.1471155919134616,0.0131496302783489,3.0
602563,Marcos Llorente,2025/2026,42,Champions League,9906,Atletico Madrid,Right Back,,4.0,1.15,2.81,1151.0,7.0,50.0,14.0,7.0,0.0,50.0,49.0,1.0,9.1,3.0,0.914693994447589,2.396547526121139,8.0,1.0,0.25224763527512517,0.4003996998071673,6.0
1342757,João Neves,2025/2026,42,Champions League,9847,Paris Saint-Germain,Central Midfielder,M,2.0,1.55,2.44,1144.0,6.0,46.2,10.0,26.0,0.0,91.0,58.0,27.0,50.9,2.0,1.3558880463242529,2.407341688871383,13.0,0.0,0.263133965432644,0.0499416645616293,4.0
1137705,Enzo Fernández,2025/2026,42,Champions League,8455,Chelsea,Attacking Midfielder,M,3.0,3.35,3.5,748.0,4.0,44.4,16.0,19.0,1.0,39.0,41.9,3.0,27.3,3.0,3.105203140604497,3.502015143632889,10.0,0.0,0.242857173550874,0.0,8.0
535936,Joelinton,2025/2026,42,Champions League,10261,Newcastle United,Central Midfielder,M,2.0,1.61,1.74,591.0,3.0,42.9,8.0,5.0,0.0,36.0,41.9,16.0,53.3,2.0,1.4863071516156197,1.4985357373952861,7.0,0.0,0.1254221610724925,0.240737915039062,2.0
540097,Patrik Schick,2025/2026,42,Champions League,8178,Bayer Leverkusen,Striker,F,4.0,2.89,2.97,537.0,3.0,42.9,4.0,10.0,0.0,32.0,57.1,17.0,60.7,4.0,2.7333324365317813,2.969525698572397,14.0,0.0,0.146039426326752,0.0,1.0
692984,Ousmane Dembélé,2025/2026,42,Champions League,9847,Paris Saint-Germain,Striker,F,8.0,6.55,4.91,827.0,5.0,35.7,5.0,5.0,0.0,13.0,39.4,,,7.0,6.334795147296785,4.745763942599296,29.0,1.0,0.2153801824897528,0.1649151258170602,5.0
939569,Jonathan David,2025/2026,42,Champions League,9885,Juventus,Striker,F,2.0,4.06,1.73,397.0,2.0,28.6,7.0,3.0,0.0,10.0,27.0,3.0,27.3,2.0,4.062414526939392,1.7327970266342163,10.0,0.0,0.0550150685012341,0.0,1.0
1047667,Maximilian Beier,2025/2026,42,Champions League,9789,Borussia Dortmund,Attacking Midfielder,M,1.0,2.31,1.47,529.0,3.0,25.0,7.0,3.0,0.0,20.0,33.3,8.0,42.1,1.0,2.225178070366382,1.417934231460094,11.0,0.0,0.08001898229122159,0.0475907474756241,3.0
950199,Morten Hjulmand,2025/2026,42,Champions League,9768,Sporting CP,Defensive Midfielder,,0.0,1.31,1.13,910.0,4.0,57.1,10.0,21.0,0.0,60.0,63.2,13.0,65.0,0.0,1.2788010798782108,1.122021848335862,7.0,0.0,0.0266000144183636,0.00896513368934393,1.0
1345875,Farès Chaïbi,2025/2026,42,Champions League,9810,Eintracht Frankfurt,Defensive Midfielder,,1.0,1.33,1.28,498.0,2.0,50.0,6.0,3.0,0.0,17.0,44.7,4.0,44.4,1.0,1.114708533549309,1.170657247304916,4.0,0.0,0.1904007829725743,0.10648984089493749,7.0
310768,Fredrik Aursnes,2025/2026,42,Champions League,9772,Benfica,Defensive Midfielder,,0.0,1.11,0.28,863.0,4.0,44.4,6.0,5.0,0.0,31.0,43.7,8.0,47.1,0.0,0.7697371654212471,0.156567588448524,5.0,0.0,0.3367143534123896,0.126905605196953,6.0
448540,Serhou Guirassy,2025/2026,42,Champions League,9789,Borussia Dortmund,Striker,F,4.0,4.46,5.77,710.0,3.0,42.9,16.0,16.0,1.0,42.0,45.2,23.0,47.9,4.0,4.884858997577429,5.7684750109910965,15.0,0.0,0.0856449324637651,0.0,3.0
664500,Viktor Gyökeres,2025/2026,42,Champions League,9825,Arsenal,Striker,F,5.0,6.3,4.49,914.0,4.0,40.0,17.0,19.0,1.0,36.0,39.1,12.0,38.7,4.0,5.988492341750861,3.893795523792504,26.0,1.0,0.30749753490090326,0.5962872207164769,5.0
1265963,Igor Paixão,2025/2026,42,Champions League,8592,Marseille,Left Winger,,4.0,1.24,2.48,471.0,2.0,22.2,7.0,7.0,0.0,21.0,47.7,7.0,63.6,1.0,0.8951121773570774,1.051106706261635,7.0,3.0,0.344103607349098,1.4336490444838998,8.0
267365,Marquinhos,2025/2026,42,Champions League,9847,Paris Saint-Germain,Center Back,,2.0,1.35,1.61,1320.0,4.0,80.0,1.0,5.0,1.0,62.0,61.4,36.0,65.5,2.0,1.3471407163888216,1.609045088291169,7.0,0.0,0.0,0.0,0.0
643533,Davinson Sánchez,2025/2026,42,Champions League,8637,Galatasaray,Center Back,,1.0,1.48,2.21,1020.0,3.0,75.0,3.0,5.0,0.0,59.0,55.7,31.0,67.4,1.0,1.4595427028834824,2.192568302154541,7.0,0.0,0.017064405605197,0.0136030754074454,1.0
1061249,Vitinha,2025/2026,42,Champions League,9847,Paris Saint-Germain,Central Midfielder,M,6.0,3.36,4.23,1544.0,6.0,75.0,10.0,12.0,0.0,46.0,46.9,3.0,30.0,3.0,2.1169661284267907,2.101002506911754,7.0,3.0,1.2506002504378553,2.1241173036396503,36.0
846005,Dominik Szoboszlai,2025/2026,42,Champions League,8650,Liverpool,Attacking Midfielder,M,5.0,2.99,3.25,1053.0,4.0,40.0,5.0,8.0,1.0,44.0,48.4,9.0,45.0,3.0,2.0815910287588832,2.264435976743697,11.0,2.0,0.8420919394120572,0.9190918989479554,19.0
605654,Fabián Ruiz,2025/2026,42,Champions League,9847,Paris Saint-Germain,Central Midfielder,M,1.0,1.54,0.78,650.0,2.0,40.0,6.0,5.0,0.0,26.0,46.4,2.0,40.0,1.0,1.167219031602144,0.5391925871372221,9.0,0.0,0.4340458922088147,0.238671574741602,8.0
163670,Ivan Perisic,2025/2026,42,Champions League,8640,PSV Eindhoven,Left Winger,,1.0,1.52,0.94,538.0,2.0,33.3,1.0,2.0,0.0,16.0,38.1,11.0,50.0,1.0,1.441417609380186,0.9392359033226968,8.0,0.0,0.07609553076326844,0.0,3.0
1178453,Romeo Vermant,2025/2026,42,Champions League,8342,Club Brugge,Striker,F,2.0,1.7,1.78,327.0,1.0,33.3,5.0,5.0,0.0,18.0,37.5,10.0,45.5,2.0,1.6617337223142385,1.809341207146644,9.0,0.0,0.0535178817808628,0.0,1.0
881771,Ferran Torres,2025/2026,42,Champions League,8634,Barcelona,Striker,F,3.0,3.37,2.8,357.0,1.0,25.0,6.0,6.0,0.0,17.0,51.5,5.0,83.3,3.0,2.948543053120375,2.7627210468053813,11.0,0.0,0.2895684391260148,0.0345617048442364,5.0
930065,Leandro Barreiro,2025/2026,42,Champions League,9772,Benfica,Defensive Midfielder,,2.0,1.32,1.5,630.0,2.0,22.2,7.0,18.0,1.0,44.0,51.8,7.0,41.2,2.0,1.3042477797716856,1.501025438308715,8.0,0.0,0.0174295287579298,0.0,1.0
460632,Joshua Kimmich,2025/2026,42,Champions League,9823,Bayern München,Defensive Midfielder,,0.0,1.53,0.15,1160.0,3.0,75.0,3.0,19.0,0.0,45.0,65.2,8.0,61.5,0.0,1.417737854644655,0.135507345199585,7.0,0.0,0.1075517404824496,0.009934326633811,4.0
642551,Aleix García,2025/2026,42,Champions League,8178,Bayer Leverkusen,Defensive Midfielder,,2.0,1.02,1.28,1005.0,2.0,66.7,1.0,8.0,0.0,28.0,50.0,4.0,30.8,1.0,0.7884,0.901952922344208,1.0,1.0,0.2253393670544029,0.4290030309930443,7.0
884382,Ayoub El Kaabi,2025/2026,42,Champions League,8638,Olympiacos,Striker,F,2.0,3.9,3.61,723.0,2.0,50.0,6.0,1.0,0.0,26.0,32.1,20.0,34.5,2.0,3.735125267916918,3.4585653655231003,20.0,0.0,0.1632467713207007,0.153960585594177,5.0
721089,Gianluca Scamacca,2025/2026,42,Champions League,8524,Atalanta,Striker,F,3.0,3.61,2.89,502.0,1.0,33.3,13.0,12.0,0.0,28.0,43.8,11.0,50.0,3.0,3.454510825686157,2.19711646437645,16.0,0.0,0.1525111515074969,0.6915462911129,3.0
866516,Teun Koopmeiners,2025/2026,42,Champions League,9885,Juventus,Center Back,,2.0,1.8,2.07,744.0,2.0,33.3,4.0,7.0,0.0,28.0,44.4,6.0,42.9,2.0,1.642082825303078,1.9839320182800302,6.0,0.0,0.1603920161724091,0.0877263322472572,3.0
1410437,Aleksandar Stankovic,2025/2026,42,Champions League,8342,Club Brugge,Defensive Midfielder,,2.0,1.13,1.35,876.0,2.0,28.6,2.0,9.0,0.0,32.0,60.4,5.0,71.4,2.0,0.6319960840046409,0.8019883558154111,7.0,0.0,0.4860520600341266,0.5528769418597218,12.0
982677,Folarin Balogun,2025/2026,42,Champions League,9829,Monaco,Striker,F,5.0,4.68,4.56,813.0,2.0,22.2,11.0,18.0,0.0,31.0,40.3,9.0,31.0,5.0,4.571749685332182,4.848241329193115,26.0,0.0,0.032465286552906,0.0,1.0
1367618,Francesco Pio Esposito,2025/2026,42,Champions League,8636,Inter,Striker,F,2.0,4.23,1.67,518.0,1.0,20.0,8.0,22.0,0.0,40.0,51.9,15.0,45.5,2.0,3.9652319606393576,0.760487407445908,23.0,0.0,0.3701710775494572,0.907505482435226,2.0
1576597,Camilo Durán,2025/2026,42,Champions League,7981,Qarabag FK,Striker,F,5.0,3.41,2.54,755.0,2.0,18.2,11.0,5.0,0.0,23.0,39.0,6.0,31.6,5.0,3.4239319944754247,2.4149422887712717,19.0,0.0,0.162755638360977,0.124209426343441,1.0
774947,Guus Til,2025/2026,42,Champions League,8640,PSV Eindhoven,Striker,F,2.0,1.35,1.79,583.0,1.0,16.7,5.0,2.0,0.0,11.0,31.4,3.0,27.3,2.0,1.2668737508356576,1.7943997979164121,6.0,0.0,0.0868638455867767,0.0,1.0
737066,Erling Haaland,2025/2026,42,Champions League,8456,Manchester City,Striker,F,8.0,6.82,6.88,755.0,1.0,100.0,0.0,6.0,1.0,17.0,58.6,9.0,60.0,8.0,6.571362042838336,6.113471271470189,31.0,0.0,0.2702180109918117,0.7674968577921394,4.0
605224,Federico Dimarco,2025/2026,42,Champions League,8636,Inter,Left Midfielder,,1.0,1.69,1.49,714.0,1.0,50.0,3.0,5.0,0.0,27.0,60.0,2.0,50.0,0.0,1.2621125578880303,0.6536877062171705,15.0,1.0,0.37210820149630336,0.7025912031531332,10.0
93447,Robert Lewandowski,2025/2026,42,Champions League,8634,Barcelona,Striker,F,4.0,3.64,4.96,623.0,1.0,25.0,9.0,16.0,1.0,36.0,47.4,18.0,47.4,4.0,3.6549685150384907,4.94669196754694,23.0,0.0,0.0595501605421304,0.0173799972981215,2.0
867414,Sandro Tonali,2025/2026,42,Champions League,10261,Newcastle United,Central Midfielder,M,1.0,1.13,0.96,955.0,1.0,25.0,10.0,16.0,0.0,38.0,52.1,5.0,71.4,1.0,0.7492892136797309,0.5189941823482518,6.0,0.0,0.41601676121354103,0.165715463459492,7.0
1473580,Aleksandar Pavlovic,2025/2026,42,Champions League,9823,Bayern München,Defensive Midfielder,,1.0,1.66,1.82,1174.0,1.0,16.7,7.0,9.0,0.0,37.0,42.0,6.0,31.6,1.0,1.2188828028738494,1.143358424305915,4.0,0.0,0.4411782044917345,0.6792124733328824,9.0
446266,Mario Pasalic,2025/2026,42,Champions League,8524,Atalanta,Defensive Midfielder,,3.0,3.64,3.87,604.0,1.0,16.7,2.0,3.0,1.0,21.0,45.7,5.0,35.7,3.0,3.587939739227293,3.872927740216255,12.0,0.0,0.055247638374567,0.0,1.0
759567,Vlad Dragomir,2025/2026,42,Champions League,2137,Pafos FC,Attacking Midfielder,M,1.0,1.06,1.98,668.0,1.0,16.7,13.0,9.0,0.0,19.0,25.7,3.0,10.7,0.0,1.0874384399503467,1.45603121817112,5.0,1.0,0.05481895525008433,0.5513680614531044,3.0
493647,Adama Traoré,2021/2022,47,Premier League,8602,Wolverhampton Wanderers,Right Winger,,1.0,2.92,2.3,1063.0,83.0,81.4,29.0,26.0,0.0,132.0,62.9,15.0,46.9,1.0,2.557055427,1.7076,11.0,0.0,0.49470338399999997,0.0748,12.0
466482,Allan Saint-Maximin,2021/2022,47,Premier League,10261,Newcastle United,Left Winger,,5.0,5.17,6.39,2809.0,150.0,62.2,90.0,48.0,0.0,229.0,49.4,18.0,50.0,5.0,4.015704522,5.7672,34.0,0.0,1.1555753610000001,0.6271000000000001,30.0
1021382,João Pedro,2021/2022,47,Premier League,9817,Watford,Striker,F,3.0,3.72,3.31,1638.0,62.0,58.5,58.0,30.0,0.0,167.0,42.9,56.0,37.8,3.0,3.0653614650000005,3.2023,34.0,0.0,0.531545894,0.10439999999999999,13.0
732282,Trincão,2021/2022,47,Premier League,8602,Wolverhampton Wanderers,Attacking Midfielder,M,2.0,3.81,2.73,1339.0,44.0,51.2,18.0,22.0,0.0,100.0,48.8,6.0,27.3,1.0,3.2802076730000005,1.7268,21.0,1.0,0.444352542,1.0029000000000001,11.0
215299,Lucas Moura,2021/2022,47,Premier League,8586,Tottenham Hotspur,Attacking Midfielder,M,2.0,2.68,3.08,1772.0,56.0,60.9,33.0,37.0,0.0,166.0,53.4,48.0,60.0,1.0,2.257448347,1.1141999999999999,23.0,1.0,0.428930747,1.0018,14.0
248453,Paul Pogba,2021/2022,47,Premier League,10260,Manchester United,midfielder,M,1.0,2.72,0.92,1354.0,39.0,72.2,27.0,29.0,0.0,116.0,48.7,36.0,64.3,1.0,2.13964001,0.7341,17.0,0.0,0.531239533,0.18869999999999998,15.0
939542,Dwight McNeil,2021/2022,47,Premier League,8191,Burnley,Right Winger,,0.0,2.3,1.62,3112.0,90.0,60.0,51.0,36.0,0.0,217.0,54.2,13.0,44.8,0.0,1.2920486840000003,0.5428999999999999,19.0,0.0,0.9630898240000002,1.0812,33.0
575735,Nicolas Pépé,2021/2022,47,Premier League,9825,Arsenal,Right Midfielder,,1.0,2.82,2.52,681.0,19.0,43.2,18.0,3.0,0.0,48.0,35.6,18.0,36.7,1.0,2.470579519581267,2.466576076889038,17.0,0.0,0.352914218,0.0512,6.0
198510,Wilfried Zaha,2021/2022,47,Premier League,9826,Crystal Palace,Left Winger,,14.0,9.83,11.39,2761.0,75.0,49.3,110.0,101.0,1.0,228.0,45.1,12.0,25.5,12.0,9.28908139,10.256099999999998,53.0,2.0,0.481642814,1.1314,16.0
769673,Emmanuel Dennis,2021/2022,47,Premier League,9817,Watford,Striker,F,10.0,7.45,7.54,2589.0,68.0,43.6,63.0,40.0,1.0,204.0,38.8,45.0,36.0,10.0,6.697697358000002,6.874799999999999,47.0,0.0,0.648556335,0.6689,13.0
690516,Ademola Lookman,2021/2022,47,Premier League,8197,Leicester City,Striker,F,6.0,4.71,4.55,1457.0,38.0,65.5,52.0,33.0,0.0,106.0,45.7,3.0,21.4,6.0,4.211725676,4.504099999999999,20.0,0.0,0.32790955099999997,0.0411,6.0
576165,Gabriel Jesus,2021/2022,47,Premier League,8456,Manchester City,Striker,F,8.0,9.82,7.28,1878.0,46.0,64.8,27.0,26.0,2.0,111.0,45.9,21.0,36.8,8.0,9.449243545000002,6.906600000000001,55.0,0.0,0.334371176,0.3756,9.0
1021586,Gabriel Martinelli,2021/2022,47,Premier League,9825,Arsenal,Left Winger,,6.0,7.45,6.66,1866.0,45.0,57.0,34.0,20.0,0.0,110.0,42.1,18.0,28.6,5.0,7.0181969112428035,5.873806256818772,44.0,1.0,0.43210450699999997,0.6560999999999999,8.0
846381,Jadon Sancho,2021/2022,47,Premier League,10260,Manchester United,Right Winger,,3.0,3.62,4.14,1902.0,47.0,55.3,27.0,7.0,0.0,70.0,42.7,2.0,15.4,3.0,3.3673316209999995,4.144000000000001,22.0,0.0,0.254038449,0.0,4.0
246575,Raheem Sterling,2021/2022,47,Premier League,8456,Manchester City,Left Winger,,13.0,13.91,14.69,2127.0,53.0,47.3,54.0,37.0,2.0,117.0,42.1,4.0,17.4,13.0,14.277756721999998,14.5805,47.0,0.0,0.40667326700000006,0.1101,10.0
956161,Joe Gelhardt,2021/2022,47,Premier League,8463,Leeds United,Attacking Midfielder,M,2.0,3.32,3.17,738.0,17.0,58.6,19.0,24.0,2.0,56.0,42.1,11.0,34.4,2.0,2.790938795,2.3776,19.0,0.0,0.167468881,0.1311,4.0
524435,Daniel Podence,2021/2022,47,Premier League,8602,Wolverhampton Wanderers,Left Winger,,2.0,2.2,1.92,1481.0,35.0,53.0,34.0,25.0,0.0,80.0,43.7,2.0,10.5,0.0,1.21192775,1.1636000000000002,15.0,2.0,0.8331063660000001,0.7554000000000001,20.0
492586,Demarai Gray,2021/2022,47,Premier League,8668,Everton,Left Winger,,5.0,4.25,3.06,2347.0,55.0,51.9,36.0,32.0,0.0,121.0,46.4,4.0,11.4,4.0,2.706451929,1.9496000000000002,31.0,1.0,1.3037791299999997,1.1073,34.0
610184,Emiliano Buendía,2021/2022,47,Premier League,10252,Aston Villa,Left Winger,,4.0,3.48,4.08,1901.0,40.0,62.5,41.0,44.0,0.0,141.0,49.0,19.0,35.2,3.0,2.258799013,2.6844000000000006,25.0,1.0,1.115894729,0.9658000000000001,19.0
312765,Jack Grealish,2021/2022,47,Premier League,8456,Manchester City,Left Winger,,3.0,5.77,4.12,1917.0,40.0,58.8,29.0,55.0,0.0,127.0,53.6,14.0,33.3,3.0,5.190824017000001,3.8989,41.0,0.0,0.127271319,0.226,4.0
360559,Hakim Ziyech,2021/2022,47,Premier League,8455,Chelsea,Right Winger,,4.0,3.53,3.56,1315.0,28.0,43.1,24.0,29.0,0.0,88.0,41.3,13.0,48.1,2.0,2.053907567,1.0556,16.0,2.0,1.3463859320000005,2.5038,36.0
696679,Raphinha,2021/2022,47,Premier League,8463,Leeds United,Left Winger,,11.0,10.16,9.48,2922.0,62.0,42.5,35.0,47.0,1.0,182.0,43.3,23.0,42.6,7.0,8.272724224000001,6.804,40.0,4.0,1.890019813,2.6789,48.0
318615,Leandro Trossard,2021/2022,47,Premier League,10204,Brighton & Hove Albion,Left Winger,,8.0,6.88,9.26,2810.0,56.0,70.0,73.0,26.0,1.0,125.0,42.7,9.0,31.0,7.0,5.332736133000001,8.2632,43.0,1.0,1.3350205809999998,0.9952,31.0
751649,Jack Harrison,2021/2022,47,Premier League,8463,Leeds United,Right Winger,,8.0,4.36,5.7,2648.0,54.0,47.4,66.0,23.0,0.0,153.0,37.6,19.0,26.0,7.0,3.9430742620000006,4.9326,31.0,1.0,0.414332321,0.7656000000000001,12.0
807729,Reece James,2021/2022,47,Premier League,8455,Chelsea,Right Back,,5.0,3.22,3.42,1865.0,36.0,76.6,22.0,31.0,0.0,117.0,57.9,17.0,44.7,5.0,2.3340457310000002,2.8544,19.0,0.0,0.788338761,0.5682,18.0
214570,Jeffrey Schlupp,2021/2022,47,Premier League,9826,Crystal Palace,Left Midfielder,,4.0,3.29,2.94,1846.0,35.0,60.3,33.0,22.0,1.0,134.0,47.7,31.0,44.3,4.0,3.164429597,2.876,26.0,0.0,0.230234448,0.0,7.0
488139,Bernardo Silva,2021/2022,47,Premier League,8456,Manchester City,Attacking Midfielder,M,8.0,6.93,6.94,2859.0,53.0,57.6,25.0,33.0,1.0,150.0,51.7,7.0,31.8,7.0,6.385635153,6.4872,41.0,1.0,0.29950207700000003,0.4504,6.0
237563,Stuart Armstrong,2021/2022,47,Premier League,8466,Southampton,Defensive Midfielder,,2.0,2.59,2.01,1468.0,27.0,50.0,27.0,20.0,1.0,77.0,46.1,4.0,26.7,2.0,1.7321496189999999,1.7781000000000002,15.0,0.0,0.7778440109999999,0.2365,23.0
637746,Odsonne Édouard,2021/2022,47,Premier League,9826,Crystal Palace,Striker,F,6.0,6.62,5.09,1567.0,30.0,44.8,27.0,6.0,0.0,90.0,38.1,38.0,45.8,6.0,6.213032414999999,4.968,36.0,0.0,0.187834352,0.124,4.0
688295,Christian Pulisic,2021/2022,47,Premier League,8455,Chelsea,Striker,F,6.0,4.91,5.6,1286.0,25.0,43.9,25.0,31.0,0.0,78.0,41.1,12.0,30.0,5.0,4.656599958,5.159000000000001,21.0,1.0,0.266989312,0.4388,7.0
292462,Mohamed Salah,2021/2022,47,Premier League,8650,Liverpool,Right Winger,,23.0,22.73,22.37,2761.0,53.0,42.7,81.0,23.0,2.0,100.0,32.4,7.0,17.5,22.0,22.413963287999994,20.851300000000005,113.0,1.0,1.2710886709999998,1.3858,26.0
434325,Thomas Partey,2021/2022,47,Premier League,9825,Arsenal,Central Midfielder,M,2.0,2.88,1.46,2032.0,35.0,81.4,17.0,17.0,0.0,118.0,52.0,24.0,48.0,2.0,1.6810319959999998,0.7142,13.0,0.0,1.2007625110589024,0.7466999999999999,31.0
815006,Phil Foden,2021/2022,47,Premier League,8456,Manchester City,Attacking Midfielder,M,9.0,9.67,9.27,2133.0,37.0,63.8,34.0,23.0,0.0,81.0,43.1,5.0,15.6,7.0,9.280943551999997,8.9635,46.0,2.0,0.38248852600000005,0.3095,11.0
166422,Andros Townsend,2021/2022,47,Premier League,8668,Everton,Right Winger,,3.0,2.27,3.12,1458.0,26.0,54.2,19.0,39.0,0.0,103.0,53.1,7.0,28.0,2.0,1.7617377309999998,1.8003,9.0,1.0,0.480107058,1.3196999999999999,12.0
361757,João Cancelo,2021/2022,47,Premier League,8456,Manchester City,Left Back,,1.0,3.87,3.66,3228.0,56.0,52.8,24.0,26.0,0.0,222.0,52.2,57.0,52.8,0.0,2.6798147909999996,2.2478,30.0,1.0,1.2760855809999998,1.4149,51.0
278343,Riyad Mahrez,2021/2022,47,Premier League,8456,Manchester City,Right Winger,,11.0,10.11,10.09,1491.0,26.0,52.0,21.0,15.0,0.0,60.0,42.3,8.0,36.4,11.0,9.043170580999998,9.721200000000001,44.0,0.0,1.105314236,0.3691,17.0
242709,Roberto Firmino,2021/2022,47,Premier League,8650,Liverpool,Attacking Midfielder,M,5.0,4.74,3.73,985.0,17.0,51.5,25.0,6.0,0.0,60.0,40.5,14.0,33.3,5.0,4.386289952999999,3.5507999999999997,21.0,0.0,0.33048934599999996,0.17500000000000002,9.0
860975,Joseph Willock,2021/2022,47,Premier League,10261,Newcastle United,Central Midfielder,M,2.0,3.18,2.19,2042.0,36.0,50.7,20.0,26.0,0.0,142.0,48.5,16.0,40.0,2.0,2.700143379,2.0040999999999998,23.0,0.0,0.483419623,0.1887,12.0
564818,Steven Bergwijn,2021/2022,47,Premier League,8586,Tottenham Hotspur,Left Winger,,3.0,3.18,4.08,550.0,10.0,50.0,14.0,9.0,0.0,26.0,35.6,4.0,44.4,3.0,2.30635051,2.7945,14.0,0.0,0.224698275,0.5104,5.0
771294,Ismaïla Sarr,2021/2022,47,Premier League,9817,Watford,Attacking Midfielder,M,5.0,5.43,6.37,1864.0,34.0,47.9,40.0,47.0,0.0,103.0,45.8,10.0,37.0,5.0,4.4236952469999995,5.8664,29.0,0.0,0.36197648400000004,0.4193,11.0
620026,Hee-Chan Hwang,2021/2022,47,Premier League,8602,Wolverhampton Wanderers,Striker,F,5.0,4.57,5.2,1819.0,33.0,47.8,24.0,42.0,0.0,109.0,44.1,8.0,27.6,5.0,4.171713959217393,4.639875354719162,20.0,0.0,0.24431329,0.47540000000000004,7.0
696365,Marcus Rashford,2021/2022,47,Premier League,10260,Manchester United,Left Winger,,4.0,2.9,3.66,1232.0,22.0,41.5,26.0,18.0,0.0,56.0,34.4,10.0,27.0,4.0,2.716355044,3.5797999999999996,16.0,0.0,0.147116641,0.0764,6.0
94550,Moussa Sissoko,2021/2022,47,Premier League,9817,Watford,Central Midfielder,M,2.0,3.46,3.91,3221.0,52.0,68.4,53.0,11.0,0.0,180.0,50.3,64.0,55.2,2.0,3.494341875,3.7975999999999996,16.0,0.0,0.264535468,0.115,9.0
303339,Sadio Mané,2021/2022,47,Premier League,8650,Liverpool,Left Midfielder,,16.0,17.51,13.48,2824.0,47.0,61.0,59.0,50.0,1.0,160.0,44.3,30.0,36.1,15.0,16.391812214,12.018299999999996,79.0,1.0,0.943326195,1.4645,19.0
889534,Emile Smith Rowe,2021/2022,47,Premier League,9825,Arsenal,Attacking Midfielder,M,10.0,5.99,5.58,1920.0,32.0,60.4,25.0,21.0,0.0,74.0,46.5,7.0,28.0,6.0,5.485268423,4.027399999999999,30.0,4.0,0.5028159710000001,1.7454,10.0
523825,Jarrod Bowen,2021/2022,47,Premier League,8654,West Ham United,Right Winger,,12.0,11.95,11.36,2987.0,50.0,56.8,51.0,43.0,2.0,167.0,45.1,38.0,36.9,11.0,11.470083599999999,10.9315,63.0,1.0,0.44456406500000006,0.4329,16.0
212867,Heung-Min Son,2021/2022,47,Premier League,8586,Tottenham Hotspur,Striker,F,23.0,15.98,18.57,3019.0,51.0,55.4,46.0,36.0,2.0,118.0,43.7,16.0,31.4,19.0,15.287945497,15.858799999999997,62.0,4.0,1.099334467,2.7122,24.0
194165,Harry Kane,2021/2022,47,Premier League,8586,Tottenham Hotspur,Striker,F,17.0,18.7,20.11,3232.0,54.0,54.0,61.0,54.0,0.0,198.0,45.3,75.0,47.8,16.0,16.476606552000003,17.2028,86.0,1.0,2.2073735590000005,2.9081,47.0
158545,Michail Antonio,2021/2022,47,Premier League,8654,West Ham United,Striker,F,10.0,10.95,11.72,2975.0,50.0,53.8,72.0,52.0,0.0,204.0,41.7,79.0,40.9,9.0,10.258665252999998,10.5732,67.0,1.0,0.695820737,1.1448,16.0
154280,Jordan Ayew,2021/2022,47,Premier League,9826,Crystal Palace,Striker,F,3.0,3.18,2.8,2023.0,34.0,47.9,77.0,66.0,1.0,179.0,44.5,32.0,35.2,2.0,2.2869479289999997,2.0904,23.0,1.0,0.819839232,0.6611,12.0
906937,Anthony Gordon,2021/2022,47,Premier League,8668,Everton,Left Winger,,4.0,3.46,3.21,2284.0,38.0,47.5,37.0,64.0,2.0,173.0,49.1,17.0,30.9,2.0,2.768342389976059,2.380817388153076,26.0,2.0,0.677361477,0.8256000000000001,18.0
1077975,Armando Broja,2021/2022,47,Premier League,8466,Southampton,Striker,F,6.0,6.0,6.23,1978.0,33.0,47.1,50.0,26.0,1.0,159.0,35.7,88.0,34.5,5.0,5.679158022999998,5.870800000000001,40.0,1.0,0.24375278499999997,0.36160000000000003,5.0
860920,Edward Nketiah,2021/2022,47,Premier League,9825,Arsenal,Attacking Midfielder,M,5.0,4.36,4.31,824.0,14.0,46.7,11.0,14.0,0.0,45.0,36.3,8.0,19.0,5.0,4.06345741,3.6110999999999995,22.0,0.0,0.301308401,0.6962999999999999,7.0
491883,Saïd Benrahma,2021/2022,47,Premier League,8654,West Ham United,Left Midfielder,,8.0,4.81,5.08,2184.0,37.0,46.2,30.0,15.0,0.0,90.0,42.5,10.0,34.5,7.0,3.5761130210000003,3.7936,29.0,1.0,1.254604486,1.2317000000000002,34.0
966027,Conor Gallagher,2021/2022,47,Premier League,9826,Crystal Palace,Central Midfielder,M,8.0,6.4,8.03,2851.0,43.0,56.6,50.0,65.0,1.0,199.0,46.6,23.0,37.1,7.0,5.4545662340000005,6.055200000000001,31.0,1.0,0.9360839240000002,1.9735,21.0
604785,Alex Iwobi,2021/2022,47,Premier League,8668,Everton,Defensive Midfielder,,2.0,2.34,2.05,2037.0,32.0,56.1,27.0,6.0,0.0,87.0,42.2,9.0,30.0,2.0,2.073280741,2.0534999999999997,18.0,0.0,0.22713604100000004,0.0,6.0
184536,Philippe Coutinho,2021/2022,47,Premier League,10252,Aston Villa,Attacking Midfielder,M,5.0,3.84,3.99,1339.0,21.0,48.8,20.0,20.0,0.0,63.0,43.4,5.0,22.7,5.0,2.9403851850000002,3.042,18.0,0.0,0.8338199680000002,0.9459000000000001,25.0
654908,Richarlison,2021/2022,47,Premier League,8668,Everton,Striker,F,10.0,9.64,8.51,2526.0,40.0,48.8,54.0,68.0,1.0,214.0,41.7,66.0,29.6,10.0,8.763155679679345,7.850759020996093,52.0,0.0,0.838338463,0.2406,20.0
852071,Juan Hernández,2021/2022,47,Premier League,9817,Watford,Striker,F,5.0,2.48,2.76,1140.0,18.0,46.2,14.0,12.0,0.0,74.0,38.1,33.0,39.3,5.0,1.663699968,2.5877,17.0,0.0,0.794427813,0.174,17.0
210276,Manuel Lanzini,2021/2022,47,Premier League,8654,West Ham United,Attacking Midfielder,M,5.0,3.67,3.82,1787.0,25.0,69.4,16.0,18.0,0.0,76.0,49.4,5.0,22.7,4.0,3.3471918169999997,3.1684,8.0,1.0,0.32760975299999995,0.653,8.0
666857,Yoane Wissa,2021/2022,47,Premier League,9937,Brentford,Striker,F,7.0,3.84,3.65,1273.0,19.0,63.3,6.0,22.0,0.0,73.0,50.7,20.0,39.2,4.0,2.793899034924645,2.384614643764496,20.0,3.0,0.5781137594448396,1.2639,12.0
169200,Kevin De Bruyne,2021/2022,47,Premier League,8456,Manchester City,Attacking Midfielder,M,15.0,5.78,7.64,2205.0,31.0,56.4,20.0,27.0,0.0,101.0,48.3,12.0,40.0,10.0,4.101334307000001,5.1648,40.0,5.0,1.626731905,2.4787,38.0
535936,Joelinton,2021/2022,47,Premier League,10261,Newcastle United,Central Midfielder,M,4.0,3.3,3.15,2558.0,37.0,52.9,60.0,33.0,0.0,241.0,45.6,99.0,50.3,4.0,2.7756163880000004,2.611,27.0,0.0,0.5202783860000001,0.5432,18.0
961995,Bukayo Saka,2021/2022,47,Premier League,9825,Arsenal,Right Winger,,11.0,10.7,8.64,2991.0,43.0,42.2,47.0,59.0,2.0,165.0,44.5,23.0,34.8,9.0,9.920265155861236,7.483684582787752,72.0,2.0,0.7830394692118874,1.1522,25.0
760359,Harvey Barnes,2021/2022,47,Premier League,8197,Leicester City,Left Winger,,6.0,5.66,8.78,2105.0,31.0,41.3,43.0,20.0,0.0,106.0,39.4,24.0,36.9,6.0,5.107550261000002,8.3935,49.0,0.0,0.530621886,0.3829,17.0
178818,Ilkay Gündogan,2021/2022,47,Premier League,8456,Manchester City,Defensive Midfielder,,8.0,9.01,7.79,1856.0,24.0,68.6,19.0,10.0,0.0,68.0,47.9,11.0,47.8,8.0,8.366564704,7.277200000000001,41.0,0.0,0.6264367900000001,0.515,14.0
172949,Thiago Alcántara,2021/2022,47,Premier League,8650,Liverpool,Central Midfielder,M,1.0,2.0,0.7,1533.0,20.0,62.5,13.0,13.0,0.0,112.0,56.3,32.0,72.7,1.0,1.3528336509999999,0.5612999999999999,9.0,0.0,0.6811566849999999,0.141,16.0
261936,Mohamed Elyounoussi,2021/2022,47,Premier League,8466,Southampton,Striker,F,4.0,5.51,4.62,2042.0,28.0,62.2,38.0,18.0,0.0,120.0,43.3,38.0,45.2,3.0,5.391930747,3.8794,29.0,1.0,0.6530023220000001,0.7363,14.0
923312,Bryan Mbeumo,2021/2022,47,Premier League,9937,Brentford,Attacking Midfielder,M,4.0,9.28,7.58,2915.0,39.0,48.8,57.0,38.0,0.0,134.0,36.4,29.0,21.6,4.0,8.491017716856982,5.9132,56.0,0.0,1.0584776596187686,1.0418481026172641,21.0
185236,Joshua King,2021/2022,47,Premier League,9817,Watford,Striker,F,5.0,8.93,8.36,2249.0,30.0,44.8,42.0,21.0,1.0,170.0,40.3,100.0,45.5,5.0,8.467305641,7.8271,39.0,0.0,0.422580096,0.1937,11.0
292313,Raul Jiménez,2021/2022,47,Premier League,8602,Wolverhampton Wanderers,Striker,F,6.0,6.69,5.41,2637.0,36.0,41.4,57.0,48.0,0.0,176.0,40.6,63.0,42.6,5.0,6.105393952415382,4.5008,43.0,1.0,0.48809537100000006,0.9117999999999999,14.0
493165,James Maddison,2021/2022,47,Premier League,8197,Leicester City,midfielder,M,12.0,7.71,9.77,2466.0,31.0,64.6,32.0,64.0,1.0,140.0,55.1,5.0,29.4,9.0,5.317080908,6.774100000000001,31.0,3.0,2.238809469,2.7253,41.0
1021929,Jacob Ramsey,2021/2022,47,Premier League,10252,Aston Villa,Central Midfielder,M,6.0,3.87,6.18,2476.0,30.0,62.5,36.0,44.0,0.0,157.0,50.0,16.0,32.0,4.0,3.3747657769999995,4.3488,19.0,2.0,0.6646890780000001,0.8764000000000001,15.0
643230,Tyler Roberts,2021/2022,47,Premier League,8463,Leeds United,Attacking Midfielder,M,1.0,2.39,2.96,977.0,12.0,54.5,14.0,20.0,0.0,56.0,45.2,9.0,28.1,1.0,1.727857438,2.0466,14.0,0.0,0.6402828279999999,0.8989999999999999,16.0
540088,Ollie Watkins,2021/2022,47,Premier League,10252,Aston Villa,Striker,F,11.0,11.92,11.09,2955.0,37.0,54.4,53.0,39.0,1.0,158.0,41.4,65.0,40.4,11.0,11.519209531000001,9.954300000000002,72.0,0.0,0.266343452,0.13949999999999999,5.0
643709,Kelechi Iheanacho,2021/2022,47,Premier League,8197,Leicester City,Striker,F,4.0,3.61,3.55,1259.0,16.0,48.5,21.0,11.0,0.0,53.0,34.0,16.0,29.6,2.0,2.8477109709999997,1.9057,18.0,2.0,0.7604702629999999,1.6408,13.0
169193,Alexandre Lacazette,2021/2022,47,Premier League,9825,Arsenal,Striker,F,4.0,9.12,6.3,1789.0,19.0,57.6,29.0,29.0,4.0,96.0,41.4,21.0,30.4,4.0,8.409126280141926,6.157025928211212,36.0,0.0,0.6058244378560147,0.2941611414670944,10.0
673937,Sergi Canós,2021/2022,47,Premier League,9937,Brentford,Left Winger,,3.0,3.2,2.45,2094.0,23.0,46.0,25.0,15.0,0.0,103.0,43.8,9.0,25.0,3.0,2.703180256,2.2874,25.0,0.0,0.25761742000000004,0.1666,8.0
570461,Diogo Jota,2021/2022,47,Premier League,8650,Liverpool,forward,F,15.0,16.97,12.9,2372.0,27.0,39.1,33.0,40.0,2.0,143.0,37.2,37.0,30.8,15.0,16.333463225000003,12.777599999999998,79.0,0.0,0.41734692999999995,0.0919,11.0
519835,Adam Armstrong,2021/2022,47,Premier League,8466,Southampton,Striker,F,2.0,4.55,3.34,1414.0,16.0,38.1,13.0,6.0,1.0,45.0,35.7,13.0,36.1,1.0,3.775799044,2.8364000000000003,29.0,1.0,0.7782579260000001,0.5002,18.0
465960,Youri Tielemans,2021/2022,47,Premier League,8197,Leicester City,Defensive Midfielder,,6.0,4.45,6.77,2633.0,25.0,64.1,30.0,36.0,0.0,159.0,51.0,24.0,55.8,5.0,3.334322991,4.7005,17.0,1.0,1.053450061,2.0659,42.0
599353,Ché Adams,2021/2022,47,Premier League,8466,Southampton,Striker,F,7.0,7.16,8.03,2041.0,20.0,57.1,34.0,40.0,0.0,135.0,42.7,62.0,40.0,7.0,6.944895016,7.668000000000001,44.0,0.0,0.17294269099999998,0.0347,5.0
159342,Mateusz Klich,2021/2022,47,Premier League,8463,Leeds United,Central Midfielder,M,1.0,2.84,2.55,2079.0,20.0,57.1,22.0,15.0,0.0,89.0,40.5,7.0,35.0,1.0,2.155768236,1.1838,18.0,0.0,0.688559903,1.3683,24.0
729731,Matty Cash,2021/2022,47,Premier League,10252,Aston Villa,Right Back,,4.0,2.69,2.71,3380.0,33.0,55.9,31.0,38.0,0.0,202.0,54.3,42.0,48.3,3.0,2.3829281089999994,2.2468,27.0,1.0,0.27801359000000003,0.4669,10.0
193869,Rodrigo,2021/2022,47,Premier League,8463,Leeds United,Right Winger,,6.0,4.38,5.27,2270.0,22.0,52.4,27.0,30.0,0.0,89.0,38.2,17.0,26.2,4.0,3.602149192,3.9965999999999995,25.0,2.0,0.6391025710000001,1.2747000000000002,22.0
831489,Alexis Mac Allister,2021/2022,47,Premier League,10204,Brighton & Hove Albion,Defensive Midfielder,,5.0,6.36,4.42,2116.0,21.0,50.0,23.0,39.0,0.0,149.0,52.5,25.0,52.1,4.0,4.904919517000001,3.6059,23.0,1.0,1.4335891959999998,0.8104,37.0
848011,Joshua Sargent,2021/2022,47,Premier League,9850,Norwich City,Striker,F,2.0,2.77,1.3,1578.0,16.0,50.0,25.0,23.0,0.0,105.0,46.1,40.0,45.5,2.0,1.558875771,1.2989,14.0,0.0,0.903137913,0.0,10.0
749736,Kai Havertz,2021/2022,47,Premier League,8455,Chelsea,Striker,F,8.0,8.63,8.09,1810.0,18.0,42.9,32.0,25.0,1.0,97.0,38.6,37.0,41.6,8.0,8.409303329999998,8.013100000000001,49.0,0.0,0.326663836,0.0786,7.0
724436,Sergio Reguilón,2021/2022,47,Premier League,8586,Tottenham Hotspur,Left Back,,2.0,2.96,3.68,1922.0,19.0,41.3,13.0,24.0,0.0,114.0,52.1,31.0,58.5,2.0,2.818796844,3.2202999999999995,15.0,0.0,0.224112784,0.4616,6.0
650616,Mathias Jensen,2021/2022,47,Premier League,9937,Brentford,Defensive Midfielder,,0.0,3.02,1.74,1600.0,15.0,62.5,15.0,6.0,0.0,61.0,37.9,7.0,30.4,0.0,2.663750600132969,1.4103,10.0,0.0,0.446446008,0.3261,9.0
706297,Jean-Philippe Mateta,2021/2022,47,Premier League,9826,Crystal Palace,Striker,F,5.0,5.8,4.08,1148.0,10.0,58.8,23.0,7.0,0.0,64.0,38.3,39.0,47.6,5.0,6.092135309000001,4.0172,36.0,0.0,0.04663486,0.0612,1.0
351999,Wout Weghorst,2021/2022,47,Premier League,8191,Burnley,Striker,F,2.0,4.74,2.09,1457.0,13.0,56.5,29.0,18.0,0.0,103.0,39.5,55.0,40.7,2.0,4.654413765,1.8218,24.0,0.0,0.103931859,0.2639,6.0
534670,Martin Ødegaard,2021/2022,47,Premier League,9825,Arsenal,Central Midfielder,M,7.0,4.88,4.47,2791.0,25.0,54.3,48.0,20.0,0.0,108.0,40.6,15.0,39.5,5.0,3.0948126226908528,2.6413,21.0,2.0,1.7879968839999993,1.8331,32.0
72518,Juraj Kucka,2021/2022,47,Premier League,9817,Watford,midfielder,M,1.0,3.28,2.04,1923.0,17.0,51.5,19.0,49.0,0.0,181.0,51.3,57.0,54.3,1.0,2.2278699829999997,1.2784,20.0,0.0,0.9793338259999999,0.816,26.0
391064,Neal Maupay,2021/2022,47,Premier League,10204,Brighton & Hove Albion,Striker,F,8.0,8.76,6.22,2275.0,21.0,51.2,51.0,31.0,0.0,90.0,34.4,21.0,26.9,6.0,7.815405387999998,4.2218,42.0,2.0,0.8552383680000001,1.0577999999999999,19.0
422685,Bruno Fernandes,2021/2022,47,Premier League,10260,Manchester United,Attacking Midfielder,M,10.0,9.7,6.29,3118.0,26.0,50.0,40.0,47.0,0.0,146.0,42.9,19.0,38.8,8.0,7.580057823000001,4.5474,38.0,2.0,2.1245757290000005,1.7415,51.0
521148,Jacob Murphy,2021/2022,47,Premier League,10261,Newcastle United,Right Winger,,1.0,2.21,1.97,1459.0,13.0,44.8,21.0,14.0,0.0,90.0,47.1,14.0,29.8,1.0,1.860379657,1.6835999999999998,16.0,0.0,0.34706574700000004,0.2883,11.0
196308,Matej Vydra,2021/2022,47,Premier League,8191,Burnley,Striker,F,2.0,2.93,3.0,666.0,6.0,42.9,8.0,8.0,0.0,44.0,36.1,18.0,26.5,2.0,2.663526821,2.4743,13.0,0.0,0.280247491,0.5267,6.0
717176,Daniel James,2021/2022,47,Premier League,10260,Manchester United,Right Winger,,4.0,6.32,6.72,2500.0,21.0,38.9,25.0,38.0,1.0,99.0,39.1,14.0,20.3,4.0,5.865101655000001,6.2011,40.0,0.0,0.47594373799999995,0.5155,14.0
1050166,Anthony Elanga,2021/2022,47,Premier League,10260,Manchester United,Right Winger,,2.0,2.72,2.02,1214.0,11.0,35.5,15.0,22.0,0.0,83.0,52.9,24.0,57.1,2.0,2.439225631,1.4996000000000003,16.0,0.0,0.173907404,0.5181,5.0
148315,Christian Benteke,2021/2022,47,Premier League,9826,Crystal Palace,Striker,F,4.0,4.97,3.53,1136.0,9.0,69.2,17.0,16.0,0.0,113.0,55.1,86.0,60.1,4.0,4.7171562289999995,3.3329,35.0,0.0,0.174280474,0.2012,4.0
30893,Cristiano Ronaldo,2021/2022,47,Premier League,10260,Manchester United,Striker,F,18.0,17.75,14.17,2458.0,20.0,62.5,30.0,18.0,2.0,88.0,40.6,42.0,38.2,15.0,17.245914971999994,12.720800000000004,88.0,3.0,0.9067964519999999,1.4485999999999999,22.0
181276,Romelu Lukaku,2021/2022,47,Premier League,8455,Chelsea,Striker,F,8.0,6.72,5.22,1585.0,13.0,52.0,25.0,12.0,3.0,78.0,44.8,51.0,51.5,7.0,6.3840115609999994,4.2686,38.0,1.0,0.249159802,0.9177,5.0
352887,Abdoulaye Doucouré,2021/2022,47,Premier League,8668,Everton,Central Midfielder,M,2.0,2.31,2.64,2538.0,21.0,51.2,22.0,16.0,0.0,147.0,48.5,35.0,48.6,2.0,1.9571101726190316,2.279355043888092,23.0,0.0,0.322892537596714,0.3621,11.0
408987,Ivan Toney,2021/2022,47,Premier League,9937,Brentford,Striker,F,12.0,11.96,11.66,2908.0,24.0,48.0,44.0,80.0,3.0,284.0,52.6,147.0,55.9,12.0,10.98907780097693,11.32229805970192,72.0,0.0,0.5139058632232342,0.1468,16.0
66578,Teemu Pukki,2021/2022,47,Premier League,9850,Norwich City,Striker,F,11.0,11.63,10.01,3260.0,27.0,45.0,42.0,25.0,1.0,90.0,31.0,15.0,16.9,11.0,10.999526521999998,10.0107,61.0,0.0,0.42219188800000007,0.0,10.0
750032,Mason Mount,2021/2022,47,Premier League,8455,Chelsea,Attacking Midfielder,M,11.0,8.04,9.0,2364.0,18.0,42.9,34.0,23.0,0.0,88.0,38.3,6.0,16.2,9.0,6.804184642999998,7.567799999999999,48.0,2.0,1.205963532,1.432,28.0
683450,Pablo Fornals,2021/2022,47,Premier League,8654,West Ham United,Attacking Midfielder,M,6.0,4.64,4.31,2799.0,23.0,42.6,28.0,28.0,1.0,128.0,42.4,23.0,43.4,5.0,4.005353116999999,3.4506999999999994,29.0,1.0,0.6439098760000002,0.8629,14.0
426880,Maxwel Cornet,2021/2022,47,Premier League,8191,Burnley,forward,F,9.0,6.85,6.19,1776.0,13.0,34.2,33.0,20.0,2.0,73.0,36.0,24.0,34.8,6.0,6.036906631999999,4.800399999999999,35.0,3.0,0.756146765,1.3876000000000002,12.0
450980,Timo Werner,2021/2022,47,Premier League,8455,Chelsea,Left Winger,,4.0,6.96,5.07,1286.0,10.0,30.3,19.0,12.0,0.0,36.0,29.5,6.0,27.3,3.0,6.547932382,4.7909999999999995,40.0,1.0,0.261870092,0.2793,5.0
282775,Jorginho,2021/2022,47,Premier League,8455,Chelsea,Defensive Midfielder,,6.0,5.88,7.14,2278.0,16.0,76.2,19.0,38.0,0.0,131.0,49.8,13.0,33.3,6.0,5.667139137,7.1415,9.0,0.0,0.18261527900000002,0.0,7.0
107280,Ashley Barnes,2021/2022,47,Premier League,8191,Burnley,Striker,F,1.0,2.21,2.36,800.0,5.0,62.5,22.0,12.0,0.0,77.0,39.7,50.0,43.5,1.0,1.859222886,1.9672999999999998,11.0,0.0,0.28821643399999997,0.3881,5.0
760712,Trent Alexander-Arnold,2021/2022,47,Premier League,8650,Liverpool,Right Back,,2.0,2.59,2.14,2853.0,19.0,48.7,19.0,7.0,0.0,81.0,45.5,15.0,53.6,0.0,1.053481943,0.45319999999999994,16.0,2.0,1.3192882909999997,1.6821,35.0
113836,Danny Welbeck,2021/2022,47,Premier League,10204,Brighton & Hove Albion,Striker,F,6.0,6.64,8.29,1477.0,10.0,47.6,22.0,13.0,1.0,84.0,44.7,47.0,48.0,6.0,6.313593097,7.7368,34.0,0.0,0.41673093,0.5519999999999999,9.0
196169,Marcos Alonso,2021/2022,47,Premier League,8455,Chelsea,Center Back,,4.0,2.89,2.5,2172.0,15.0,42.9,25.0,28.0,0.0,124.0,51.5,40.0,58.0,3.0,2.2761197130000004,1.8069000000000002,27.0,1.0,0.563938556,0.6956,16.0
891855,Jakub Moder,2021/2022,47,Premier League,10204,Brighton & Hove Albion,Central Midfielder,M,0.0,2.76,1.86,1702.0,12.0,41.4,19.0,11.0,0.0,90.0,45.0,25.0,40.3,0.0,2.2533891070000003,1.8575,21.0,0.0,0.336723435,0.0,7.0
660165,Milot Rashica,2021/2022,47,Premier League,9850,Norwich City,Right Winger,,1.0,2.69,1.81,2236.0,16.0,21.9,38.0,47.0,0.0,106.0,39.4,12.0,30.0,0.0,1.477523027,0.7416,17.0,1.0,1.1285762650000002,1.0636999999999999,27.0
688273,Vitaly Janelt,2021/2022,47,Premier League,9937,Brentford,Defensive Midfielder,,4.0,2.55,3.02,2307.0,13.0,86.7,11.0,25.0,0.0,132.0,60.0,34.0,57.6,4.0,1.9453491809999996,2.7558,17.0,0.0,0.41828957800000005,0.2628,13.0
266520,Christian Nørgaard,2021/2022,47,Premier League,9937,Brentford,Defensive Midfielder,,3.0,3.69,3.82,3059.0,18.0,66.7,26.0,33.0,0.0,210.0,50.6,50.0,42.4,3.0,3.6405263349999992,3.5899,20.0,0.0,0.17167549499999998,0.2288,7.0
109491,Jay Rodriguez,2021/2022,47,Premier League,8191,Burnley,forward,F,2.0,4.75,2.89,1374.0,8.0,53.3,13.0,16.0,0.0,99.0,43.6,55.0,44.7,2.0,4.498022202,2.7715,30.0,0.0,0.324868338,0.1174,11.0
214426,Danny Ings,2021/2022,47,Premier League,10252,Aston Villa,Striker,F,7.0,7.13,7.04,1904.0,10.0,32.3,21.0,12.0,0.0,72.0,37.1,27.0,40.3,7.0,6.927564980000002,7.0421,44.0,0.0,0.17873527900000002,0.0,5.0
938247,Mohammed Salisu,2021/2022,47,Premier League,8466,Southampton,Center Back,,0.0,2.07,1.29,2972.0,13.0,81.2,10.0,7.0,0.0,201.0,59.8,101.0,62.3,0.0,1.958810403,1.268,22.0,0.0,0.036894424999999995,0.0255,2.0
359188,Fabinho,2021/2022,47,Premier League,8650,Liverpool,Defensive Midfielder,,5.0,4.01,4.74,2316.0,11.0,73.3,13.0,28.0,0.0,128.0,50.2,44.0,64.7,5.0,3.9670116640000006,4.3566,13.0,0.0,0.258259515,0.3857,8.0
675088,Rodri,2021/2022,47,Premier League,8456,Manchester City,Defensive Midfielder,,7.0,2.53,5.13,2887.0,12.0,54.5,23.0,20.0,0.0,189.0,58.5,85.0,72.0,3.0,1.522743727,1.6955,22.0,4.0,0.769581342,2.4795,23.0
167008,Pascal Groß,2021/2022,47,Premier League,10204,Brighton & Hove Albion,Defensive Midfielder,,2.0,2.98,2.56,2043.0,9.0,50.0,15.0,6.0,0.0,58.0,42.3,15.0,41.7,2.0,2.565988601,2.4314,16.0,0.0,0.36577466699999994,0.1236,8.0
286119,Jamie Vardy,2021/2022,47,Premier League,8197,Leicester City,Striker,F,15.0,10.5,9.82,1805.0,9.0,40.9,8.0,12.0,0.0,51.0,36.2,24.0,32.4,15.0,10.618491876999999,9.7153,51.0,0.0,0.152453941,0.10520000000000002,3.0
844425,Marc Guéhi,2021/2022,47,Premier League,9826,Crystal Palace,Center Back,,2.0,2.69,1.05,3223.0,12.0,92.3,7.0,34.0,0.0,149.0,66.5,68.0,55.7,2.0,2.467289277,1.0523,18.0,0.0,0.012669459,0.0,1.0
171698,Joel Matip,2021/2022,47,Premier League,8650,Liverpool,Center Back,,3.0,3.21,2.81,2790.0,9.0,90.0,7.0,11.0,0.0,175.0,68.1,109.0,68.1,3.0,3.4120989520000005,2.6252999999999997,35.0,0.0,0.0,0.0,0.0
524437,Tomás Soucek,2021/2022,47,Premier League,8654,West Ham United,Defensive Midfielder,,5.0,5.5,5.01,3062.0,10.0,62.5,16.0,18.0,0.0,227.0,49.0,134.0,48.7,5.0,5.027033456,4.3064,35.0,0.0,0.471048788,0.7024,10.0
279490,James Ward-Prowse,2021/2022,47,Premier League,8466,Southampton,Defensive Midfielder,,10.0,5.37,9.53,3217.0,12.0,60.0,25.0,15.0,0.0,95.0,40.4,27.0,43.5,5.0,3.3183467799999997,4.403700000000001,7.0,5.0,2.03261873,5.121899999999999,48.0
240538,Ben Mee,2021/2022,47,Premier League,8191,Burnley,Center Back,,3.0,2.35,1.32,1840.0,4.0,80.0,0.0,7.0,0.0,105.0,64.4,68.0,62.4,3.0,2.3396462889999996,1.3245,18.0,0.0,0.013842939,0.0,1.0
411617,Aymeric Laporte,2021/2022,47,Premier League,8456,Manchester City,Center Back,,4.0,5.1,2.37,2834.0,6.0,75.0,7.0,10.0,1.0,101.0,62.7,52.0,61.9,4.0,4.801306849,2.1906,32.0,0.0,0.100640338,0.0,3.0
209405,Virgil van Dijk,2021/2022,47,Premier League,8650,Liverpool,Center Back,,3.0,2.03,2.21,3060.0,6.0,75.0,3.0,8.0,0.0,147.0,73.5,117.0,77.5,3.0,1.976714538,1.8505,32.0,0.0,0.061966873,0.3594,3.0
292678,Romain Saïss,2021/2022,47,Premier League,8602,Wolverhampton Wanderers,Center Back,,2.0,2.8,2.75,2708.0,7.0,70.0,5.0,15.0,0.0,134.0,57.3,73.0,59.3,2.0,2.759772508,2.7531,15.0,0.0,0.089554962,0.0,3.0
643533,Davinson Sánchez,2021/2022,47,Premier League,8586,Tottenham Hotspur,Center Back,,2.0,2.19,1.58,1626.0,4.0,66.7,2.0,11.0,0.0,101.0,60.8,47.0,56.0,2.0,2.050356881,1.5764,12.0,0.0,0.020605279,0.0,1.0
276121,Ben Davies,2021/2022,47,Premier League,8586,Tottenham Hotspur,Center Back,,1.0,2.33,2.31,2539.0,7.0,63.6,10.0,18.0,0.0,128.0,54.0,67.0,56.3,1.0,2.1339637179999995,2.2344,10.0,0.0,0.18325038700000001,0.0718,8.0
276738,Antonio Rüdiger,2021/2022,47,Premier League,8455,Chelsea,Center Back,,3.0,2.44,1.98,3035.0,6.0,50.0,8.0,12.0,2.0,122.0,60.1,56.0,73.7,2.0,1.8325488070000002,0.8121,28.0,1.0,0.43578798799999996,1.1702,20.0
424129,Leander Dendoncker,2021/2022,47,Premier League,8602,Wolverhampton Wanderers,Central Midfielder,M,2.0,2.23,2.3,1946.0,5.0,50.0,9.0,6.0,0.0,83.0,48.5,30.0,47.6,2.0,2.15050329,1.9658,18.0,0.0,0.099453859,0.3316,5.0
169719,Chris Wood,2021/2022,47,Premier League,8191,Burnley,Striker,F,5.0,7.29,5.72,2705.0,6.0,33.3,20.0,17.0,1.0,236.0,47.4,205.0,51.8,5.0,7.109159581000003,5.6944,45.0,0.0,0.181343451,0.0238,6.0
644459,Patson Daka,2021/2022,47,Premier League,8197,Leicester City,Striker,F,5.0,4.22,5.7,1161.0,3.0,18.8,18.0,14.0,0.0,49.0,31.0,17.0,27.9,5.0,4.092982422,4.948300000000001,22.0,0.0,0.09839795500000001,0.5181,4.0
169162,Craig Dawson,2021/2022,47,Premier League,8654,West Ham United,defender,,2.0,3.0,1.48,2754.0,4.0,100.0,5.0,12.0,0.0,138.0,56.1,94.0,63.1,2.0,2.9671188630000005,1.4831,24.0,0.0,0.030721776,0.0,1.0
795179,Gabriel,2021/2022,47,Premier League,9825,Arsenal,Center Back,,5.0,3.24,2.62,3068.0,4.0,100.0,5.0,38.0,0.0,147.0,65.3,55.0,58.5,5.0,3.211931958462864,2.9115,27.0,0.0,0.030655688,0.0,2.0
174031,Pontus Jansson,2021/2022,47,Premier League,9937,Brentford,Center Back,,3.0,4.05,4.04,3322.0,2.0,100.0,5.0,8.0,1.0,152.0,57.6,103.0,56.0,3.0,2.9843733200000004,3.0980999999999996,22.0,0.0,0.0,0.0,0.0
243138,James Tarkowski,2021/2022,47,Premier League,8191,Burnley,Center Back,,1.0,2.63,1.44,3107.0,5.0,71.4,5.0,19.0,0.0,241.0,68.5,153.0,70.5,1.0,2.5322878649999994,1.3585,21.0,0.0,0.008294555,0.0237,1.0
614006,Rúben Dias,2021/2022,47,Premier League,8456,Manchester City,Center Back,,2.0,2.64,1.33,2403.0,2.0,50.0,3.0,9.0,0.0,88.0,54.0,51.0,58.6,1.0,2.623639314,0.9803,15.0,1.0,0.097967053,0.3137,3.0
230916,Ryan Fraser,2021/2022,47,Premier League,10261,Newcastle United,Left Winger,,2.0,2.66,2.88,1470.0,1.0,25.0,11.0,24.0,0.0,40.0,42.6,5.0,18.5,2.0,2.295385209,2.8674999999999997,14.0,0.0,0.369207942,0.0131,10.0
247761,Conor Coady,2021/2022,47,Premier League,8602,Wolverhampton Wanderers,Center Back,,4.0,2.81,2.02,3363.0,1.0,100.0,1.0,1.0,0.0,65.0,53.3,32.0,57.1,4.0,2.717111538,2.0214999999999996,10.0,0.0,0.038021814,0.0,2.0
490868,Jan Bednarek,2021/2022,47,Premier League,8466,Southampton,Center Back,,4.0,2.23,1.75,2631.0,1.0,100.0,4.0,15.0,0.0,139.0,62.1,91.0,70.0,4.0,2.228791223,1.7548,19.0,0.0,0.0,0.0,0.0
202180,Grant Hanley,2021/2022,47,Premier League,9850,Norwich City,Center Back,,1.0,2.07,0.85,2899.0,1.0,33.3,1.0,22.0,0.0,169.0,70.1,102.0,75.6,1.0,2.123031505,0.5082,20.0,0.0,0.0,0.0,0.0
688300,Samuel Chukwueze,2021/2022,87,LaLiga,10205,Villarreal,Left Winger,,3.0,4.63,2.19,1329.0,67.0,53.2,20.0,16.0,0.0,103.0,48.1,7.0,28.0,3.0,4.260861998,2.1866999999999996,24.0,0.0,0.374239199,0.0,8.0
692984,Ousmane Dembélé,2021/2022,87,LaLiga,8634,Barcelona,Striker,F,1.0,2.68,1.22,1411.0,59.0,65.6,28.0,17.0,0.0,104.0,53.9,4.0,44.4,1.0,1.828179314,0.8819999999999999,25.0,0.0,0.770425029,0.25529999999999997,21.0
21414,Óscar Trejo,2021/2022,87,LaLiga,8370,Rayo Vallecano,Attacking Midfielder,M,3.0,3.28,3.89,2023.0,82.0,64.6,66.0,68.0,0.0,217.0,48.7,25.0,45.5,3.0,2.9267234799999997,3.737,9.0,0.0,0.35411008699999996,0.1572,14.0
846033,Vinícius Júnior,2021/2022,87,LaLiga,8633,Real Madrid,Left Winger,,17.0,12.45,16.88,2699.0,95.0,45.5,59.0,74.0,4.0,218.0,47.0,3.0,27.3,16.0,11.886706449999998,16.134400000000003,64.0,1.0,0.46428221399999997,0.3325,16.0
354467,Yannick Carrasco,2021/2022,87,LaLiga,9906,Atletico Madrid,Left Winger,,6.0,5.45,5.41,2589.0,88.0,64.7,52.0,39.0,0.0,169.0,51.1,9.0,39.1,6.0,4.838599809999999,5.1631,36.0,0.0,0.541277241,0.2498,14.0
561164,Lucas Boyé,2021/2022,87,LaLiga,10268,Elche,Striker,F,7.0,4.34,4.14,1723.0,57.0,64.8,78.0,40.0,0.0,155.0,41.9,31.0,36.9,5.0,3.573644367,2.7288,32.0,2.0,0.999516345,1.4103,17.0
1202110,Nico Williams,2021/2022,87,LaLiga,8315,Athletic Club,Left Winger,,0.0,3.04,1.88,1325.0,44.0,48.9,28.0,23.0,1.0,97.0,43.1,10.0,47.6,0.0,2.463481787,1.2068999999999999,28.0,0.0,0.17699148199999998,0.6681,5.0
469852,Nabil Fekir,2021/2022,87,LaLiga,8603,Real Betis,Attacking Midfielder,M,6.0,4.91,3.91,2807.0,82.0,66.7,82.0,92.0,0.0,243.0,47.9,26.0,35.1,4.0,2.6984599470000004,2.2112999999999996,37.0,2.0,1.9683616650000002,1.6993999999999998,47.0
449241,Adnan Januzaj,2021/2022,87,LaLiga,8560,Real Sociedad,Right Winger,,3.0,4.12,4.27,1625.0,46.0,58.2,45.0,51.0,1.0,124.0,47.9,10.0,34.5,3.0,3.2379633520000004,3.4199,16.0,0.0,0.8505443510000001,0.8478000000000001,26.0
257865,William Carvalho,2021/2022,87,LaLiga,8603,Real Betis,Defensive Midfielder,,2.0,3.31,2.04,1803.0,49.0,69.0,27.0,28.0,0.0,160.0,55.4,34.0,56.7,1.0,2.8018562900000004,0.9589000000000001,24.0,1.0,0.345560579,1.0845,9.0
848289,Takefusa Kubo,2021/2022,87,LaLiga,8661,Mallorca,Right Winger,,1.0,2.56,1.68,1606.0,40.0,62.5,30.0,47.0,0.0,129.0,57.1,11.0,44.0,1.0,2.3259145351288084,1.1613,24.0,0.0,1.028783760409423,0.5228,24.0
303824,Memphis Depay,2021/2022,87,LaLiga,8634,Barcelona,Striker,F,12.0,11.21,13.62,1847.0,45.0,60.8,34.0,44.0,3.0,109.0,50.5,10.0,40.0,11.0,10.193914321000001,11.7152,38.0,1.0,1.020134314,1.9070000000000003,23.0
794427,Joao Félix,2021/2022,87,LaLiga,9906,Atletico Madrid,Attacking Midfielder,M,8.0,5.44,6.62,1264.0,31.0,59.6,19.0,57.0,0.0,112.0,59.9,19.0,48.7,7.0,5.0680496569999995,6.2902000000000005,26.0,1.0,0.6614715549999999,0.33140000000000003,13.0
536455,Gonçalo Guedes,2021/2022,87,LaLiga,10267,Valencia,Left Winger,,11.0,6.1,8.52,2613.0,64.0,51.6,46.0,74.0,1.0,175.0,48.5,16.0,35.6,8.0,5.533139900000001,6.317600000000001,31.0,3.0,1.2247008480000003,2.207,38.0
179772,Iker Muniain,2021/2022,87,LaLiga,8315,Athletic Club,Coach,,4.0,6.24,7.24,2802.0,65.0,62.5,56.0,81.0,2.0,183.0,55.6,5.0,35.7,3.0,5.32067402,6.2123,24.0,1.0,0.752699811,1.0297,17.0
468931,Thomas Lemar,2021/2022,87,LaLiga,9906,Atletico Madrid,Attacking Midfielder,M,4.0,3.47,3.31,1445.0,33.0,58.9,34.0,21.0,0.0,90.0,49.7,12.0,54.5,4.0,2.8811646879999993,3.0963000000000003,15.0,0.0,0.5839780679999999,0.21760000000000002,14.0
477472,José Luis Morales,2021/2022,87,LaLiga,8581,Levante,Striker,F,13.0,14.35,14.83,2723.0,64.0,41.0,55.0,40.0,1.0,147.0,38.7,16.0,34.0,13.0,13.32929604599999,12.592199999999998,54.0,0.0,1.0256736530000001,1.4709999999999999,27.0
1279040,Gavi,2021/2022,87,LaLiga,8634,Barcelona,Defensive Midfielder,,2.0,3.61,2.43,2329.0,53.0,61.6,49.0,69.0,1.0,192.0,49.0,32.0,47.8,2.0,3.2377813530000004,1.5138999999999996,23.0,0.0,0.37474430599999997,0.38589999999999997,7.0
704151,Arnaut Danjuma,2021/2022,87,LaLiga,10205,Villarreal,Left Midfielder,,10.0,11.87,10.27,1477.0,33.0,54.1,18.0,18.0,0.0,61.0,50.8,3.0,27.3,10.0,11.688323018999998,9.2905,54.0,0.0,0.270462014,0.978,8.0
638070,Luis Rioja,2021/2022,87,LaLiga,9866,Deportivo Alaves,Right Midfielder,,1.0,3.09,3.43,3126.0,70.0,53.8,51.0,39.0,0.0,154.0,43.9,17.0,38.6,1.0,2.5014505469999997,2.8696,27.0,0.0,0.531706306,0.5621,17.0
592783,Enis Bardhi,2021/2022,87,LaLiga,8581,Levante,Attacking Midfielder,M,3.0,3.87,3.81,1700.0,38.0,51.4,32.0,44.0,0.0,117.0,47.2,6.0,42.9,3.0,2.8462012420000002,2.9524,14.0,0.0,1.024925624,0.8560000000000001,29.0
210282,Anthony Lozano,2021/2022,87,LaLiga,8385,Cadiz,Striker,F,7.0,5.13,6.5,1677.0,36.0,61.0,44.0,38.0,4.0,126.0,39.3,44.0,36.1,6.0,4.933908113000001,5.503900000000001,40.0,1.0,0.19905662200000002,0.9983,9.0
213516,Dani Rodríguez,2021/2022,87,LaLiga,8661,Mallorca,Left Winger,,3.0,3.13,3.41,2838.0,60.0,60.0,81.0,69.0,0.0,221.0,44.8,40.0,40.4,3.0,2.5440600469276653,2.5772,21.0,0.0,0.8380214466013718,0.8355,21.0
440330,Alexander Sørloth,2021/2022,87,LaLiga,8560,Real Sociedad,Striker,F,4.0,6.6,4.78,1760.0,38.0,57.6,52.0,14.0,2.0,123.0,42.7,51.0,51.0,3.0,5.581817789,2.8608000000000007,28.0,1.0,0.362837383,0.9594,7.0
638622,Frenkie de Jong,2021/2022,87,LaLiga,8634,Barcelona,Defensive Midfielder,,3.0,4.95,4.01,2486.0,51.0,85.0,28.0,35.0,0.0,146.0,63.2,26.0,61.9,3.0,4.649878784,4.005,12.0,0.0,0.195064958,0.0,5.0
482331,Adrián Embarba,2021/2022,87,LaLiga,8558,Espanyol,Left Winger,,0.0,2.78,2.22,1995.0,41.0,51.2,38.0,43.0,0.0,145.0,44.8,17.0,35.4,0.0,1.7841826069999998,0.4048,20.0,0.0,1.020142762,1.8123,29.0
690107,Alexander Isak,2021/2022,87,LaLiga,8560,Real Sociedad,Striker,F,6.0,10.16,10.61,2155.0,44.0,50.0,36.0,30.0,0.0,109.0,41.6,29.0,46.0,5.0,9.113225366,9.074399999999999,56.0,1.0,0.6705459319999999,1.537,17.0
797901,Jorge de Frutos,2021/2022,87,LaLiga,8581,Levante,Right Winger,,4.0,4.95,5.14,1766.0,36.0,47.4,16.0,21.0,0.0,97.0,39.1,8.0,33.3,4.0,4.682541597,4.7107,32.0,0.0,0.275201007,0.425,14.0
202610,Fidel Chaves,2021/2022,87,LaLiga,10268,Elche,forward,F,5.0,3.07,4.28,2280.0,44.0,58.7,40.0,29.0,0.0,123.0,44.1,6.0,22.2,5.0,2.6668744789999996,4.2416,14.0,0.0,0.119915149,0.0182,4.0
801213,Tete Morente,2021/2022,87,LaLiga,10268,Elche,Right Midfielder,,3.0,2.95,2.99,1634.0,30.0,47.6,14.0,22.0,0.0,95.0,44.0,22.0,51.2,3.0,2.407337374000001,2.3299999999999996,18.0,0.0,0.5757674460000001,0.6641,10.0
671865,Santi Comesaña,2021/2022,87,LaLiga,8370,Rayo Vallecano,Central Midfielder,M,1.0,4.23,0.99,2698.0,48.0,75.0,35.0,56.0,0.0,247.0,51.0,59.0,48.4,1.0,3.3994938020000003,0.9660000000000001,25.0,0.0,0.27224996999999995,0.0214,7.0
359195,Rubén Sobrino,2021/2022,87,LaLiga,8385,Cadiz,Striker,F,4.0,5.49,4.33,1869.0,34.0,59.6,33.0,33.0,0.0,135.0,41.9,40.0,41.2,4.0,5.304998574,4.2981,27.0,0.0,0.233260957,0.0342,6.0
432950,Ángel Correa,2021/2022,87,LaLiga,9906,Atletico Madrid,Attacking Midfielder,M,12.0,7.27,8.62,1856.0,32.0,58.2,48.0,27.0,0.0,80.0,37.6,6.0,27.3,10.0,6.815641839,7.6345,38.0,2.0,0.479030349,0.9829000000000001,12.0
174850,Érik Lamela,2021/2022,87,LaLiga,8302,Sevilla,midfielder,M,5.0,3.05,3.46,1014.0,18.0,52.9,29.0,13.0,0.0,72.0,42.6,10.0,45.5,4.0,2.655884377999999,2.4155000000000006,15.0,1.0,0.40592138000000005,1.0457,6.0
895362,Rodrygo,2021/2022,87,LaLiga,8633,Real Madrid,Left Winger,,4.0,3.53,4.14,1527.0,27.0,46.6,15.0,29.0,3.0,88.0,46.1,14.0,35.9,4.0,3.13039663,3.7338000000000005,25.0,0.0,0.250330966,0.24860000000000002,9.0
357080,Lucas Ocampos,2021/2022,87,LaLiga,8302,Sevilla,Left Winger,,6.0,5.84,5.2,2124.0,37.0,38.9,43.0,41.0,0.0,150.0,42.7,27.0,47.4,6.0,5.625574563999999,4.9495000000000005,38.0,0.0,0.28070510600000004,0.251,13.0
359196,Raúl de Tomás,2021/2022,87,LaLiga,8558,Espanyol,forward,F,17.0,14.99,18.08,2923.0,50.0,69.4,60.0,55.0,1.0,154.0,48.7,35.0,48.6,16.0,13.555615060999997,16.4217,69.0,1.0,1.5473649419999997,1.6555,37.0
282472,Sergi Darder,2021/2022,87,LaLiga,8558,Espanyol,Attacking Midfielder,M,3.0,2.59,3.69,3132.0,53.0,68.8,32.0,38.0,0.0,148.0,52.5,12.0,42.9,1.0,1.64705502,1.2222,10.0,2.0,0.9406835090000001,2.4696,34.0
37459,David Silva,2021/2022,87,LaLiga,8560,Real Sociedad,Attacking Midfielder,M,2.0,3.3,1.91,1731.0,29.0,65.9,28.0,25.0,2.0,97.0,51.9,15.0,55.6,2.0,2.909284209,1.90570483750319,16.0,0.0,0.14612447299999998,0.0,5.0
950545,Oihan Sancet,2021/2022,87,LaLiga,8315,Athletic Club,Attacking Midfielder,M,6.0,3.35,4.47,1424.0,23.0,62.2,45.0,27.0,0.0,79.0,39.7,17.0,35.4,6.0,3.2034704160000005,4.2831,24.0,0.0,0.21997466699999998,0.1897,6.0
174472,Iago Aspas,2021/2022,87,LaLiga,9910,Celta Vigo,Right Winger,,18.0,14.24,18.42,3093.0,51.0,61.4,32.0,50.0,0.0,137.0,50.7,22.0,40.0,15.0,12.793141953,14.744699999999998,61.0,3.0,1.9065147370000004,2.3975,29.0
863166,Dani Gómez,2021/2022,87,LaLiga,8581,Levante,Striker,F,4.0,4.7,5.4,1060.0,18.0,39.1,24.0,20.0,1.0,49.0,31.8,4.0,11.8,4.0,4.469544501,4.8153999999999995,23.0,0.0,0.233092089,0.5838000000000001,8.0
498033,Marco Asensio,2021/2022,87,LaLiga,8633,Real Madrid,Attacking Midfielder,M,10.0,7.85,11.12,1728.0,27.0,67.5,25.0,20.0,0.0,59.0,46.1,,,7.0,6.372754192000001,9.0626,34.0,3.0,1.1467640529999996,2.0622999999999996,30.0
31097,Luka Modric,2021/2022,87,LaLiga,8633,Real Madrid,Central Midfielder,M,2.0,2.45,3.16,2049.0,32.0,66.7,22.0,32.0,0.0,88.0,48.4,6.0,30.0,1.0,1.925823322,1.2255,11.0,1.0,0.52618802,1.9320000000000004,16.0
792303,Luis Suárez,2021/2022,87,LaLiga,7878,Granada,Striker,F,8.0,10.97,7.46,2855.0,44.0,55.7,42.0,36.0,0.0,161.0,39.1,56.0,32.6,5.0,8.480597052,5.608,57.0,3.0,1.4715201379999996,1.3341,29.0
902901,Miguel de la Fuente,2021/2022,87,LaLiga,9866,Deportivo Alaves,Striker,F,1.0,2.3,2.53,826.0,13.0,52.0,12.0,20.0,1.0,54.0,36.0,14.0,25.5,1.0,1.815978583,1.6351,18.0,0.0,0.122559839,0.0,4.0
45220,Papu Gómez,2021/2022,87,LaLiga,8302,Sevilla,Striker,F,5.0,2.1,2.33,1787.0,28.0,51.9,28.0,48.0,0.0,105.0,46.9,10.0,33.3,4.0,1.532803496,1.7557,13.0,1.0,0.5050547980000001,0.5749000000000001,21.0
574629,Alex Berenguer,2021/2022,87,LaLiga,8315,Athletic Club,Right Winger,,3.0,5.38,5.19,2172.0,33.0,46.5,36.0,46.0,0.0,173.0,44.8,51.0,46.4,3.0,4.746225852396149,4.426750958156585,28.0,0.0,0.4580743540000001,0.7647,18.0
638010,Isi Palazón,2021/2022,87,LaLiga,8370,Rayo Vallecano,Attacking Midfielder,M,2.0,3.36,2.95,2298.0,36.0,44.4,55.0,69.0,0.0,193.0,44.1,46.0,38.7,1.0,1.7677871429999998,0.8116,20.0,1.0,1.3287399579999999,2.1372,38.0
282281,Denis Suárez,2021/2022,87,LaLiga,9910,Celta Vigo,Central Midfielder,M,4.0,2.18,2.33,2835.0,42.0,51.2,17.0,39.0,0.0,155.0,46.0,14.0,37.8,4.0,1.5214230089999998,1.9583999999999997,6.0,0.0,0.654983664,0.3755,16.0
1047676,Yéremi Pino,2021/2022,87,LaLiga,10205,Villarreal,Attacking Midfielder,M,6.0,5.48,6.9,1685.0,25.0,44.6,23.0,34.0,0.0,107.0,46.7,16.0,37.2,6.0,5.433735937,6.8203,24.0,0.0,0.05093723,0.0805,3.0
821271,Marcos André,2021/2022,87,LaLiga,10267,Valencia,Striker,F,1.0,3.1,2.24,961.0,14.0,42.4,22.0,22.0,1.0,92.0,42.6,42.0,45.2,1.0,2.7940820739999994,2.2076,23.0,0.0,0.22675238600000003,0.0359,7.0
26166,Karim Benzema,2021/2022,87,LaLiga,8633,Real Madrid,Striker,F,27.0,24.09,25.24,2596.0,36.0,70.6,24.0,9.0,0.0,74.0,46.0,18.0,37.5,27.0,22.926878567999996,24.192700000000002,104.0,0.0,0.8590908500000001,1.0471000000000001,24.0
191873,Juanmi,2021/2022,87,LaLiga,8603,Real Betis,Striker,F,16.0,11.84,13.73,2145.0,29.0,67.4,29.0,15.0,1.0,115.0,44.1,32.0,45.1,15.0,10.543209747999999,12.051199999999996,43.0,1.0,0.635227973,0.8089,12.0
434593,Antonio Puertas,2021/2022,87,LaLiga,7878,Granada,Striker,F,6.0,3.46,4.04,2270.0,31.0,55.4,40.0,30.0,0.0,143.0,41.1,49.0,39.5,5.0,3.2513394630000003,3.7456000000000005,28.0,1.0,0.20512091600000001,0.201,5.0
846966,Javi Puado,2021/2022,87,LaLiga,8558,Espanyol,Left Winger,,4.0,4.91,4.95,2255.0,30.0,54.5,33.0,25.0,0.0,92.0,39.5,13.0,27.1,4.0,4.661418104,4.284000000000001,31.0,0.0,0.259851625,0.4277,9.0
1042107,Álex Cantero,2021/2022,87,LaLiga,8581,Levante,Left Winger,,0.0,2.28,1.59,595.0,8.0,53.3,8.0,4.0,0.0,21.0,30.4,3.0,18.8,0.0,2.0963161280000002,1.5399,12.0,0.0,0.094872517,0.0496,3.0
678234,Mikel Oyarzabal,2021/2022,87,LaLiga,8560,Real Sociedad,Striker,F,9.0,9.24,9.38,1673.0,22.0,51.2,29.0,26.0,0.0,88.0,44.0,22.0,38.6,8.0,9.175007706999999,8.1427,31.0,1.0,0.41844639699999997,1.2349999999999999,11.0
213704,Cristian Tello,2021/2022,87,LaLiga,8603,Real Betis,forward,F,2.0,2.02,1.92,807.0,10.0,37.0,13.0,5.0,0.0,37.0,37.4,5.0,50.0,0.0,1.254745298,0.8649000000000001,13.0,2.0,0.4391808890000001,1.0583,16.0
643668,Mamadou Loum Ndiaye,2021/2022,87,LaLiga,9866,Deportivo Alaves,midfielder,M,2.0,2.88,2.09,2317.0,26.0,61.9,25.0,22.0,0.0,197.0,55.3,100.0,69.4,2.0,2.5191684789999997,1.5461999999999998,16.0,0.0,0.34287938799999995,0.5435,17.0
184138,Antoine Griezmann,2021/2022,87,LaLiga,8634,Barcelona,Striker,F,3.0,5.37,5.4,1970.0,22.0,61.1,33.0,31.0,0.0,131.0,46.6,36.0,37.5,2.0,4.851238680000001,3.865,33.0,1.0,0.470460311,1.5311,14.0
915264,Randy Nteka,2021/2022,87,LaLiga,8370,Rayo Vallecano,Striker,F,3.0,3.78,1.77,1461.0,16.0,53.3,33.0,24.0,2.0,125.0,43.3,62.0,47.3,2.0,3.0813642320000003,1.4506999999999999,24.0,1.0,0.300251343,0.32370000000000004,5.0
541588,Franco Cervi,2021/2022,87,LaLiga,9910,Celta Vigo,midfielder,M,4.0,3.06,2.7,1804.0,20.0,51.3,21.0,40.0,1.0,150.0,52.4,17.0,35.4,4.0,3.1142565990000004,2.3362,14.0,0.0,0.308122943,0.361,8.0
640122,Brais Méndez,2021/2022,87,LaLiga,9910,Celta Vigo,Attacking Midfielder,M,4.0,4.64,4.05,3036.0,34.0,48.6,49.0,54.0,0.0,201.0,42.8,46.0,47.9,4.0,3.6720964830000002,3.2818000000000005,29.0,0.0,0.8891086080000002,0.7655000000000001,27.0
638090,Luis Milla,2021/2022,87,LaLiga,7878,Granada,Central Midfielder,M,3.0,3.7,3.74,2785.0,28.0,73.7,23.0,64.0,0.0,181.0,59.2,31.0,50.8,3.0,3.148378531,2.9415,8.0,0.0,0.533331585,0.26589999999999997,14.0
75310,Álvaro Negredo,2021/2022,87,LaLiga,8385,Cadiz,forward,F,7.0,7.31,8.3,2157.0,21.0,61.8,17.0,34.0,1.0,174.0,52.4,115.0,50.2,7.0,6.685560466,7.0435,49.0,0.0,0.621111438,1.1321,18.0
574645,Mikel Merino,2021/2022,87,LaLiga,8560,Real Sociedad,Central Midfielder,M,3.0,4.11,3.69,2894.0,28.0,59.6,56.0,67.0,2.0,275.0,51.7,113.0,57.4,3.0,3.664121674,2.3883200720564206,30.0,0.0,0.41542520099999997,0.7840999999999999,15.0
262592,Moi Gómez,2021/2022,87,LaLiga,10205,Villarreal,Central Midfielder,M,2.0,2.6,1.68,1277.0,13.0,59.1,18.0,11.0,0.0,50.0,40.3,11.0,44.0,2.0,2.446511582,1.6802000000000001,10.0,0.0,0.148652255,0.0,3.0
359193,Lucas Vázquez,2021/2022,87,LaLiga,8633,Real Madrid,Right Wing-Back,,3.0,2.04,2.33,1835.0,18.0,58.1,19.0,34.0,0.0,97.0,53.9,2.0,18.2,3.0,1.9706440120000002,2.2281,10.0,0.0,0.19329893599999998,0.0975,8.0
361724,Ezequiel Ávila,2021/2022,87,LaLiga,8371,Osasuna,Striker,F,6.0,4.36,5.19,1873.0,18.0,56.2,22.0,40.0,0.0,125.0,46.0,52.0,42.3,5.0,3.267518276,3.7451999999999996,23.0,1.0,1.0646519169999997,1.4407999999999999,40.0
1127224,Fer Niño,2021/2022,87,LaLiga,8661,Mallorca,Striker,F,2.0,3.59,3.27,879.0,9.0,56.2,14.0,19.0,1.0,84.0,46.2,47.0,47.5,2.0,3.7570064929999996,3.1969,21.0,0.0,0.060235971,0.0699,2.0
384413,Rubén Garcia,2021/2022,87,LaLiga,8371,Osasuna,Right Winger,,1.0,3.21,3.34,2395.0,24.0,51.1,18.0,28.0,0.0,123.0,44.2,29.0,39.2,0.0,2.65149765,2.6063,16.0,1.0,0.489544666,0.7336,17.0
150649,Sergio Canales,2021/2022,87,LaLiga,8603,Real Betis,Attacking Midfielder,M,5.0,4.21,4.32,2803.0,29.0,50.9,41.0,39.0,0.0,103.0,43.1,11.0,29.7,2.0,2.7990651289999997,1.6581000000000001,21.0,3.0,1.3547035419999998,2.6642000000000006,33.0
604105,Iñaki Williams,2021/2022,87,LaLiga,8315,Athletic Club,Right Winger,,8.0,14.39,11.32,2786.0,28.0,50.0,42.0,40.0,0.0,131.0,45.0,50.0,47.2,8.0,13.246786939270573,10.790400000000002,83.0,0.0,0.8269803310808669,0.5338999999999999,12.0
729093,Mathías Olivera,2021/2022,87,LaLiga,8305,Getafe,Center Back,,1.0,2.43,1.0,2807.0,27.0,50.0,38.0,46.0,0.0,263.0,50.5,111.0,49.6,1.0,2.384755439,0.8367,23.0,0.0,0.030069267,0.0376,1.0
593129,Pere Milla,2021/2022,87,LaLiga,10268,Elche,Left Midfielder,,8.0,4.93,3.49,1638.0,16.0,48.5,33.0,50.0,0.0,117.0,45.0,32.0,42.7,7.0,4.655027057000001,3.133,23.0,1.0,0.259538539,0.3539,6.0
477588,Álex Moreno,2021/2022,87,LaLiga,8603,Real Betis,Left Back,,5.0,4.15,4.02,2407.0,23.0,37.7,18.0,38.0,1.0,161.0,51.9,24.0,40.0,4.0,3.0771624749999997,3.6745,21.0,1.0,0.701892805,0.3465,6.0
792645,Pau Torres,2021/2022,87,LaLiga,10205,Villarreal,Center Back,,5.0,3.0,3.67,2856.0,25.0,89.3,5.0,16.0,0.0,131.0,65.8,58.0,59.8,5.0,2.984449156,3.6715999999999998,24.0,0.0,0.0,0.0,0.0
213486,Nolito,2021/2022,87,LaLiga,9910,Celta Vigo,midfielder,M,2.0,2.93,3.76,1382.0,13.0,59.1,21.0,11.0,0.0,62.0,39.7,12.0,48.0,2.0,2.783772771,3.2838000000000003,14.0,0.0,0.149755392,0.4787,6.0
41292,Ángel Rodriguez,2021/2022,87,LaLiga,8661,Mallorca,forward,F,4.0,3.93,5.06,1549.0,13.0,56.5,21.0,23.0,1.0,70.0,38.7,19.0,38.8,4.0,3.700601462207687,5.195176591873168,25.0,0.0,0.3654562207841701,0.0,4.0
972120,Boulaye Dia,2021/2022,87,LaLiga,10205,Villarreal,Striker,F,5.0,5.33,4.98,1266.0,11.0,52.4,21.0,13.0,0.0,63.0,40.9,31.0,46.3,5.0,5.165019392000001,4.8466000000000005,32.0,0.0,0.283689101,0.1289,5.0
464486,Enes Ünal,2021/2022,87,LaLiga,8305,Getafe,forward,F,16.0,10.76,12.8,2809.0,25.0,52.1,55.0,71.0,0.0,275.0,44.2,146.0,46.8,14.0,9.711268842000003,11.556799999999999,66.0,2.0,0.76958179,0.8009,20.0
477615,Sandro Ramírez,2021/2022,87,LaLiga,8305,Getafe,forward,F,3.0,3.08,2.25,1471.0,13.0,29.5,16.0,45.0,0.0,79.0,41.8,14.0,37.8,2.0,2.012082354,0.9582,22.0,1.0,0.947780271,1.1352000000000002,28.0
670031,Asier Villalibre,2021/2022,87,LaLiga,8315,Athletic Club,Striker,F,2.0,2.49,2.48,538.0,4.0,80.0,14.0,13.0,0.0,40.0,50.0,19.0,57.6,2.0,2.3525177190000006,2.4771,17.0,0.0,0.066118378,0.0,2.0
208494,Casemiro,2021/2022,87,LaLiga,8633,Real Madrid,Defensive Midfielder,,1.0,3.03,3.03,2575.0,19.0,70.4,14.0,38.0,1.0,237.0,59.7,101.0,66.4,1.0,1.76155265,1.1609,13.0,0.0,0.7549191240000002,0.9578000000000001,28.0
638120,Sergi Guardiola,2021/2022,87,LaLiga,8370,Rayo Vallecano,Striker,F,8.0,7.17,7.98,1712.0,13.0,65.0,32.0,29.0,1.0,75.0,36.2,24.0,34.8,8.0,6.904951049999998,7.7947999999999995,42.0,0.0,0.20151237700000002,0.1867,9.0
314605,Alberto Moreno,2021/2022,87,LaLiga,10205,Villarreal,Left Back,,3.0,3.03,2.83,1222.0,10.0,58.8,13.0,21.0,0.0,51.0,44.7,7.0,41.2,3.0,2.8920959589999997,2.4817,15.0,0.0,0.19813179,0.3504,7.0
708890,Carlos Soler,2021/2022,87,LaLiga,10267,Valencia,Central Midfielder,M,11.0,8.95,10.41,2480.0,19.0,50.0,13.0,46.0,0.0,106.0,52.5,12.0,41.4,11.0,8.515549847,9.6965,25.0,0.0,0.544994175,0.7124,16.0
637756,Carles Aleñá,2021/2022,87,LaLiga,8305,Getafe,Left Midfielder,,1.0,2.11,2.38,2339.0,17.0,48.6,32.0,37.0,0.0,94.0,37.2,13.0,34.2,1.0,0.7360013579999999,0.8366,9.0,0.0,1.0682549360000002,1.5397999999999998,37.0
474658,Álvaro Garcia,2021/2022,87,LaLiga,8370,Rayo Vallecano,Left Winger,,7.0,5.21,6.3,3005.0,22.0,44.0,13.0,25.0,0.0,94.0,45.6,5.0,17.9,7.0,4.828909125999999,5.7741999999999996,48.0,0.0,0.43245403800000004,0.5228,20.0
609505,Borja Iglesias,2021/2022,87,LaLiga,8603,Real Betis,Striker,F,10.0,7.65,8.83,1570.0,13.0,40.6,30.0,31.0,2.0,70.0,39.5,22.0,44.0,9.0,7.038094763999999,8.0757,30.0,1.0,0.6581737659999999,0.7518,8.0
1031325,Martín Zubimendi,2021/2022,87,LaLiga,8560,Real Sociedad,Central Midfielder,M,2.0,2.45,2.65,2585.0,17.0,70.8,12.0,21.0,0.0,153.0,61.0,63.0,72.4,2.0,1.952465779,2.2083000000000004,15.0,0.0,0.225951249,0.44,5.0
267894,Guido Carrillo,2021/2022,87,LaLiga,10268,Elche,Striker,F,2.0,3.07,4.84,1157.0,8.0,57.1,15.0,25.0,0.0,120.0,49.6,84.0,57.5,2.0,2.496142629,3.8861,21.0,0.0,0.105953135,0.1626,2.0
595138,Salvi Sánchez,2021/2022,87,LaLiga,8385,Cadiz,Right Winger,,2.0,2.58,3.43,1400.0,9.0,56.2,5.0,16.0,0.0,60.0,54.1,15.0,44.1,2.0,2.3413485510000003,3.1527,15.0,0.0,0.239898776,0.2727,5.0
198235,Darko Brasanac,2021/2022,87,LaLiga,8371,Osasuna,Central Midfielder,M,1.0,2.56,2.78,2412.0,15.0,55.6,26.0,24.0,0.0,107.0,38.2,33.0,34.7,1.0,1.474166132,1.9201,15.0,0.0,0.045619662000000005,0.0,2.0
640492,Rafa Mir,2021/2022,87,LaLiga,8302,Sevilla,Striker,F,10.0,7.65,8.51,1801.0,12.0,52.2,16.0,18.0,0.0,92.0,43.2,59.0,53.2,10.0,6.922820910000001,8.2091,55.0,0.0,0.597614542,0.1148,7.0
929838,Hugo Duro,2021/2022,87,LaLiga,8305,Getafe,Striker,F,7.0,3.86,5.89,1855.0,13.0,52.0,32.0,45.0,2.0,124.0,43.4,42.0,37.2,7.0,3.3881079310000004,5.889600000000001,31.0,0.0,0.193768263,0.0,2.0
303088,Roger Martí,2021/2022,87,LaLiga,8581,Levante,Striker,F,7.0,8.46,8.56,2124.0,14.0,50.0,23.0,28.0,1.0,94.0,35.2,31.0,36.5,7.0,8.178947025,8.0974,38.0,0.0,0.28025194700000006,0.46099999999999997,11.0
617220,Gonzalo Melero,2021/2022,87,LaLiga,8581,Levante,Central Midfielder,M,7.0,4.22,5.34,1696.0,12.0,46.2,25.0,27.0,0.0,93.0,46.3,28.0,47.5,6.0,3.8683503860000004,4.9257,15.0,1.0,0.35284399,0.41390000000000005,7.0
300623,Roberto Torres,2021/2022,87,LaLiga,8371,Osasuna,midfielder,M,2.0,2.08,2.66,798.0,5.0,41.7,5.0,11.0,0.0,27.0,37.5,4.0,23.5,2.0,1.7731976539999998,1.8716,4.0,0.0,0.30519693700000006,0.7867999999999999,11.0
265710,Thiago Galhardo,2021/2022,87,LaLiga,9910,Celta Vigo,forward,F,2.0,3.44,4.79,1132.0,8.0,40.0,11.0,13.0,0.0,81.0,40.5,48.0,42.1,2.0,3.2535812440000003,3.9949000000000003,26.0,0.0,0.140622978,0.7566999999999999,4.0
183353,Kike García,2021/2022,87,LaLiga,8371,Osasuna,Striker,F,5.0,6.75,6.76,1857.0,13.0,37.1,37.0,36.0,1.0,135.0,39.6,76.0,41.1,5.0,6.283207293999999,5.3283000000000005,40.0,0.0,0.42478011600000004,1.428,13.0
251269,Ante Budimir,2021/2022,87,LaLiga,8371,Osasuna,Striker,F,8.0,8.44,8.83,1742.0,11.0,35.5,28.0,32.0,1.0,173.0,47.0,109.0,51.9,7.0,7.930936518999999,8.302999999999999,43.0,1.0,0.447001278,0.5288999999999999,2.0
428947,Santi Mina,2021/2022,87,LaLiga,9910,Celta Vigo,Striker,F,7.0,8.47,7.8,2378.0,12.0,57.1,34.0,39.0,2.0,204.0,42.7,128.0,44.9,6.0,8.176705532999998,7.640799999999999,50.0,1.0,0.297113149,0.1583,10.0
282692,Portu,2021/2022,87,LaLiga,8560,Real Sociedad,Attacking Midfielder,M,1.0,2.87,3.73,1586.0,9.0,50.0,19.0,25.0,1.0,64.0,39.3,14.0,27.5,1.0,2.816566838,3.7154718451074102,23.0,0.0,0.048471547,0.0167,2.0
172321,Joselu,2021/2022,87,LaLiga,9866,Deportivo Alaves,Striker,F,14.0,13.05,13.46,3126.0,18.0,35.3,34.0,57.0,2.0,372.0,59.3,284.0,67.5,12.0,11.369750888,11.9877,66.0,2.0,1.557849766,1.4745,31.0
150201,Luuk de Jong,2021/2022,87,LaLiga,8634,Barcelona,Striker,F,6.0,4.63,3.55,643.0,3.0,75.0,15.0,12.0,0.0,57.0,57.6,34.0,65.4,6.0,4.573354375,3.5455,23.0,0.0,0.052525237,0.0,1.0
33871,Raúl García,2021/2022,87,LaLiga,8315,Athletic Club,midfielder,M,6.0,6.66,5.36,1812.0,9.0,75.0,15.0,32.0,0.0,125.0,43.9,57.0,44.5,6.0,5.896684612812365,5.320839765119553,31.0,0.0,0.379571013,0.0,13.0
671203,Mario Hermoso,2021/2022,87,LaLiga,9906,Atletico Madrid,Center Back,,2.0,2.12,2.29,1868.0,8.0,72.7,5.0,11.0,0.0,98.0,57.0,49.0,68.1,2.0,2.084856505,2.2906,13.0,0.0,0.066357917,0.0,4.0
921825,Jon Moncayola,2021/2022,87,LaLiga,8371,Osasuna,Defensive Midfielder,,2.0,2.36,3.13,2921.0,13.0,68.4,15.0,15.0,0.0,86.0,49.4,19.0,46.3,1.0,1.3839414200000002,1.0695,9.0,1.0,0.8976158729999997,2.058,32.0
95078,Toni Kroos,2021/2022,87,LaLiga,8633,Real Madrid,midfielder,M,1.0,2.15,2.08,2108.0,9.0,52.9,11.0,39.0,0.0,90.0,56.2,9.0,47.4,1.0,0.901285632,0.7909999999999999,9.0,0.0,1.253714888,1.2903,37.0
194660,Lucas Pérez,2021/2022,87,LaLiga,10268,Elche,Striker,F,5.0,5.37,5.16,2339.0,10.0,41.7,27.0,24.0,1.0,44.0,33.3,3.0,12.0,4.0,5.246355030999999,4.7816,22.0,1.0,0.25913970999999997,0.3805,7.0
213500,Álex Fernández,2021/2022,87,LaLiga,8385,Cadiz,Defensive Midfielder,,3.0,3.04,3.31,2051.0,9.0,40.9,27.0,23.0,0.0,97.0,43.9,18.0,37.5,3.0,2.673980361999999,3.2114000000000003,10.0,0.0,0.37051507100000003,0.0943,11.0
102879,Salva Sevilla,2021/2022,87,LaLiga,8661,Mallorca,midfielder,M,5.0,4.88,4.66,1510.0,5.0,71.4,5.0,9.0,0.0,34.0,47.2,2.0,25.0,4.0,3.9285080580000002,3.7193086185455324,6.0,1.0,0.8926717901478272,0.7926,20.0
495962,Nemanja Maksimovic,2021/2022,87,LaLiga,8305,Getafe,Defensive Midfielder,,1.0,3.02,1.42,2943.0,10.0,62.5,11.0,13.0,0.0,126.0,55.3,47.0,52.8,1.0,2.1563938249999994,0.604,22.0,0.0,0.40199533499999995,0.0316,9.0
844415,Éder Militao,2021/2022,87,LaLiga,8633,Real Madrid,Center Back,,1.0,2.5,1.95,3033.0,11.0,55.0,7.0,39.0,1.0,183.0,62.9,83.0,66.9,1.0,2.3359082840000003,1.5328,24.0,0.0,0.160319385,0.41759999999999997,9.0
268282,Manu Trigueros,2021/2022,87,LaLiga,10205,Villarreal,Central Midfielder,M,6.0,5.78,6.26,2191.0,8.0,53.3,27.0,43.0,1.0,114.0,43.2,19.0,43.2,4.0,5.0648465730000005,5.4091,26.0,2.0,0.6326455519999999,0.8503999999999999,15.0
2983,Jorge Molina,2021/2022,87,LaLiga,7878,Granada,Striker,F,10.0,6.41,6.83,1957.0,7.0,41.2,25.0,39.0,0.0,139.0,46.3,90.0,48.4,8.0,6.055144623999999,5.9142,38.0,2.0,0.31327387,0.8586999999999999,8.0
25773,Ivan Rakitic,2021/2022,87,LaLiga,8302,Sevilla,midfielder,M,4.0,3.2,4.03,2185.0,8.0,38.1,12.0,35.0,0.0,120.0,50.4,38.0,55.9,2.0,2.483046598,2.5272,13.0,2.0,0.7206536600000001,1.5003000000000002,18.0
179083,Willian José,2021/2022,87,LaLiga,8603,Real Betis,Striker,F,8.0,6.21,8.14,1610.0,6.0,37.5,36.0,23.0,0.0,66.0,40.2,22.0,39.3,7.0,5.29950925,7.211499999999999,24.0,1.0,0.7718533400000002,0.926,11.0
22543,Radamel Falcao,2021/2022,87,LaLiga,8370,Rayo Vallecano,Striker,F,6.0,5.14,5.71,831.0,3.0,30.0,11.0,18.0,0.0,50.0,41.3,27.0,44.3,6.0,4.530701056999999,5.4098,27.0,0.0,0.40434210899999995,0.2985,6.0
788555,Youssef En-Nesyri,2021/2022,87,LaLiga,8302,Sevilla,Striker,F,5.0,6.28,4.83,1279.0,4.0,28.6,12.0,10.0,1.0,69.0,43.1,45.0,46.9,5.0,6.295207573,4.645099999999999,36.0,0.0,0.070474587,0.1833,1.0
40636,Luis Suárez,2021/2022,87,LaLiga,9906,Atletico Madrid,Striker,F,11.0,10.1,12.35,1835.0,6.0,26.1,10.0,26.0,2.0,59.0,43.1,20.0,45.5,10.0,8.816397551999998,11.209600000000002,40.0,1.0,1.271028874,1.1387,14.0
687700,Maxi Gómez,2021/2022,87,LaLiga,10267,Valencia,Striker,F,5.0,4.79,4.19,1960.0,5.0,27.8,19.0,55.0,1.0,147.0,49.5,85.0,54.5,5.0,4.367507837999999,4.1417,30.0,0.0,0.45045586299999996,0.0143,13.0
282676,Iñigo Martínez,2021/2022,87,LaLiga,8315,Athletic Club,Center Back,,3.0,2.01,2.49,2343.0,2.0,100.0,3.0,27.0,0.0,126.0,58.6,72.0,59.5,3.0,1.7144204379999999,2.0321,22.0,0.0,0.242644188,0.2968,5.0
570434,Diego Carlos,2021/2022,87,LaLiga,8302,Sevilla,Center Back,,3.0,2.04,2.22,2958.0,2.0,50.0,2.0,19.0,0.0,136.0,61.8,80.0,64.5,3.0,1.9705640790000003,1.3989,25.0,0.0,0.091809825,0.8218,5.0
1156141,Jamal Musiala,2021/2022,54,Bundesliga,9823,Bayern München,Attacking Midfielder,M,5.0,4.17,4.46,1457.0,57.0,55.9,40.0,20.0,0.0,122.0,47.3,5.0,27.8,5.0,3.741205483,4.04944406722517,29.0,0.0,0.426652719,0.4071,12.0
429265,Kingsley Coman,2021/2022,54,Bundesliga,9823,Bayern München,Right Midfielder,,6.0,3.98,4.21,1367.0,48.0,56.5,29.0,22.0,0.0,93.0,48.2,9.0,39.1,4.0,3.5099784570000003,3.4005594814538695,32.0,2.0,0.46929667500000005,0.8134999999999999,14.0
1073498,Patrick Wimmer,2021/2022,54,Bundesliga,9912,Arminia Bielefeld,Left Winger,,3.0,3.67,3.75,2065.0,71.0,51.1,47.0,38.0,1.0,202.0,44.7,42.0,45.2,2.0,2.819974305,2.7667,28.0,1.0,0.847020574,0.7137,28.0
530859,Leroy Sané,2021/2022,54,Bundesliga,9823,Bayern München,Right Winger,,7.0,11.41,8.33,1980.0,61.0,52.6,43.0,24.0,0.0,115.0,44.4,2.0,22.2,5.0,9.738705846999999,6.1533999999999995,41.0,2.0,1.6743071310000004,2.1788503325366064,48.0
1152455,Florian Wirtz,2021/2022,54,Bundesliga,8178,Bayer Leverkusen,Left Winger,,7.0,5.65,5.32,1862.0,55.0,64.7,34.0,25.0,1.0,112.0,48.3,7.0,23.3,6.0,4.71681216745523,5.077942808235288,22.0,1.0,0.931674685,0.24359999999999998,14.0
385437,Serge Gnabry,2021/2022,54,Bundesliga,9823,Bayern München,Attacking Midfielder,M,14.0,8.51,10.13,2190.0,63.0,60.6,21.0,21.0,0.0,138.0,50.5,7.0,20.6,14.0,8.142943017000002,10.0635,51.0,0.0,0.4646861870000001,0.0644,17.0
688876,Dodi Lukébakio,2021/2022,54,Bundesliga,8177,Hertha BSC,Right Winger,,2.0,3.79,1.94,1049.0,30.0,58.8,21.0,18.0,1.0,69.0,43.9,12.0,40.0,2.0,3.627258562,1.8448,14.0,0.0,0.16755656,0.097,7.0
667790,Suat Serdar,2021/2022,54,Bundesliga,8177,Hertha BSC,Central Midfielder,M,3.0,2.14,2.44,2229.0,61.0,60.4,49.0,47.0,0.0,191.0,51.6,19.0,44.2,3.0,1.8546150139999997,2.4387999999999996,22.0,0.0,0.28976378799999997,0.0,11.0
839204,Omar Marmoush,2021/2022,54,Bundesliga,8721,Wolfsburg,Striker,F,3.0,5.22,3.67,1605.0,44.0,42.7,41.0,57.0,0.0,156.0,46.6,29.0,48.3,2.0,4.316477679,3.1750685913211494,27.0,1.0,0.8994199,0.49540000000000006,23.0
741397,Jens Petter Hauge,2021/2022,54,Bundesliga,9810,Eintracht Frankfurt,Left Winger,,2.0,2.02,2.96,1029.0,27.0,61.4,24.0,10.0,0.0,61.0,40.9,10.0,35.7,2.0,1.8027112510000003,2.7632000000000003,14.0,0.0,0.219270301,0.1951,5.0
388514,Gonçalo Paciência,2021/2022,54,Bundesliga,9810,Eintracht Frankfurt,Striker,F,3.0,3.5,3.42,505.0,13.0,59.1,15.0,12.0,1.0,47.0,48.0,18.0,51.4,2.0,3.1357572599999997,2.9842999999999997,17.0,1.0,0.36906530800000004,0.4383,12.0
704523,Christopher Nkunku,2021/2022,54,Bundesliga,178475,RB Leipzig,Striker,F,20.0,16.12,16.44,2735.0,66.0,66.7,50.0,61.0,3.0,176.0,51.3,26.0,48.1,17.0,14.922998944999998,15.152693265361311,60.0,3.0,1.1995229310000002,1.284336033964036,22.0
621562,Marcus Thuram,2021/2022,54,Bundesliga,9788,Borussia Mönchengladbach,Striker,F,3.0,4.76,3.13,972.0,24.0,63.2,26.0,25.0,1.0,88.0,51.5,33.0,53.2,3.0,4.54742493838379,3.0938,27.0,0.0,0.207730888,0.0326,5.0
892679,Chris Führich,2021/2022,54,Bundesliga,10269,VfB Stuttgart,Left Winger,,3.0,3.24,2.37,1723.0,40.0,61.5,23.0,19.0,0.0,90.0,50.0,3.0,20.0,2.0,2.7868672539999997,1.6299000000000001,16.0,1.0,0.4550937226908073,0.7382,14.0
765693,Orel Mangala,2021/2022,54,Bundesliga,10269,VfB Stuttgart,Defensive Midfielder,,1.0,2.13,3.18,1863.0,43.0,58.9,35.0,27.0,0.0,97.0,44.7,10.0,34.5,1.0,1.8582688159999998,2.49314470100269,10.0,0.0,0.23349814500000002,0.6891,7.0
350634,Ondrej Duda,2021/2022,54,Bundesliga,8722,1. FC Köln,Central Midfielder,M,2.0,3.98,1.37,1618.0,37.0,56.1,24.0,34.0,0.0,110.0,46.0,17.0,44.7,1.0,3.420499317,0.36375119763031205,21.0,1.0,0.7430712400000001,1.002545254660311,21.0
1074968,Jamie Leweling,2021/2022,54,Bundesliga,8357,Greuther Fürth,Left Winger,,5.0,4.27,5.01,1958.0,46.0,51.1,56.0,49.0,1.0,122.0,40.8,14.0,21.9,5.0,3.640610469,4.524874615141449,29.0,0.0,0.38314491,0.415,15.0
956925,Georginio Rutter,2021/2022,54,Bundesliga,8226,Hoffenheim,Attacking Midfielder,M,8.0,7.0,7.06,1602.0,37.0,47.4,24.0,37.0,0.0,132.0,45.5,40.0,44.9,8.0,6.720382845000001,6.4129000000000005,43.0,0.0,0.28337771700000003,0.6516000000000001,9.0
625091,Gerrit Holtmann,2021/2022,54,Bundesliga,9911,Bochum,Left Winger,,5.0,4.01,4.74,1851.0,44.0,44.9,39.0,13.0,0.0,77.0,31.8,5.0,13.2,3.0,3.374123890289139,3.16545655319084,20.0,2.0,0.6346565460112304,1.5736000000000003,26.0
857176,Paulinho,2021/2022,54,Bundesliga,8178,Bayer Leverkusen,forward,F,4.0,4.12,4.49,1218.0,27.0,50.9,19.0,17.0,1.0,74.0,47.7,8.0,40.0,3.0,3.6636664940000006,4.11010179436036,23.0,1.0,0.45906762,0.3752,4.0
860752,Rubén Vargas,2021/2022,54,Bundesliga,8406,Augsburg,Left Winger,,1.0,3.64,1.43,2003.0,44.0,46.3,38.0,27.0,0.0,110.0,39.1,11.0,24.4,1.0,2.8661014939999996,1.3235890558040562,24.0,0.0,0.789803142,0.106076176005972,16.0
176953,Karim Onisiwo,2021/2022,54,Bundesliga,9905,Mainz 05,Striker,F,5.0,8.35,5.02,2374.0,49.0,40.5,45.0,32.0,0.0,157.0,37.6,58.0,39.2,5.0,7.912828952,4.547677148268708,54.0,0.0,0.32456003899999997,0.26553507509324703,11.0
660301,Donyell Malen,2021/2022,54,Bundesliga,9789,Borussia Dortmund,Striker,F,5.0,4.6,4.72,1694.0,34.0,63.0,27.0,31.0,2.0,87.0,52.1,9.0,33.3,3.0,4.23135911000963,2.8319125894904134,35.0,2.0,0.36663143000000004,1.8893,12.0
188498,Daniel Caligiuri,2021/2022,54,Bundesliga,8406,Augsburg,midfielder,M,4.0,4.25,4.47,2015.0,40.0,62.5,37.0,43.0,1.0,159.0,49.4,30.0,53.6,4.0,3.414384891,3.5827999999999998,13.0,0.0,0.835623279,0.8838,23.0
1077894,Jude Bellingham,2021/2022,54,Bundesliga,9789,Borussia Dortmund,Attacking Midfielder,M,3.0,6.07,4.3,2794.0,55.0,57.3,62.0,91.0,0.0,226.0,51.1,30.0,41.7,3.0,4.06476782048632,2.5521000000000003,24.0,0.0,0.9827570587751109,0.4582053575322036,20.0
923498,Moussa Diaby,2021/2022,54,Bundesliga,8178,Bayer Leverkusen,Right Winger,,13.0,8.12,10.31,2771.0,56.0,43.4,30.0,25.0,0.0,107.0,35.8,7.0,25.9,12.0,7.189586033698379,9.573852412678768,38.0,1.0,0.818672012,0.69308692749909,16.0
269222,Lucas Alario,2021/2022,54,Bundesliga,8178,Bayer Leverkusen,Striker,F,6.0,5.96,7.04,640.0,12.0,85.7,13.0,8.0,1.0,45.0,48.4,20.0,46.5,6.0,5.909883641,6.903799536037657,21.0,0.0,0.05481806,0.1409,2.0
527103,Breel Embolo,2021/2022,54,Bundesliga,9788,Borussia Mönchengladbach,Striker,F,9.0,8.8,10.19,2163.0,42.0,54.5,63.0,71.0,2.0,166.0,44.5,37.0,36.3,9.0,8.493475242266799,9.496994166399784,40.0,0.0,0.306716692,0.6919,8.0
526827,Konrad Laimer,2021/2022,54,Bundesliga,178475,RB Leipzig,Right Back,,4.0,2.45,1.58,1243.0,22.0,71.0,20.0,8.0,0.0,79.0,42.9,11.0,50.0,2.0,2.0808334050000004,1.0986,8.0,2.0,0.298634352,0.4774,7.0
516846,Julian Brandt,2021/2022,54,Bundesliga,9789,Borussia Dortmund,Attacking Midfielder,M,9.0,5.06,6.21,2081.0,38.0,58.5,31.0,16.0,0.0,106.0,44.9,15.0,38.5,7.0,4.354823531966493,5.4503,19.0,2.0,0.704886414431887,0.7611210722684859,15.0
1083796,Kevin Schade,2021/2022,54,Bundesliga,8358,Freiburg,Left Winger,,4.0,2.14,3.66,825.0,15.0,48.4,20.0,26.0,0.0,90.0,47.6,40.0,53.3,4.0,1.981759757039001,3.6455990176200874,16.0,0.0,0.12737436600000002,0.0962,3.0
899291,Roberto Massimo,2021/2022,54,Bundesliga,10269,VfB Stuttgart,Left Winger,,2.0,2.2,3.05,877.0,16.0,47.1,10.0,4.0,0.0,38.0,40.4,4.0,30.8,2.0,2.072729261,2.3637,14.0,0.0,0.126340422,0.6853,6.0
764507,Florian Neuhaus,2021/2022,54,Bundesliga,9788,Borussia Mönchengladbach,Attacking Midfielder,M,4.0,5.3,4.53,2122.0,35.0,68.6,25.0,32.0,0.0,133.0,56.8,11.0,57.9,3.0,3.802150720470718,3.14120610763448,22.0,1.0,1.5011120210000002,1.3904449182730758,26.0
93447,Robert Lewandowski,2021/2022,54,Bundesliga,9823,Bayern München,Striker,F,35.0,33.29,37.16,2951.0,48.0,58.5,55.0,37.0,1.0,148.0,45.4,53.0,47.3,33.0,32.22200172899999,35.438083276395695,136.0,2.0,1.106731645,1.7172000000000003,25.0
1079557,Amine Adli,2021/2022,54,Bundesliga,8178,Bayer Leverkusen,Left Winger,,3.0,4.31,5.36,1256.0,21.0,56.8,18.0,28.0,0.0,88.0,48.9,12.0,29.3,3.0,4.436610891999999,5.297955998348971,32.0,0.0,0.13356961,0.0606,5.0
264190,Thorgan Hazard,2021/2022,54,Bundesliga,9789,Borussia Dortmund,Attacking Midfielder,M,4.0,2.61,3.17,1337.0,23.0,54.8,17.0,19.0,0.0,88.0,45.8,23.0,52.3,4.0,2.064834849,2.7089018702850898,15.0,0.0,0.541778736,0.0,7.0
958335,Jesper Lindstrøm,2021/2022,54,Bundesliga,9810,Eintracht Frankfurt,Attacking Midfielder,M,5.0,8.03,7.31,1993.0,33.0,46.5,32.0,16.0,0.0,82.0,36.6,6.0,17.6,4.0,7.094352112000001,6.847690219389819,34.0,1.0,0.9366373989999998,0.4608,20.0
1070712,Josko Gvardiol,2021/2022,54,Bundesliga,178475,RB Leipzig,Center Back,,2.0,2.51,2.27,2413.0,37.0,75.5,20.0,34.0,0.0,171.0,58.0,53.0,59.6,2.0,2.2597373409999997,1.6663000000000001,15.0,0.0,0.251554718,0.51734828606149,8.0
881735,Anton Stach,2021/2022,54,Bundesliga,9905,Mainz 05,Central Midfielder,M,1.0,2.1,1.71,1859.0,29.0,65.9,21.0,43.0,0.0,152.0,57.1,54.0,73.0,0.0,0.9453549789999999,0.48031172878501005,9.0,1.0,1.128895247,1.464860617905822,40.0
643717,Taiwo Awoniyi,2021/2022,54,Bundesliga,8149,Union Berlin,Striker,F,15.0,13.56,13.79,2200.0,35.0,55.6,41.0,23.0,1.0,123.0,38.0,54.0,34.6,13.0,13.143067648999999,12.764714528679448,61.0,2.0,0.42633917,1.0286,6.0
947901,Jonathan Burkardt,2021/2022,54,Bundesliga,9905,Mainz 05,Striker,F,11.0,12.56,12.49,2632.0,40.0,50.6,62.0,42.0,0.0,135.0,37.7,37.0,31.4,11.0,12.328713523000001,11.652685343703611,67.0,0.0,0.5152272299999999,1.2715917801877419,12.0
294859,Alassane Pléa,2021/2022,54,Bundesliga,9788,Borussia Mönchengladbach,Striker,F,10.0,8.13,9.71,2068.0,33.0,49.3,23.0,25.0,0.0,90.0,41.3,15.0,28.3,10.0,7.297961490482131,9.4636,43.0,0.0,0.8313898203514252,0.250874481533512,19.0
1067754,Aster Vranckx,2021/2022,54,Bundesliga,8721,Wolfsburg,Central Midfielder,M,2.0,2.68,2.39,1138.0,17.0,68.0,17.0,16.0,0.0,78.0,46.4,11.0,44.0,2.0,2.046100515,1.3989,10.0,0.0,0.568179173,0.9862000000000001,15.0
621515,Daichi Kamada,2021/2022,54,Bundesliga,9810,Eintracht Frankfurt,Defensive Midfielder,,4.0,4.88,4.11,2144.0,30.0,54.5,21.0,25.0,0.0,112.0,44.8,17.0,28.8,4.0,4.098333281,3.3463999999999996,26.0,0.0,0.458367293,0.0932,10.0
352994,Raphaël Guerreiro,2021/2022,54,Bundesliga,9789,Borussia Dortmund,Attacking Midfielder,M,4.0,2.86,3.52,1801.0,26.0,53.1,13.0,8.0,0.0,74.0,51.7,5.0,45.5,3.0,1.998796741,2.9443,11.0,1.0,0.8572314649999999,0.5783,22.0
171980,Emil Forsberg,2021/2022,54,Bundesliga,178475,RB Leipzig,Central Midfielder,M,6.0,7.97,6.1,1708.0,23.0,74.2,26.0,22.0,0.0,75.0,49.0,9.0,33.3,5.0,7.388439330999999,5.274766741715219,30.0,1.0,0.5849193979999999,0.8280000000000001,12.0
331540,Kerem Demirbay,2021/2022,54,Bundesliga,8178,Bayer Leverkusen,Defensive Midfielder,,1.0,3.5,3.27,2053.0,28.0,66.7,23.0,29.0,0.0,120.0,51.3,11.0,36.7,1.0,2.527838328,2.5878999999999994,14.0,0.0,0.9113418129492191,0.45731293978691095,24.0
400625,Vincenzo Grifo,2021/2022,54,Bundesliga,8358,Freiburg,Left Winger,,9.0,8.57,10.38,2787.0,37.0,61.7,28.0,27.0,0.0,108.0,52.4,17.0,47.2,7.0,7.384666666091992,8.1815148878627,28.0,2.0,1.5545695130000001,2.148522054487982,40.0
495222,Sheraldo Becker,2021/2022,54,Bundesliga,8149,Union Berlin,Striker,F,4.0,2.49,4.44,1770.0,24.0,61.5,19.0,25.0,0.0,69.0,39.2,12.0,23.5,3.0,2.0014099460000003,3.4866,21.0,1.0,0.372820643,0.95615523781903,16.0
861197,Lukas Nmecha,2021/2022,54,Bundesliga,8721,Wolfsburg,Striker,F,8.0,9.34,8.24,1632.0,22.0,56.4,27.0,29.0,1.0,96.0,45.1,33.0,50.0,8.0,8.493577798999999,7.35193783522329,46.0,0.0,0.298480493,0.0,6.0
289472,Munas Dabbur,2021/2022,54,Bundesliga,8226,Hoffenheim,Striker,F,3.0,4.5,4.09,1315.0,17.0,37.8,36.0,19.0,0.0,71.0,35.9,18.0,41.9,2.0,4.172406605999999,3.2085,28.0,1.0,0.32734743099999997,0.5446,5.0
202643,Wataru Endo,2021/2022,54,Bundesliga,10269,VfB Stuttgart,Defensive Midfielder,,4.0,5.07,5.07,2902.0,34.0,63.0,42.0,61.0,0.0,243.0,59.0,75.0,66.4,4.0,4.579524393000001,3.8056,30.0,0.0,0.466655853,1.2645,15.0
92666,Stevan Jovetic,2021/2022,54,Bundesliga,8177,Hertha BSC,Striker,F,6.0,4.36,5.53,1020.0,13.0,59.1,22.0,17.0,0.0,55.0,46.2,22.0,52.4,5.0,3.678947816999999,3.6593,28.0,1.0,0.684582867,1.8725,16.0
430856,Takuma Asano,2021/2022,54,Bundesliga,9911,Bochum,Right Winger,,3.0,3.8,2.43,1615.0,20.0,55.6,19.0,27.0,0.0,73.0,41.0,15.0,26.3,2.0,3.4761156060000005,2.1667,26.0,1.0,0.272957788,0.2609,7.0
461357,Alessandro Schöpf,2021/2022,54,Bundesliga,9912,Arminia Bielefeld,Defensive Midfielder,,1.0,2.0,2.02,2404.0,30.0,54.5,31.0,41.0,1.0,132.0,50.2,21.0,38.9,1.0,1.3184622430000001,1.4824,15.0,0.0,0.6910413339999999,0.3606,20.0
230907,Andreas Voglsammer,2021/2022,54,Bundesliga,8149,Union Berlin,Striker,F,2.0,2.42,2.16,864.0,11.0,52.4,8.0,16.0,0.0,76.0,46.6,36.0,42.4,2.0,2.28213156,2.1580999999999997,30.0,0.0,0.139184211,0.0,3.0
533775,Rafael Borré,2021/2022,54,Bundesliga,9810,Eintracht Frankfurt,Striker,F,8.0,7.54,7.88,2390.0,29.0,51.8,30.0,26.0,0.0,132.0,35.0,46.0,26.7,8.0,7.109055152999999,7.790969112008751,42.0,0.0,0.42781790199999997,0.0897,11.0
171548,Håvard Nielsen,2021/2022,54,Bundesliga,8357,Greuther Fürth,forward,F,2.0,2.33,2.64,1369.0,16.0,48.5,19.0,24.0,0.0,115.0,46.6,59.0,50.9,2.0,1.9254775629999996,2.18072168406246,26.0,0.0,0.024689726,0.4553,2.0
443733,Marcus Ingvartsen,2021/2022,54,Bundesliga,8149,Union Berlin,Striker,F,6.0,3.36,3.85,789.0,10.0,47.6,12.0,15.0,1.0,48.0,37.5,21.0,38.9,6.0,3.158766515,3.7093781195721838,19.0,0.0,0.202891922,0.140130795329222,7.0
794408,Eduard Löwen,2021/2022,54,Bundesliga,9911,Bochum,Defensive Midfielder,,2.0,3.07,3.52,1414.0,17.0,47.2,21.0,11.0,0.0,80.0,39.0,19.0,36.5,2.0,2.1305702608437502,1.6528,12.0,0.0,0.9403787685718386,1.8674,26.0
846005,Dominik Szoboszlai,2021/2022,54,Bundesliga,178475,RB Leipzig,Attacking Midfielder,M,6.0,4.77,5.25,1536.0,18.0,45.0,27.0,23.0,0.0,75.0,42.6,18.0,48.6,5.0,3.9391503509999994,3.54135557119332,16.0,1.0,0.8272497210000002,1.70816899449503,25.0
187358,Florian Kainz,2021/2022,54,Bundesliga,8722,1. FC Köln,Attacking Midfielder,M,4.0,3.71,3.93,2347.0,28.0,43.8,22.0,45.0,0.0,124.0,47.3,10.0,35.7,3.0,2.7620373830000005,2.4519,18.0,1.0,0.7738452610000001,1.3756768738970568,20.0
406267,Jeremy Dudziak,2021/2022,54,Bundesliga,8357,Greuther Fürth,midfielder,M,2.0,2.18,1.52,1138.0,14.0,42.4,23.0,24.0,2.0,64.0,43.8,9.0,32.1,2.0,2.529121467,1.51569667471369,13.0,0.0,0.082523754,0.0,3.0
212819,Mark Uth,2021/2022,54,Bundesliga,8722,1. FC Köln,forward,F,5.0,5.18,5.84,2039.0,25.0,40.3,30.0,45.0,0.0,124.0,43.2,22.0,41.5,4.0,4.259206872,4.1815,41.0,1.0,0.9254499400000002,1.2088999999999999,29.0
258245,Branimir Hrgota,2021/2022,54,Bundesliga,8357,Greuther Fürth,Attacking Midfielder,M,9.0,9.07,10.7,2787.0,33.0,40.2,54.0,64.0,0.0,159.0,36.8,17.0,20.5,8.0,8.060145457000003,8.7918,39.0,1.0,1.010947271,1.9051,26.0
307021,Emre Can,2021/2022,54,Bundesliga,9789,Borussia Dortmund,Center Back,,5.0,3.35,4.19,1688.0,18.0,66.7,9.0,22.0,0.0,107.0,57.5,31.0,67.4,4.0,3.2258097269999997,3.9450000000000003,6.0,1.0,0.121285281,0.2481,5.0
738064,Salih Özcan,2021/2022,54,Bundesliga,8722,1. FC Köln,Defensive Midfielder,,2.0,2.27,1.19,2309.0,25.0,62.5,28.0,53.0,0.0,173.0,53.1,54.0,55.7,2.0,1.7644267749999998,1.045121777657183,20.0,0.0,0.176393424,0.1464,7.0
266527,Yussuf Poulsen,2021/2022,54,Bundesliga,178475,RB Leipzig,Striker,F,6.0,5.59,6.09,1077.0,12.0,57.1,32.0,30.0,1.0,83.0,44.6,28.0,46.7,6.0,5.405071784000001,5.793817268725558,25.0,0.0,0.07607570899999999,0.0125,3.0
173461,Andrej Kramaric,2021/2022,54,Bundesliga,8226,Hoffenheim,Attacking Midfielder,M,6.0,12.63,10.06,2708.0,30.0,53.6,37.0,29.0,0.0,81.0,43.5,14.0,37.8,6.0,11.470474488999997,8.757010398214385,68.0,0.0,1.3246194310000001,1.3043000000000002,25.0
840241,Ermedin Demirovic,2021/2022,54,Bundesliga,8358,Freiburg,Striker,F,2.0,3.01,1.96,859.0,10.0,52.6,14.0,6.0,0.0,45.0,30.4,17.0,27.4,2.0,2.910905699343275,1.9551,22.0,0.0,0.088210499,0.0,3.0
182106,Ishak Belfodil,2021/2022,54,Bundesliga,8177,Hertha BSC,forward,F,5.0,3.74,5.66,1643.0,18.0,45.0,29.0,11.0,1.0,76.0,39.6,38.0,46.9,5.0,3.6709123440000004,4.865,29.0,0.0,0.071561378,0.3197,3.0
747718,Christoph Baumgartner,2021/2022,54,Bundesliga,8226,Hoffenheim,Central Midfielder,M,7.0,7.01,9.49,1899.0,21.0,43.8,27.0,32.0,0.0,118.0,42.6,37.0,41.6,7.0,6.712369647999999,8.432099999999998,34.0,0.0,0.296371241,0.0902,8.0
388523,André Silva,2021/2022,54,Bundesliga,178475,RB Leipzig,Striker,F,11.0,13.11,12.32,2080.0,23.0,43.4,47.0,28.0,0.0,101.0,37.3,37.0,35.9,10.0,12.764312159999994,12.1337015040371,52.0,1.0,0.350295937,0.1384,6.0
655575,Jacob Bruun Larsen,2021/2022,54,Bundesliga,8226,Hoffenheim,Left Winger,,4.0,2.82,2.51,804.0,9.0,42.9,6.0,3.0,0.0,23.0,33.8,9.0,36.0,4.0,2.781578851,2.4279,17.0,0.0,0.035885308,0.0809,1.0
129944,Marco Reus,2021/2022,54,Bundesliga,9789,Borussia Dortmund,Attacking Midfielder,M,9.0,11.61,11.84,2511.0,28.0,42.4,33.0,44.0,3.0,125.0,46.8,8.0,25.0,9.0,11.003040142999998,10.57429746964308,36.0,0.0,0.610946727011925,1.2696,15.0
782361,Christopher Antwi-Adjej,2021/2022,54,Bundesliga,9911,Bochum,Attacking Midfielder,M,1.0,2.43,2.26,1124.0,13.0,38.2,18.0,29.0,1.0,78.0,40.4,13.0,23.6,1.0,2.1997835750398407,1.5109,24.0,0.0,0.22921610900000003,0.0,5.0
58346,Max Kruse,2021/2022,54,Bundesliga,8149,Union Berlin,forward,F,12.0,10.71,11.13,2418.0,23.0,60.5,16.0,18.0,1.0,78.0,44.1,24.0,36.9,12.0,10.020356747000003,10.80949962709972,33.0,0.0,0.6856111759999998,0.3064,17.0
331542,Jonas Hofmann,2021/2022,54,Bundesliga,9788,Borussia Mönchengladbach,Attacking Midfielder,M,12.0,8.09,10.27,2081.0,21.0,47.7,23.0,20.0,0.0,75.0,41.0,4.0,21.1,11.0,7.594463834000001,9.065999999999999,40.0,1.0,0.49259839299999997,1.0773,14.0
583601,Roland Sallai,2021/2022,54,Bundesliga,8358,Freiburg,Right Back,,4.0,6.1,4.21,1559.0,16.0,41.0,17.0,42.0,1.0,101.0,47.2,21.0,42.9,4.0,5.30078952853923,3.32465818334274,36.0,0.0,0.661282426,0.0728,12.0
281012,Filip Kostic,2021/2022,54,Bundesliga,9810,Eintracht Frankfurt,Left Wing-Back,,4.0,2.42,3.95,2524.0,26.0,34.2,33.0,22.0,0.0,102.0,41.6,12.0,48.0,3.0,1.252729129,2.0857,21.0,1.0,1.1113421030000001,1.784989841827911,30.0
107920,Nils Petersen,2021/2022,54,Bundesliga,8358,Freiburg,forward,F,5.0,2.61,2.61,567.0,5.0,100.0,3.0,3.0,0.0,36.0,33.0,23.0,29.1,5.0,2.389220847,2.60947327773573,11.0,0.0,0.153981085,0.0,3.0
212865,Nicolas Höfler,2021/2022,54,Bundesliga,8358,Freiburg,Defensive Midfielder,,2.0,2.07,1.87,2603.0,23.0,76.7,12.0,40.0,1.0,200.0,57.6,65.0,57.5,2.0,1.5989625150000002,0.8086,20.0,0.0,0.8027544525989219,1.0643,13.0
450976,Yannick Gerhardt,2021/2022,54,Bundesliga,8721,Wolfsburg,Defensive Midfielder,,1.0,2.17,1.75,1575.0,14.0,66.7,15.0,24.0,0.0,106.0,57.6,26.0,51.0,1.0,1.942369345,1.7462,10.0,0.0,0.232261795,0.0,4.0
460632,Joshua Kimmich,2021/2022,54,Bundesliga,9823,Bayern München,Defensive Midfielder,,3.0,2.41,2.43,2477.0,21.0,51.2,18.0,46.0,0.0,122.0,51.5,16.0,47.1,2.0,1.6010633069999998,1.3801999999999999,8.0,1.0,0.696712793,1.0501,19.0
614923,Kevin Behrens,2021/2022,54,Bundesliga,8149,Union Berlin,Striker,F,2.0,2.44,2.05,478.0,4.0,50.0,6.0,5.0,1.0,57.0,46.0,45.0,52.3,2.0,2.354827413,2.046,15.0,0.0,0.085285358,0.0,1.0
620563,Philipp Förster,2021/2022,54,Bundesliga,10269,VfB Stuttgart,Central Midfielder,M,2.0,2.75,1.69,969.0,9.0,50.0,10.0,9.0,0.0,48.0,44.4,10.0,47.6,1.0,2.2057587739999995,1.3009999999999997,18.0,1.0,0.549041766,0.3845,11.0
949673,Woo-Yeong Jeong,2021/2022,54,Bundesliga,8358,Freiburg,Attacking Midfielder,M,5.0,5.39,5.73,1790.0,16.0,48.5,10.0,15.0,0.0,62.0,42.8,16.0,30.8,5.0,4.941606658336256,5.4420397713058035,38.0,0.0,0.417220727,0.2907,13.0
642230,Andi Zeqiri,2021/2022,54,Bundesliga,8406,Augsburg,Striker,F,2.0,2.89,2.36,1031.0,9.0,42.9,20.0,15.0,0.0,49.0,33.6,11.0,23.4,2.0,2.523542619,2.03868493062671,20.0,0.0,0.36790651300000005,0.325,10.0
458630,Ihlas Bebou,2021/2022,54,Bundesliga,8226,Hoffenheim,forward,F,7.0,9.46,7.38,2106.0,18.0,40.9,30.0,21.0,0.0,98.0,36.3,38.0,33.0,7.0,9.649278692,7.141400000000002,43.0,0.0,0.11276462300000001,0.239,3.0
642418,Marco Richter,2021/2022,54,Bundesliga,8177,Hertha BSC,Right Winger,,5.0,3.22,3.98,1713.0,16.0,34.8,35.0,45.0,0.0,100.0,40.5,9.0,21.4,5.0,2.5950031989999993,3.4467,24.0,0.0,0.6268740980000002,0.5326,20.0
982158,Tuta,2021/2022,54,Bundesliga,9810,Eintracht Frankfurt,Center Back,,4.0,2.24,2.04,2185.0,16.0,88.9,7.0,12.0,0.0,128.0,53.3,54.0,53.5,4.0,2.1923912999999997,1.94658068523308,12.0,0.0,0.048106598,0.0897,3.0
1002058,Nico Schlotterbeck,2021/2022,54,Bundesliga,8358,Freiburg,Center Back,,4.0,3.58,4.6,2788.0,23.0,65.7,15.0,35.0,0.0,239.0,68.7,109.0,74.7,3.0,3.3968836469664216,3.3392219166755677,29.0,1.0,0.169867551,0.4374,7.0
166452,Genki Haraguchi,2021/2022,54,Bundesliga,8149,Union Berlin,Defensive Midfielder,,2.0,2.09,1.91,1767.0,13.0,61.9,14.0,30.0,0.0,95.0,47.3,15.0,38.5,2.0,1.6406756699999998,1.5458899053227502,12.0,0.0,0.42095870999999996,0.3621,17.0
559065,Ramy Bensebaini,2021/2022,54,Bundesliga,9788,Borussia Mönchengladbach,Center Back,,4.0,3.69,3.97,2017.0,16.0,55.2,13.0,42.0,0.0,160.0,59.5,59.0,63.4,4.0,3.383914849999999,3.770068732870064,22.0,0.0,0.289996838,0.198803603992184,8.0
523749,Jae-Sung Lee,2021/2022,54,Bundesliga,9905,Mainz 05,Central Midfielder,M,4.0,3.28,3.38,1447.0,12.0,52.2,26.0,13.0,0.0,90.0,44.8,35.0,50.0,4.0,2.926925427,3.032166177513831,16.0,0.0,0.271231742,0.35157256657696,10.0
556524,Lucas Höler,2021/2022,54,Bundesliga,8358,Freiburg,Striker,F,7.0,9.27,9.79,2597.0,21.0,44.7,44.0,61.0,1.0,249.0,52.6,126.0,54.1,7.0,9.048469080999999,9.3012,44.0,0.0,0.40103333828619764,0.41689207826852803,16.0
647450,Masaya Okugawa,2021/2022,54,Bundesliga,9912,Arminia Bielefeld,Right Winger,,8.0,4.32,6.14,2542.0,20.0,38.5,26.0,22.0,0.0,110.0,40.4,22.0,28.2,7.0,3.836347266000001,5.899500000000001,25.0,1.0,0.214228739,0.2383,7.0
411851,Robert Andrich,2021/2022,54,Bundesliga,8178,Bayer Leverkusen,Center Back,,4.0,3.33,2.63,1820.0,13.0,92.9,9.0,15.0,0.0,91.0,51.1,31.0,56.4,3.0,2.60944627783464,1.659090972419237,16.0,1.0,0.7155163539387359,0.9734787940979,14.0
664970,Waldemar Anton,2021/2022,54,Bundesliga,10269,VfB Stuttgart,Center Back,,2.0,2.25,1.05,2597.0,17.0,77.3,13.0,16.0,0.0,135.0,54.7,62.0,53.9,2.0,2.100976956223816,0.91,19.0,0.0,0.1527298,0.14179999999999998,5.0
343748,Leon Goretzka,2021/2022,54,Bundesliga,9823,Bayern München,Defensive Midfielder,,3.0,4.09,3.76,1405.0,10.0,71.4,13.0,10.0,0.0,76.0,55.1,31.0,67.4,3.0,3.558291544,3.2520999999999995,28.0,0.0,0.5330626070000001,0.5030000000000001,17.0
210420,Anthony Losilla,2021/2022,54,Bundesliga,9911,Bochum,midfielder,M,2.0,2.2,2.55,2934.0,19.0,65.5,19.0,19.0,0.0,224.0,55.3,122.0,62.2,2.0,1.812211621,1.9506000000000001,19.0,0.0,0.384417511,0.5808,15.0
625175,Grischa Prömel,2021/2022,54,Bundesliga,8149,Union Berlin,Central Midfielder,M,8.0,6.27,6.54,2428.0,16.0,55.2,29.0,57.0,0.0,145.0,50.0,36.0,50.0,7.0,5.940558407999999,6.165700000000001,29.0,1.0,0.324930167,0.3765,8.0
719219,Konstantinos Mavropanos,2021/2022,54,Bundesliga,10269,VfB Stuttgart,Center Back,,4.0,2.78,3.56,2711.0,18.0,54.5,10.0,20.0,0.0,186.0,67.1,91.0,76.5,2.0,2.5709851120000002,2.7021000000000006,27.0,2.0,0.12469784100000002,0.8552,6.0
737066,Erling Haaland,2021/2022,54,Bundesliga,9789,Borussia Dortmund,Striker,F,22.0,17.95,19.78,1914.0,13.0,54.2,16.0,14.0,0.0,67.0,48.9,38.0,57.6,21.0,17.455978014000003,18.648687922196142,77.0,1.0,0.49667942899999995,0.8212,3.0
178831,Fabian Klos,2021/2022,54,Bundesliga,9912,Arminia Bielefeld,forward,F,3.0,4.58,5.45,1421.0,9.0,52.9,14.0,18.0,0.0,148.0,47.3,114.0,51.1,3.0,4.333283340000001,4.6987000000000005,30.0,0.0,0.246219414,0.7491999999999999,9.0
1155130,Luca Netz,2021/2022,54,Bundesliga,9788,Borussia Mönchengladbach,Left Wing-Back,,0.0,2.4,0.49,1397.0,10.0,50.0,14.0,11.0,0.0,53.0,42.1,7.0,35.0,0.0,1.989422721,0.48749443746432,12.0,0.0,0.11267106799999999,0.0,2.0
275034,Silvan Widmer,2021/2022,54,Bundesliga,9905,Mainz 05,Right Midfielder,,4.0,2.4,3.27,2925.0,19.0,50.0,13.0,20.0,0.0,133.0,50.6,36.0,48.6,4.0,2.296498497,3.2726183820143766,16.0,0.0,0.11193156499999998,0.0,6.0
243829,Andre Hahn,2021/2022,54,Bundesliga,8406,Augsburg,Right Midfielder,,5.0,2.87,4.76,2110.0,13.0,41.9,22.0,18.0,1.0,124.0,39.1,58.0,45.0,3.0,2.331072053,2.9230000000000005,30.0,2.0,0.5396461339999999,1.6089,15.0
540097,Patrik Schick,2021/2022,54,Bundesliga,8178,Bayer Leverkusen,Striker,F,24.0,18.09,19.18,2093.0,15.0,36.6,21.0,22.0,0.0,97.0,40.9,55.0,43.0,23.0,17.881225712435743,17.7744413190885,78.0,1.0,0.5163176079999999,1.3389678771313198,12.0
276760,Florian Niederlechner,2021/2022,54,Bundesliga,8406,Augsburg,Striker,F,5.0,4.98,5.2,1152.0,8.0,29.6,16.0,25.0,2.0,60.0,37.3,22.0,32.8,5.0,4.753537781,5.1578,25.0,0.0,0.239929005,0.0447,3.0
215151,Marcel Sabitzer,2021/2022,54,Bundesliga,178475,RB Leipzig,Defensive Midfielder,,1.0,2.12,1.55,943.0,5.0,62.5,13.0,15.0,0.0,51.0,49.0,12.0,54.5,1.0,1.788242634,1.4853,9.0,0.0,0.419772064,0.06,13.0
94916,Lars Stindl,2021/2022,54,Bundesliga,9788,Borussia Mönchengladbach,midfielder,M,4.0,6.28,5.66,1634.0,9.0,60.0,18.0,16.0,0.0,61.0,36.1,13.0,28.9,3.0,5.597904052,4.0161999999999995,27.0,1.0,0.6860974940000001,1.6399,16.0
116772,Thomas Müller,2021/2022,54,Bundesliga,9823,Bayern München,Attacking Midfielder,M,8.0,10.49,9.8,2577.0,13.0,56.5,26.0,22.0,0.0,101.0,41.7,31.0,35.2,8.0,10.439549032999997,9.606800872348611,46.0,0.0,0.48139725399999994,0.1912,9.0
574642,Ellyes Skhiri,2021/2022,54,Bundesliga,8722,1. FC Köln,Defensive Midfielder,,4.0,3.2,3.45,1820.0,10.0,50.0,18.0,21.0,0.0,120.0,58.0,35.0,60.3,4.0,3.018316394,3.4518843280329303,15.0,0.0,0.18011986800000002,0.0,8.0
592102,Moussa Niakhaté,2021/2022,54,Bundesliga,9905,Mainz 05,Center Back,,4.0,4.0,4.0,2567.0,11.0,84.6,12.0,23.0,0.0,130.0,61.0,56.0,67.5,4.0,3.8805097049999997,3.9968822634818624,10.0,0.0,0.025079532999999998,0.0,2.0
787242,Evan N'Dicka,2021/2022,54,Bundesliga,9810,Eintracht Frankfurt,Center Back,,4.0,2.59,1.48,2858.0,13.0,81.2,6.0,14.0,0.0,199.0,60.1,112.0,62.9,4.0,2.5866313770000007,1.4799,26.0,0.0,0.0,0.0,0.0
119525,Sebastian Rudy,2021/2022,54,Bundesliga,8226,Hoffenheim,midfielder,M,3.0,2.11,2.27,763.0,3.0,75.0,8.0,6.0,0.0,37.0,46.2,6.0,33.3,3.0,1.6978451460000001,1.9908000000000001,5.0,0.0,0.411353175,0.2754,9.0
660383,Milos Pantovic,2021/2022,54,Bundesliga,9911,Bochum,Defensive Midfielder,,4.0,6.0,4.57,1537.0,6.0,40.0,12.0,32.0,0.0,68.0,42.8,12.0,30.8,2.0,5.377380699,4.292999999999999,20.0,2.0,0.624204499,0.2809,3.0
199560,Sebastian Andersson,2021/2022,54,Bundesliga,8722,1. FC Köln,forward,F,3.0,4.62,4.23,1256.0,6.0,40.0,19.0,18.0,0.0,88.0,42.9,53.0,46.1,3.0,4.3922184589999995,4.207060815273509,32.0,0.0,0.08446925599999999,0.0,3.0
641597,Janni Serra,2021/2022,54,Bundesliga,9912,Arminia Bielefeld,Striker,F,3.0,3.2,3.03,1121.0,5.0,33.3,25.0,14.0,0.0,75.0,33.9,52.0,36.4,2.0,3.0413678749999997,2.6027,19.0,1.0,0.153790483,0.42979999999999996,5.0
459000,Alexander Hack,2021/2022,54,Bundesliga,9905,Mainz 05,Center Back,,3.0,3.04,2.21,2076.0,7.0,58.3,1.0,34.0,0.0,160.0,62.3,67.0,58.3,3.0,2.699330959,2.030099294426192,18.0,0.0,0.076523421,0.17593739970706,5.0
930065,Leandro Barreiro,2021/2022,54,Bundesliga,9905,Mainz 05,Defensive Midfielder,,1.0,2.46,2.23,1788.0,5.0,38.5,13.0,27.0,2.0,120.0,52.9,25.0,48.1,1.0,1.690681476,0.59425156833112,13.0,0.0,0.7707520249999998,1.6394036652221087,19.0
198316,Michael Gregoritsch,2021/2022,54,Bundesliga,8406,Augsburg,Striker,F,9.0,5.14,5.74,1392.0,5.0,25.0,14.0,13.0,0.0,116.0,52.3,79.0,62.2,8.0,4.775234198000001,5.0405,31.0,1.0,0.365760721,0.7036,11.0
303912,Matthias Ginter,2021/2022,54,Bundesliga,9788,Borussia Mönchengladbach,Center Back,,1.0,2.15,1.43,2355.0,6.0,60.0,3.0,29.0,0.0,149.0,66.8,77.0,63.1,1.0,1.725799434,1.3284,25.0,0.0,0.31953067300000004,0.1024,6.0
71605,Anthony Modeste,2021/2022,54,Bundesliga,8722,1. FC Köln,forward,F,20.0,18.03,16.01,2615.0,5.0,35.7,23.0,33.0,1.0,141.0,45.5,96.0,53.0,19.0,17.546251997,15.521480110678679,96.0,1.0,0.48489524,0.388817581787085,11.0
178833,Sebastian Polter,2021/2022,54,Bundesliga,9911,Bochum,Striker,F,10.0,9.03,9.9,2345.0,4.0,26.7,34.0,36.0,2.0,161.0,41.7,112.0,52.6,9.0,8.499789935055208,9.07270974549298,50.0,1.0,0.529231372,0.6859,6.0
501568,Davie Selke,2021/2022,54,Bundesliga,8177,Hertha BSC,Striker,F,4.0,4.23,3.36,996.0,2.0,25.0,12.0,21.0,0.0,86.0,44.1,58.0,49.2,3.0,3.939485104,3.059966931188173,20.0,1.0,0.286728962,0.3038,5.0
359312,Niko Gießelmann,2021/2022,54,Bundesliga,8149,Union Berlin,defender,,3.0,3.37,3.53,2092.0,4.0,20.0,9.0,33.0,0.0,85.0,46.7,24.0,45.3,3.0,3.320346711,3.2476,19.0,0.0,0.14528258199999997,0.2824,8.0
643724,Philipp Lienhart,2021/2022,54,Bundesliga,8358,Freiburg,Center Back,,5.0,3.26,3.58,2871.0,4.0,80.0,3.0,27.0,0.0,124.0,62.3,69.0,60.0,5.0,3.558388063,3.575,17.0,0.0,0.056105059,0.0,2.0
575789,Reece Oxford,2021/2022,54,Bundesliga,8406,Augsburg,defender,,2.0,2.26,1.87,2694.0,4.0,80.0,1.0,21.0,0.0,138.0,59.2,86.0,62.3,2.0,2.2191828099999995,1.8455,13.0,0.0,0.016535426,0.0,1.0
278856,Willi Orbán,2021/2022,54,Bundesliga,178475,RB Leipzig,Center Back,,2.0,2.96,3.3,2646.0,4.0,66.7,2.0,29.0,0.0,165.0,64.5,100.0,61.3,2.0,3.0178635959999998,3.2982,19.0,0.0,0.043684313,0.0,2.0
212156,Pavel Kaderábek,2021/2022,54,Bundesliga,8226,Hoffenheim,Right Midfielder,,1.0,2.33,0.97,1201.0,1.0,25.0,0.0,8.0,0.0,60.0,51.3,41.0,59.4,1.0,2.3343626209999995,0.9717,11.0,0.0,0.0,0.0,0.0
643229,Jérémie Boga,2021/2022,55,Serie A,7943,Sassuolo,Left Winger,,0.0,2.04,2.17,1435.0,59.0,55.1,25.0,26.0,1.0,104.0,54.2,5.0,31.2,0.0,1.665921177,0.9419,23.0,0.0,0.37364285900000005,1.2250999999999999,13.0
196484,Luis Muriel,2021/2022,55,Serie A,8524,Atalanta,Striker,F,9.0,7.19,7.51,1540.0,62.0,59.6,47.0,27.0,0.0,134.0,47.5,30.0,48.4,8.0,6.367372028999998,6.393,35.0,1.0,0.8184706929999999,0.7469,22.0
848844,Rafael Leão,2021/2022,55,Serie A,8564,Milan,Striker,F,11.0,8.79,8.62,2618.0,98.0,60.1,50.0,45.0,2.0,188.0,50.5,28.0,43.1,9.0,7.699205663999999,6.661899999999998,62.0,2.0,1.092529129,1.9566000000000001,35.0
875672,Hamed Traorè,2021/2022,55,Serie A,7943,Sassuolo,Attacking Midfielder,M,7.0,5.74,8.22,1777.0,61.0,58.7,43.0,32.0,0.0,129.0,44.8,4.0,28.6,6.0,5.0044640619999985,7.682799999999999,37.0,1.0,0.736887681,0.5416,14.0
147951,Josip Ilicic,2021/2022,55,Serie A,8524,Atalanta,midfielder,M,3.0,3.14,2.31,836.0,27.0,67.5,10.0,38.0,0.0,73.0,54.9,1.0,7.7,3.0,2.6780961430000003,2.0044,20.0,0.0,0.460701145,0.30910000000000004,12.0
459658,Ruslan Malinovsky,2021/2022,55,Serie A,8524,Atalanta,Central Midfielder,M,6.0,3.34,3.4,1599.0,47.0,72.3,48.0,41.0,0.0,124.0,47.3,18.0,48.6,1.0,2.078600079,1.3219999999999998,19.0,5.0,1.2599982413560962,2.074823583696976,38.0
921341,Alexis Saelemaekers,2021/2022,55,Serie A,8564,Milan,Right Midfielder,,1.0,2.9,3.41,1866.0,52.0,56.5,29.0,37.0,0.0,141.0,48.8,9.0,39.1,1.0,2.286840642,2.9344,16.0,0.0,0.6114635359999999,0.4726,23.0
818893,Nicolò Zaniolo,2021/2022,55,Serie A,8686,Roma,Striker,F,2.0,5.58,6.12,1984.0,56.0,49.1,53.0,63.0,3.0,162.0,44.8,20.0,46.5,2.0,4.805776222084827,4.892900000000001,41.0,0.0,0.7744333809164046,0.788659328349411,29.0
541555,Mattia Zaccagni,2021/2022,55,Serie A,9876,Hellas Verona,Left Winger,,6.0,4.29,5.44,2059.0,52.0,53.1,20.0,81.0,2.0,185.0,59.9,16.0,42.1,6.0,3.926560784,4.793799999999999,28.0,0.0,0.358400368,0.6427,9.0
50047,Alexis Sánchez,2021/2022,55,Serie A,8636,Inter,Striker,F,5.0,4.3,5.11,862.0,21.0,53.8,14.0,21.0,0.0,61.0,48.8,10.0,37.0,5.0,3.884827314,4.6567,25.0,0.0,0.418366365,0.44920000000000004,8.0
750027,Brahim Díaz,2021/2022,55,Serie A,8564,Milan,Right Winger,,3.0,4.11,3.22,1871.0,45.0,51.1,39.0,33.0,0.0,105.0,40.1,4.0,9.1,3.0,3.70035041,2.5925000000000002,21.0,0.0,0.412638402,0.3703,9.0
841672,Nicolás González,2021/2022,55,Serie A,8535,Fiorentina,Left Midfielder,,7.0,10.13,9.15,2358.0,57.0,49.6,39.0,97.0,3.0,241.0,54.2,67.0,52.8,7.0,9.511650140999997,8.721499999999999,55.0,0.0,0.61630641,0.4241,17.0
252650,Gianluca Caprari,2021/2022,55,Serie A,9876,Hellas Verona,Attacking Midfielder,M,12.0,7.19,9.75,2753.0,65.0,54.6,54.0,74.0,1.0,190.0,48.0,8.0,22.9,10.0,5.596241083,6.6906,38.0,2.0,1.590083732,3.06,29.0
325916,Paulo Dybala,2021/2022,55,Serie A,9885,Juventus,Attacking Midfielder,M,10.0,7.57,9.13,2072.0,47.0,59.5,28.0,48.0,0.0,135.0,53.1,10.0,34.5,6.0,5.23190286,4.980100000000001,35.0,4.0,2.337091831,3.8317,64.0
1039220,Kevin Agudelo,2021/2022,55,Serie A,9881,Spezia,Right Winger,,3.0,2.59,3.68,1235.0,28.0,54.9,37.0,24.0,0.0,111.0,47.6,16.0,53.3,3.0,2.463064243,3.3115999999999994,15.0,0.0,0.13199971800000002,0.36860000000000004,6.0
534484,Isaac Success,2021/2022,55,Serie A,8600,Udinese,forward,F,2.0,2.1,2.18,910.0,19.0,65.5,27.0,39.0,0.0,79.0,44.4,16.0,30.2,2.0,1.8645846899999996,1.8599999999999999,17.0,0.0,0.232954381,0.32130000000000003,8.0
933817,Riccardo Sottil,2021/2022,55,Serie A,8535,Fiorentina,Left Winger,,3.0,2.47,2.64,1243.0,26.0,50.0,15.0,40.0,0.0,82.0,52.2,7.0,35.0,3.0,2.261540504,2.5557000000000003,17.0,0.0,0.207301579,0.087,5.0
1003368,Junior Messias,2021/2022,55,Serie A,8564,Milan,Attacking Midfielder,M,5.0,3.48,5.34,1429.0,30.0,47.6,17.0,24.0,0.0,116.0,48.7,28.0,45.9,5.0,2.9328379890000003,4.7743,28.0,0.0,0.643601023,0.5445,16.0
470847,Ignacio Pussetto,2021/2022,55,Serie A,8600,Udinese,Striker,F,4.0,3.99,4.46,1199.0,25.0,44.6,22.0,27.0,1.0,100.0,41.7,31.0,36.9,4.0,3.388297029,3.6307,20.0,0.0,0.46268393,0.5625,12.0
822794,Nedim Bajrami,2021/2022,55,Serie A,8534,Empoli,Central Midfielder,M,6.0,6.41,6.38,2062.0,42.0,59.2,34.0,14.0,0.0,77.0,43.0,,,5.0,5.5251048869999995,5.4021,30.0,1.0,0.8830964239999999,0.9737,24.0
230190,Felipe Anderson,2021/2022,55,Serie A,8543,Lazio,Left Winger,,6.0,6.24,5.89,2899.0,58.0,53.7,38.0,37.0,0.0,177.0,44.2,11.0,35.5,6.0,5.677159141,5.358599999999999,28.0,0.0,0.561469226,0.5312,16.0
352879,Adrien Rabiot,2021/2022,55,Serie A,9885,Juventus,Central Midfielder,M,0.0,2.11,0.67,2292.0,44.0,77.2,24.0,28.0,0.0,185.0,59.1,49.0,61.2,0.0,1.877143255,0.2384,18.0,0.0,0.236695298,0.3807,8.0
1055141,Manolo Portanova,2021/2022,55,Serie A,10233,Genoa,Attacking Midfielder,M,1.0,2.92,3.76,1330.0,25.0,54.3,24.0,26.0,0.0,120.0,45.8,23.0,40.4,1.0,2.5400379530000006,3.0017000000000005,15.0,0.0,0.37867387599999996,0.7546999999999999,14.0
161328,Stephan El Shaarawy,2021/2022,55,Serie A,8686,Roma,Attacking Midfielder,M,3.0,2.77,3.24,1046.0,20.0,51.3,13.0,12.0,0.0,59.0,50.9,14.0,48.3,3.0,1.9319481330000003,2.9631,19.0,0.0,0.7781990050000002,0.2803,20.0
540307,Lorenzo Pellegrini,2021/2022,55,Serie A,8686,Roma,Attacking Midfielder,M,9.0,8.88,10.4,2298.0,43.0,47.3,24.0,49.0,0.0,144.0,43.4,17.0,38.6,6.0,7.882092288000001,6.534899999999999,51.0,3.0,1.4866390609863473,2.8845,41.0
251925,Gerard Deulofeu,2021/2022,55,Serie A,8600,Udinese,forward,F,13.0,6.9,10.32,2626.0,50.0,42.7,44.0,31.0,2.0,94.0,35.1,2.0,10.5,9.0,5.616329198000002,8.301800000000002,51.0,4.0,1.284309182,2.0223,27.0
521210,Hirving Lozano,2021/2022,55,Serie A,9875,Napoli,Left Winger,,5.0,5.86,5.14,1621.0,29.0,65.9,32.0,33.0,1.0,100.0,48.3,10.0,43.5,5.0,5.205360914000001,4.7924999999999995,32.0,0.0,0.652595644,0.21050000000000002,18.0
724371,Theo Hernández,2021/2022,55,Serie A,8564,Milan,Left Back,,5.0,4.33,4.1,2712.0,49.0,57.6,24.0,74.0,0.0,201.0,63.2,25.0,62.5,5.0,3.55783307,2.7747,15.0,0.0,0.7758462599999999,1.1663,27.0
193441,Lorenzo Insigne,2021/2022,55,Serie A,9875,Napoli,Attacking Midfielder,M,11.0,15.38,18.12,2309.0,41.0,51.2,28.0,22.0,0.0,91.0,42.3,5.0,35.7,10.0,14.738379900999998,15.254599999999996,55.0,1.0,1.363931275,2.5403,39.0
265725,Ante Rebic,2021/2022,55,Serie A,8564,Milan,Left Winger,,2.0,2.47,1.52,875.0,16.0,42.1,16.0,9.0,0.0,52.0,36.6,13.0,37.1,1.0,2.065775184,1.0464,21.0,1.0,0.35392599599999996,0.4699,9.0
699461,Jean-Victor Makengo,2021/2022,55,Serie A,8600,Udinese,Attacking Midfielder,M,1.0,3.01,1.68,2359.0,39.0,73.6,19.0,38.0,0.0,117.0,54.4,11.0,31.4,1.0,2.450363291,0.8200000000000001,14.0,0.0,0.554559779,0.8582,18.0
846948,Szymon Zurkowski,2021/2022,55,Serie A,8534,Empoli,midfielder,M,6.0,3.81,4.21,2319.0,38.0,69.1,35.0,67.0,0.0,187.0,53.4,25.0,43.9,4.0,3.161036105,3.1068,25.0,2.0,0.6182635830000002,1.1,22.0
116555,Duván Zapata,2021/2022,55,Serie A,8524,Atalanta,Striker,F,10.0,13.54,11.98,1732.0,28.0,45.9,43.0,27.0,0.0,107.0,41.8,46.0,51.1,10.0,13.277589349000003,11.587200000000001,73.0,0.0,0.273042707,0.3893,8.0
319631,Joaquín Correa,2021/2022,55,Serie A,8636,Inter,Attacking Midfielder,M,6.0,4.64,5.22,1024.0,17.0,42.5,12.0,16.0,0.0,52.0,41.9,8.0,42.1,5.0,4.456070348000002,4.767299999999999,32.0,1.0,0.180711228,0.3618,3.0
741049,Eljif Elmas,2021/2022,55,Serie A,9875,Napoli,Attacking Midfielder,M,3.0,2.32,3.1,1598.0,24.0,68.6,23.0,30.0,1.0,86.0,46.5,7.0,24.1,3.0,1.870814696,2.8361,19.0,0.0,0.44629829200000004,0.2631,14.0
566654,Matteo Pessina,2021/2022,55,Serie A,8524,Atalanta,Defensive Midfielder,,1.0,2.41,1.56,1443.0,23.0,63.9,17.0,35.0,0.0,113.0,54.6,28.0,49.1,1.0,2.117269993,1.4416000000000002,19.0,0.0,0.28830898800000004,0.1225,9.0
613334,M'Bala Nzola,2021/2022,55,Serie A,9881,Spezia,Striker,F,2.0,2.42,3.81,1060.0,16.0,59.3,21.0,7.0,0.0,53.0,32.3,28.0,36.4,2.0,2.27854323,3.5564,19.0,0.0,0.146488871,0.258,3.0
1052898,Destiny Udogie,2021/2022,55,Serie A,8600,Udinese,Left Back,,5.0,4.45,5.41,2485.0,38.0,56.7,35.0,34.0,0.0,163.0,51.9,27.0,49.1,4.0,4.307783205,4.7635000000000005,23.0,1.0,0.139475078,0.6466,4.0
687681,Victor Osimhen,2021/2022,55,Serie A,9875,Napoli,Striker,F,14.0,10.54,11.7,1989.0,30.0,55.6,32.0,38.0,4.0,127.0,46.4,51.0,47.2,14.0,9.597693955000002,10.696,72.0,0.0,0.9442762159999999,1.0066000000000002,19.0
150250,Pedro,2021/2022,55,Serie A,8543,Lazio,Left Winger,,9.0,4.75,6.91,2042.0,31.0,54.4,26.0,39.0,1.0,109.0,46.8,3.0,20.0,7.0,4.136450142,5.596,22.0,2.0,0.6111861510000001,1.3132,14.0
1027472,Wilfried Singo,2021/2022,55,Serie A,9804,Torino,Center Back,,3.0,2.66,2.5,2626.0,41.0,50.6,18.0,59.0,0.0,197.0,57.9,42.0,56.0,3.0,2.2762662259999997,1.3994,29.0,0.0,0.362816688,0.1221,12.0
424614,Caleb Ekuban,2021/2022,55,Serie A,10233,Genoa,Striker,F,1.0,3.5,2.11,1717.0,26.0,50.0,38.0,32.0,0.0,113.0,43.1,36.0,41.4,1.0,3.1154545049999993,1.9438000000000004,30.0,0.0,0.382319342,0.0,8.0
195199,Nicola Sansone,2021/2022,55,Serie A,9857,Bologna,forward,F,2.0,3.47,1.92,880.0,14.0,41.2,15.0,21.0,2.0,55.0,41.0,7.0,28.0,2.0,2.9049449,1.4634,10.0,0.0,0.560611188,0.4597,14.0
212645,Riccardo Saponara,2021/2022,55,Serie A,8535,Fiorentina,midfielder,M,3.0,2.24,2.66,1286.0,20.0,37.7,19.0,24.0,1.0,59.0,43.4,5.0,35.7,2.0,1.515323728,1.0363,20.0,1.0,0.663242245,1.5757,17.0
848266,Weston McKennie,2021/2022,55,Serie A,9885,Juventus,Right Wing-Back,,3.0,2.08,2.06,1371.0,20.0,76.9,19.0,4.0,0.0,73.0,46.5,29.0,54.7,3.0,1.79272243,2.0552,16.0,0.0,0.283187742,0.0,7.0
579747,Franck Kessié,2021/2022,55,Serie A,8564,Milan,Defensive Midfielder,,6.0,4.39,3.8,2312.0,33.0,73.3,27.0,31.0,1.0,135.0,55.1,30.0,50.8,6.0,3.8864342200000004,2.9996,22.0,0.0,0.507481979,0.3024,12.0
815431,Davide Frattesi,2021/2022,55,Serie A,7943,Sassuolo,Central Midfielder,M,4.0,5.95,4.73,2885.0,42.0,65.6,22.0,57.0,2.0,171.0,53.3,26.0,39.4,4.0,4.9808490989999985,4.091200000000001,41.0,0.0,0.9730582999999999,0.5592999999999999,26.0
463301,Sergej Milinkovic-Savic,2021/2022,55,Serie A,8543,Lazio,Attacking Midfielder,M,11.0,7.35,9.3,3111.0,45.0,58.4,48.0,45.0,0.0,257.0,51.7,102.0,59.3,10.0,6.075737966999999,7.0506,42.0,1.0,1.2696944070000002,2.2489,33.0
265924,Grégoire Defrel,2021/2022,55,Serie A,7943,Sassuolo,Striker,F,2.0,4.43,2.5,1345.0,20.0,54.1,32.0,18.0,0.0,62.0,35.8,9.0,20.0,2.0,4.049669177,2.4562000000000004,24.0,0.0,0.071734037,0.0488,3.0
910699,Musa Barrow,2021/2022,55,Serie A,9857,Bologna,Left Winger,,6.0,5.89,6.91,2146.0,31.0,49.2,52.0,25.0,0.0,83.0,35.0,15.0,23.4,4.0,4.1277704449999995,3.5784000000000002,27.0,2.0,1.7628590430000002,3.3354999999999997,44.0
661761,Riccardo Orsolini,2021/2022,55,Serie A,9857,Bologna,Right Winger,,6.0,6.39,7.38,1793.0,26.0,44.8,29.0,44.0,0.0,117.0,47.4,27.0,43.5,4.0,5.534848769999999,5.3192,31.0,2.0,0.852845806,1.6618000000000002,22.0
127460,Giacomo Bonaventura,2021/2022,55,Serie A,8535,Fiorentina,midfielder,M,4.0,4.75,4.1,2278.0,30.0,63.8,19.0,49.0,2.0,128.0,54.7,16.0,50.0,3.0,4.37050124,3.0662,27.0,1.0,0.6714790580000001,1.0358999999999998,19.0
110148,Marko Arnautovic,2021/2022,55,Serie A,9857,Bologna,Striker,F,14.0,14.83,14.47,2703.0,37.0,62.7,36.0,21.0,0.0,100.0,37.9,25.0,37.9,14.0,13.873202170000003,13.930200000000003,72.0,0.0,0.9522622260000002,0.5393,20.0
73167,Henrikh Mkhitaryan,2021/2022,55,Serie A,8686,Roma,Central Midfielder,M,5.0,3.91,4.48,2500.0,34.0,60.7,27.0,51.0,1.0,143.0,50.7,15.0,50.0,4.0,2.572368012,3.4682,19.0,1.0,1.3461516348582514,1.0105,36.0
451966,Antonín Barák,2021/2022,55,Serie A,9876,Hellas Verona,Central Midfielder,M,11.0,8.87,11.14,2347.0,31.0,56.4,54.0,17.0,1.0,107.0,37.0,41.0,37.6,11.0,8.382755485,10.272900000000002,40.0,0.0,0.482408151,0.7188,11.0
822236,Dennis Tørset Johnsen,2021/2022,55,Serie A,7881,Venezia,Attacking Midfielder,M,1.0,2.34,1.36,1464.0,20.0,30.3,23.0,12.0,0.0,51.0,32.1,5.0,20.0,1.0,2.230674134,1.2004,11.0,0.0,0.108482783,0.0,4.0
46104,Dries Mertens,2021/2022,55,Serie A,9875,Napoli,forward,F,11.0,4.35,6.24,1386.0,17.0,58.6,9.0,22.0,2.0,58.0,46.8,3.0,27.3,8.0,3.4693046819999998,4.5069,28.0,3.0,0.876816036,1.7299,17.0
951743,Giacomo Raspadori,2021/2022,55,Serie A,7943,Sassuolo,Attacking Midfielder,M,10.0,7.23,6.88,2752.0,35.0,58.3,48.0,33.0,1.0,106.0,41.9,9.0,33.3,7.0,5.941203317,5.6674999999999995,44.0,3.0,1.2929453559999997,0.9886999999999999,27.0
541820,Nicolò Barella,2021/2022,55,Serie A,8636,Inter,Central Midfielder,M,3.0,4.67,3.55,2931.0,37.0,57.8,38.0,52.0,1.0,174.0,54.5,22.0,46.8,3.0,3.776369011,3.1833,30.0,0.0,0.8916898409999999,0.3681,38.0
749661,Tammy Abraham,2021/2022,55,Serie A,8686,Roma,Striker,F,17.0,20.78,17.32,3097.0,38.0,49.4,41.0,49.0,1.0,192.0,48.0,78.0,49.1,17.0,20.169287958000982,17.050223806778973,83.0,0.0,0.6078274440009785,0.2666,12.0
210278,Roberto Pereyra,2021/2022,55,Serie A,8600,Udinese,Left Midfielder,,3.0,4.7,3.9,1799.0,21.0,45.7,27.0,34.0,0.0,74.0,39.6,1.0,7.7,3.0,4.42710014,3.5382999999999996,23.0,0.0,0.26841027399999995,0.2365,7.0
566753,Rey Manaj,2021/2022,55,Serie A,9881,Spezia,Striker,F,5.0,7.47,6.54,1768.0,22.0,44.9,59.0,62.0,1.0,172.0,40.8,70.0,42.2,5.0,7.061486974000001,6.2126,37.0,0.0,0.448692019,0.3318,17.0
415539,Matteo Politano,2021/2022,55,Serie A,9875,Napoli,Right Winger,,3.0,2.57,3.05,1657.0,21.0,44.7,21.0,28.0,0.0,80.0,41.9,7.0,35.0,2.0,1.8439158229999997,2.6602999999999994,20.0,1.0,0.721117041,0.38880000000000003,22.0
867414,Sandro Tonali,2021/2022,55,Serie A,8564,Milan,Central Midfielder,M,5.0,4.1,4.61,2606.0,30.0,66.7,23.0,50.0,0.0,144.0,55.4,10.0,41.7,4.0,3.407191671,3.9341,13.0,1.0,0.6922533529999998,0.6709,24.0
198566,Luis Alberto,2021/2022,55,Serie A,8543,Lazio,Attacking Midfielder,M,5.0,3.26,4.32,2361.0,27.0,61.4,23.0,26.0,0.0,88.0,44.7,6.0,33.3,4.0,2.06272548,2.628,17.0,1.0,1.201001345,1.6957,30.0
309726,Andrea Belotti,2021/2022,55,Serie A,9804,Torino,Striker,F,8.0,8.33,8.03,1377.0,15.0,60.0,28.0,51.0,1.0,128.0,46.2,55.0,41.7,7.0,7.4228933610000025,7.041500000000001,46.0,1.0,0.5048850330000001,0.5997000000000001,12.0
526450,Emmanuel Quartsin Gyasi,2021/2022,55,Serie A,9881,Spezia,Attacking Midfielder,M,6.0,5.67,5.53,3044.0,33.0,60.0,52.0,51.0,0.0,164.0,44.6,33.0,32.7,5.0,5.2669682159999995,4.652200000000001,29.0,1.0,0.329889019,0.8405,9.0
647900,Mattias Svanberg,2021/2022,55,Serie A,9857,Bologna,Central Midfielder,M,3.0,2.19,1.9,2574.0,28.0,52.8,22.0,63.0,0.0,152.0,49.8,22.0,39.3,1.0,1.063367178,0.1457,14.0,2.0,1.002185172,1.7525,25.0
364520,Domenico Berardi,2021/2022,55,Serie A,7943,Sassuolo,Right Winger,,15.0,11.28,15.57,2835.0,30.0,44.1,43.0,76.0,2.0,156.0,45.1,18.0,50.0,13.0,9.592414038000001,12.2339,49.0,2.0,1.6858533699999998,3.3397000000000006,61.0
721089,Gianluca Scamacca,2021/2022,55,Serie A,7943,Sassuolo,Striker,F,16.0,11.1,12.69,2154.0,21.0,70.0,49.0,20.0,0.0,111.0,41.3,51.0,56.7,13.0,10.116635946000002,10.1908,50.0,3.0,0.897417171,2.5007000000000006,29.0
1036182,Ivan Ilic,2021/2022,55,Serie A,9876,Hellas Verona,Central Midfielder,M,1.0,2.42,0.84,2535.0,26.0,60.5,22.0,32.0,0.0,148.0,49.2,51.0,58.6,1.0,2.0884605699999996,0.7402,13.0,0.0,0.330714441,0.1014,9.0
213501,Álvaro Morata,2021/2022,55,Serie A,9885,Juventus,Striker,F,9.0,8.86,9.53,2312.0,23.0,48.9,43.0,77.0,2.0,154.0,48.1,38.0,52.8,9.0,8.531706355,9.432599999999999,53.0,0.0,0.32577196199999997,0.098,8.0
737857,Dusan Vlahovic,2021/2022,55,Serie A,8535,Fiorentina,Striker,F,24.0,18.16,19.13,2938.0,31.0,48.4,70.0,69.0,0.0,164.0,46.6,60.0,52.2,22.0,16.97375039400001,17.929899999999996,91.0,2.0,1.1822236299999997,1.2041,28.0
340790,Domen Crnigoj,2021/2022,55,Serie A,7881,Venezia,Central Midfielder,M,3.0,2.2,2.34,1886.0,18.0,47.4,17.0,12.0,0.0,76.0,38.2,25.0,36.8,3.0,1.7584333920000002,1.6453000000000002,14.0,0.0,0.444349507,0.6990000000000001,18.0
203739,João Pedro,2021/2022,55,Serie A,8529,Cagliari,Striker,F,13.0,12.49,12.95,3325.0,34.0,47.2,36.0,85.0,1.0,197.0,42.5,63.0,35.8,11.0,11.826743301000004,11.7625,76.0,2.0,0.663648491,1.1237,15.0
244811,Davide Zappacosta,2021/2022,55,Serie A,8524,Atalanta,Right Wing-Back,,1.0,2.09,1.06,2357.0,24.0,46.2,23.0,31.0,2.0,92.0,45.3,6.0,33.3,1.0,1.7635479000000003,1.0577,26.0,0.0,0.32609035700000005,0.0,11.0
438507,Federico Di Francesco,2021/2022,55,Serie A,8534,Empoli,Left Wing-Back,,5.0,2.3,3.64,1376.0,13.0,37.1,31.0,27.0,1.0,58.0,34.3,2.0,10.5,5.0,2.086994571,2.6778,18.0,0.0,0.211014562,0.47240000000000004,8.0
299799,Bryan Cristante,2021/2022,55,Serie A,8686,Roma,Defensive Midfielder,,2.0,2.27,0.61,2673.0,23.0,76.7,15.0,14.0,0.0,203.0,56.7,87.0,58.8,2.0,1.864092939313103,0.3064,23.0,0.0,0.3721566793565344,0.3079,17.0
556972,Sasa Lukic,2021/2022,55,Serie A,9804,Torino,Defensive Midfielder,,5.0,4.67,4.9,2986.0,28.0,73.7,8.0,46.0,0.0,167.0,48.5,42.0,43.8,5.0,3.8675790380000006,3.9102,12.0,0.0,0.8053565210000001,0.9873999999999999,20.0
624166,Manuel Locatelli,2021/2022,55,Serie A,9885,Juventus,Defensive Midfielder,,3.0,2.19,1.49,2161.0,19.0,67.9,16.0,25.0,0.0,119.0,51.3,32.0,57.1,2.0,1.6188987189999997,1.0787,8.0,1.0,0.5754616770000001,0.4162,13.0
683473,Kelvin Amian,2021/2022,55,Serie A,9881,Spezia,Right Back,,1.0,2.59,2.9,2650.0,23.0,62.2,20.0,14.0,0.0,144.0,56.7,41.0,57.7,1.0,2.382428966,2.3713,18.0,0.0,0.21206519299999999,0.5314,8.0
163670,Ivan Perisic,2021/2022,55,Serie A,8636,Inter,Left Winger,,8.0,4.25,4.91,2842.0,26.0,57.8,8.0,6.0,0.0,125.0,53.6,55.0,62.5,8.0,3.9120109320000003,3.7579999999999996,35.0,0.0,0.340547497,1.1477,9.0
299886,Kevin Lasagna,2021/2022,55,Serie A,9876,Hellas Verona,Striker,F,2.0,3.27,3.08,1171.0,10.0,52.6,27.0,10.0,1.0,64.0,35.8,31.0,38.8,1.0,2.585854788,2.0422000000000002,27.0,1.0,0.736182004,1.0353,14.0
119014,Darko Lazovic,2021/2022,55,Serie A,9876,Hellas Verona,midfielder,M,1.0,2.91,2.15,2780.0,26.0,47.3,8.0,8.0,0.0,84.0,50.0,14.0,42.4,1.0,2.4609063149999995,2.1545000000000005,30.0,0.0,0.4483411179999999,0.0,16.0
674829,Filippo Bandinelli,2021/2022,55,Serie A,8534,Empoli,Central Midfielder,M,2.0,2.2,2.39,1963.0,17.0,43.6,25.0,18.0,0.0,80.0,36.0,12.0,27.9,2.0,1.6125567570000001,1.2773999999999999,16.0,0.0,0.5893549180000002,0.9289,19.0
690230,Lautaro Martínez,2021/2022,55,Serie A,8636,Inter,Striker,F,21.0,21.59,18.07,2301.0,21.0,38.9,24.0,46.0,0.0,116.0,46.4,29.0,46.8,21.0,21.337713431999994,17.486299999999996,102.0,0.0,0.693926635,0.5820000000000001,16.0
469615,Giovanni Simeone,2021/2022,55,Serie A,9876,Hellas Verona,Striker,F,17.0,10.28,10.73,2673.0,23.0,37.7,80.0,58.0,1.0,168.0,35.3,60.0,35.1,14.0,9.342314793000002,8.414,53.0,3.0,0.935846552,2.3195,17.0
281993,Simy,2021/2022,55,Serie A,6480,Salernitana,forward,F,1.0,3.17,1.74,841.0,7.0,70.0,23.0,14.0,0.0,45.0,35.7,19.0,33.9,1.0,3.076392524,1.7435,18.0,0.0,0.094374947,0.0,2.0
181995,Roberto Soriano,2021/2022,55,Serie A,9857,Bologna,midfielder,M,0.0,2.09,1.39,2637.0,21.0,56.8,14.0,47.0,0.0,149.0,47.9,24.0,34.3,0.0,1.720131456,1.1940000000000002,12.0,0.0,0.37422022699999996,0.1975,11.0
593118,Denzel Dumfries,2021/2022,55,Serie A,8636,Inter,Right Midfielder,,5.0,5.29,5.32,2028.0,15.0,50.0,23.0,37.0,2.0,127.0,52.0,44.0,57.9,5.0,5.162823627,5.142399999999999,36.0,0.0,0.052293763,0.1323,2.0
543306,Federico Bonazzoli,2021/2022,55,Serie A,6480,Salernitana,Striker,F,10.0,7.65,9.61,1866.0,15.0,50.0,25.0,66.0,0.0,116.0,51.6,12.0,33.3,10.0,6.836183803999999,8.351899999999999,36.0,0.0,0.8128722559999999,1.2573999999999999,21.0
446266,Mario Pasalic,2021/2022,55,Serie A,8524,Atalanta,Defensive Midfielder,,13.0,8.71,10.68,2005.0,15.0,48.4,22.0,14.0,0.0,106.0,44.9,50.0,51.5,13.0,8.4846205,10.4079,45.0,0.0,0.22709054899999997,0.2679,4.0
726345,Nahuel Molina,2021/2022,55,Serie A,8600,Udinese,Right Back,,7.0,3.83,5.33,2649.0,20.0,47.6,10.0,16.0,0.0,87.0,43.7,11.0,36.7,3.0,3.1778778720000003,3.0584000000000002,23.0,4.0,0.728345994,2.0124,21.0
362212,Piotr Zielinski,2021/2022,55,Serie A,9875,Napoli,Central Midfielder,M,6.0,3.43,1.6,2098.0,17.0,47.2,17.0,28.0,0.0,67.0,45.3,3.0,17.6,5.0,2.513177824,0.8233000000000001,21.0,1.0,0.916226742,0.7783999999999999,22.0
498247,Mattia Aramu,2021/2022,55,Serie A,7881,Venezia,midfielder,M,7.0,6.81,7.64,2111.0,17.0,44.7,24.0,81.0,1.0,129.0,51.4,11.0,28.2,5.0,5.266258591999999,5.355300000000001,21.0,2.0,1.54530518,2.2887000000000004,38.0
282012,Dennis Praet,2021/2022,55,Serie A,9804,Torino,Defensive Midfielder,,2.0,2.34,2.34,1543.0,12.0,42.9,16.0,17.0,0.0,56.0,40.0,8.0,29.6,2.0,2.3509124719999996,1.6143999999999998,15.0,0.0,0.38793510800000003,0.7212000000000001,9.0
585237,Daniele Verde,2021/2022,55,Serie A,9881,Spezia,Right Midfielder,,8.0,5.44,7.88,1957.0,15.0,39.5,12.0,15.0,0.0,42.0,46.7,1.0,100.0,8.0,4.531405565000001,5.944299999999999,26.0,0.0,0.906908743,1.9348999999999998,27.0
759097,Joakim Mæhle,2021/2022,55,Serie A,8524,Atalanta,Left Back,,1.0,2.04,1.88,1466.0,12.0,29.3,19.0,25.0,0.0,69.0,44.8,11.0,44.0,1.0,1.7477665759999998,1.5599,10.0,0.0,0.29609557200000003,0.3229,11.0
474448,Antonio Sanabria,2021/2022,55,Serie A,9804,Torino,Striker,F,6.0,8.27,7.54,1814.0,13.0,65.0,37.0,34.0,2.0,128.0,39.8,78.0,37.9,6.0,7.871336030000001,7.505999999999999,43.0,0.0,0.39963280999999995,0.0324,6.0
605224,Federico Dimarco,2021/2022,55,Serie A,8636,Inter,Left Midfielder,,2.0,3.48,3.98,1420.0,10.0,62.5,10.0,14.0,0.0,60.0,55.6,8.0,50.0,1.0,2.6345973149999993,2.3362999999999996,22.0,1.0,0.8466312289999999,1.6429999999999998,17.0
790732,Tommaso Pobega,2021/2022,55,Serie A,9804,Torino,Defensive Midfielder,,4.0,3.19,3.65,2239.0,14.0,51.9,16.0,39.0,1.0,178.0,47.0,77.0,49.4,4.0,2.3914232180000004,3.2424999999999997,22.0,0.0,0.803124462,0.3958,26.0
639671,Patrick Cutrone,2021/2022,55,Serie A,8534,Empoli,Striker,F,3.0,3.71,2.44,1402.0,9.0,50.0,18.0,16.0,1.0,39.0,33.6,9.0,23.1,3.0,3.26730824,2.1617999999999995,37.0,0.0,0.447130143,0.2758,13.0
39540,Fabio Quagliarella,2021/2022,55,Serie A,9882,Sampdoria,Striker,F,4.0,4.34,3.69,1658.0,11.0,47.8,26.0,28.0,0.0,63.0,37.3,18.0,33.3,4.0,3.767036607,2.9154,38.0,0.0,0.5706419879999999,0.7734,20.0
161660,Ciro Immobile,2021/2022,55,Serie A,8543,Lazio,Striker,F,27.0,21.66,24.5,2716.0,19.0,47.5,44.0,39.0,1.0,90.0,36.7,23.0,33.3,26.0,20.905719518999998,23.653499999999998,99.0,1.0,0.781443304,0.8465,19.0
154249,Mattia Destro,2021/2022,55,Serie A,10233,Genoa,forward,F,9.0,7.74,7.76,1753.0,11.0,42.3,25.0,31.0,0.0,113.0,37.5,62.0,36.0,9.0,7.411793035999999,7.6774000000000004,45.0,0.0,0.286398751,0.0776,9.0
15403,Edin Dzeko,2021/2022,55,Serie A,8636,Inter,Striker,F,13.0,14.81,12.51,2475.0,17.0,41.5,31.0,39.0,2.0,154.0,47.5,84.0,53.2,13.0,14.364595262000003,11.936999999999998,81.0,0.0,0.444501814,0.5708,6.0
11685,Antonio Candreva,2021/2022,55,Serie A,9882,Sampdoria,midfielder,M,7.0,5.78,6.2,3130.0,21.0,41.2,35.0,48.0,0.0,98.0,43.9,2.0,22.2,6.0,4.891795002999999,5.0623000000000005,39.0,1.0,0.89286745,1.1329,35.0
857269,Gleison Bremer,2021/2022,55,Serie A,9804,Torino,Center Back,,3.0,4.49,4.62,2894.0,17.0,73.9,8.0,20.0,0.0,217.0,48.1,132.0,47.0,3.0,4.521407102,4.6221,25.0,0.0,0.09947794300000001,0.0,2.0
261313,Jordan Veretout,2021/2022,55,Serie A,8686,Roma,Defensive Midfielder,,4.0,4.64,6.02,2321.0,14.0,73.7,11.0,22.0,0.0,86.0,55.8,16.0,57.1,4.0,4.086544699,4.9336,14.0,0.0,0.548486606,0.9701,15.0
304733,Hakan Çalhanoglu,2021/2022,55,Serie A,8636,Inter,Central Midfielder,M,7.0,5.95,6.19,2509.0,13.0,46.4,19.0,26.0,1.0,90.0,43.1,10.0,32.3,3.0,4.2505842650000005,3.4891,19.0,4.0,1.6982186709999998,2.7033,46.0
750030,Andrea Pinamonti,2021/2022,55,Serie A,8534,Empoli,Striker,F,13.0,12.67,11.25,2870.0,17.0,42.5,47.0,56.0,1.0,159.0,39.6,75.0,36.8,13.0,12.044460313999997,11.2476,74.0,0.0,0.6212182519999999,0.0,16.0
776571,Giulio Maggiore,2021/2022,55,Serie A,9881,Spezia,Defensive Midfielder,,2.0,4.04,2.08,2835.0,16.0,37.2,28.0,67.0,0.0,174.0,46.2,33.0,44.0,1.0,3.1747976999999996,1.4199,18.0,1.0,0.8655248609999999,0.6609,24.0
41882,Domenico Criscito,2021/2022,55,Serie A,10233,Genoa,Coach,,6.0,5.83,6.77,1622.0,8.0,72.7,9.0,27.0,0.0,90.0,60.8,18.0,51.4,6.0,5.598045493000001,6.767999999999999,8.0,0.0,0.23342569299999996,0.0,16.0
130155,Danilo D'Ambrosio,2021/2022,55,Serie A,8636,Inter,defender,,1.0,2.05,1.14,990.0,4.0,66.7,5.0,5.0,0.0,57.0,54.8,18.0,52.9,1.0,2.040374033,1.1366,13.0,0.0,0.009770876,0.0,1.0
231176,Leonardo Pavoletti,2021/2022,55,Serie A,8529,Cagliari,Striker,F,5.0,6.61,5.88,1506.0,6.0,60.0,13.0,29.0,1.0,171.0,48.2,127.0,50.0,5.0,6.504821439,5.703,35.0,0.0,0.104018956,0.0,1.0
35724,Zlatan Ibrahimovic,2021/2022,55,Serie A,8564,Milan,forward,F,8.0,7.38,7.17,1008.0,5.0,55.6,9.0,9.0,1.0,58.0,51.3,44.0,62.9,5.0,6.741387390999998,5.5501,40.0,3.0,0.49983952000000004,1.621,11.0
439148,Morten Thorsby,2021/2022,55,Serie A,9882,Sampdoria,Central Midfielder,M,3.0,3.23,1.47,2952.0,13.0,52.0,22.0,37.0,0.0,262.0,48.8,170.0,55.2,3.0,3.0725456820000003,1.4727,23.0,0.0,0.160430311,0.0,3.0
612755,Davide Calabria,2021/2022,55,Serie A,8564,Milan,Right Back,,2.0,3.75,3.27,2124.0,10.0,50.0,6.0,28.0,0.0,110.0,54.7,10.0,27.0,2.0,3.2230218070000003,3.2131,14.0,0.0,0.729969563,0.0552,22.0
789243,Youssef Maleh,2021/2022,55,Serie A,8535,Fiorentina,Central Midfielder,M,2.0,2.32,1.22,1014.0,4.0,50.0,8.0,19.0,0.0,61.0,46.2,12.0,57.1,2.0,2.125194674,1.1438,13.0,0.0,0.192940219,0.0785,8.0
155254,Francesco Caputo,2021/2022,55,Serie A,7943,Sassuolo,forward,F,11.0,11.27,10.43,2956.0,13.0,46.4,18.0,41.0,3.0,86.0,48.6,27.0,45.0,11.0,11.653098993999995,9.955200000000001,54.0,0.0,0.126699544,0.4723,4.0
488958,Keita Baldé,2021/2022,55,Serie A,8529,Cagliari,Attacking Midfielder,M,3.0,3.53,3.14,1233.0,6.0,33.3,10.0,30.0,1.0,64.0,39.3,20.0,30.3,3.0,3.3316096669999995,2.9871000000000003,23.0,0.0,0.197716313,0.1516,4.0
109338,Marco Davide Faraoni,2021/2022,55,Serie A,9876,Hellas Verona,Right Midfielder,,4.0,3.05,2.8,2580.0,12.0,30.0,14.0,34.0,0.0,153.0,50.7,45.0,47.4,3.0,2.7774958889999994,2.3945,23.0,1.0,0.274620019,0.4101,7.0
619513,Eldor Shomurodov,2021/2022,55,Serie A,8686,Roma,Attacking Midfielder,M,3.0,4.28,2.41,765.0,3.0,25.0,16.0,6.0,0.0,36.0,30.5,22.0,40.0,3.0,4.122722196,2.4068000000000005,28.0,0.0,0.154190408,0.0,3.0
309328,Milan Skriniar,2021/2022,55,Serie A,8636,Inter,Center Back,,3.0,3.37,2.22,3150.0,12.0,92.3,7.0,23.0,0.0,133.0,53.0,52.0,50.0,3.0,3.0190875560000006,1.6894,21.0,0.0,0.137408061,0.022,4.0
108381,Milan Djuric,2021/2022,55,Serie A,6480,Salernitana,Striker,F,5.0,5.25,3.71,2173.0,8.0,50.0,20.0,45.0,1.0,296.0,68.8,243.0,74.1,5.0,5.211148311000001,3.6747,49.0,0.0,0.041525256,0.0,1.0
449283,Alessandro Deiola,2021/2022,55,Serie A,8529,Cagliari,Central Midfielder,M,4.0,2.49,3.86,2143.0,6.0,46.2,11.0,21.0,0.0,114.0,45.1,40.0,48.8,3.0,2.075782602,2.6994,11.0,1.0,0.452431908,1.1616,15.0
239350,Cristiano Biraghi,2021/2022,55,Serie A,8535,Fiorentina,Left Back,,4.0,3.12,6.3,3166.0,12.0,46.2,6.0,38.0,0.0,91.0,49.2,4.0,20.0,1.0,2.187958519,3.1467,13.0,3.0,0.9293703700000001,3.1525000000000007,25.0
188555,Stefan de Vrij,2021/2022,55,Serie A,8636,Inter,Center Back,,0.0,2.62,1.32,2412.0,5.0,100.0,3.0,6.0,0.0,117.0,61.6,69.0,59.5,0.0,2.599949616999999,1.1499,19.0,0.0,0.015483348,0.0,1.0
544693,Amir Rrahmani,2021/2022,55,Serie A,9875,Napoli,Center Back,,4.0,3.95,3.15,2928.0,5.0,83.3,7.0,23.0,0.0,127.0,60.2,79.0,61.2,4.0,3.9032643819999997,3.1055,20.0,0.0,0.050385734,0.0477,2.0
185625,José Luis Palomino,2021/2022,55,Serie A,8524,Atalanta,Center Back,,1.0,2.95,0.92,2672.0,6.0,75.0,7.0,17.0,0.0,206.0,64.6,105.0,68.6,1.0,2.0556781963636377,0.9164000000000001,14.0,0.0,0.0,0.0,0.0
506309,Gian Marco Ferrari,2021/2022,55,Serie A,7943,Sassuolo,defender,,1.0,2.24,1.44,3127.0,8.0,66.7,5.0,37.0,0.0,140.0,60.9,80.0,64.0,1.0,1.6403059290000006,1.0272000000000001,22.0,0.0,0.14328415099999997,0.41159999999999997,3.0
24235,Leonardo Bonucci,2021/2022,55,Serie A,9885,Juventus,defender,,5.0,4.71,4.75,2004.0,4.0,57.1,1.0,8.0,0.0,70.0,53.8,44.0,55.7,5.0,4.70684125,4.7523,17.0,0.0,0.0,0.0,0.0
198559,Marten de Roon,2021/2022,55,Serie A,8524,Atalanta,Defensive Midfielder,,3.0,2.09,1.77,2547.0,5.0,50.0,7.0,15.0,0.0,141.0,53.4,53.0,60.9,3.0,1.3355905970000002,1.4005999999999998,9.0,0.0,0.6958660200000001,0.367,14.0
46469,Olivier Giroud,2021/2022,55,Serie A,8564,Milan,Striker,F,11.0,9.84,10.08,1902.0,4.0,50.0,11.0,22.0,0.0,133.0,54.7,92.0,62.2,11.0,9.616665823999998,10.0011,57.0,0.0,0.227293556,0.0,6.0
592909,Lucas Torreira,2021/2022,55,Serie A,8535,Fiorentina,Defensive Midfielder,,5.0,5.29,5.62,2201.0,6.0,46.2,8.0,44.0,1.0,105.0,51.5,18.0,40.9,5.0,5.316458211999999,5.2568,20.0,0.0,0.5889169449999999,0.3646,9.0
469939,Liam Henderson,2021/2022,55,Serie A,8534,Empoli,Central Midfielder,M,2.0,2.54,1.19,2019.0,5.0,38.5,14.0,22.0,2.0,63.0,35.0,14.0,48.3,2.0,1.8362705350000001,0.7709,22.0,0.0,0.7009175320000001,0.41919999999999996,20.0
766611,Nikola Milenkovic,2021/2022,55,Serie A,8535,Fiorentina,Center Back,,1.0,2.19,2.03,2929.0,2.0,100.0,4.0,21.0,0.0,175.0,66.3,98.0,74.8,1.0,2.0088409169999997,1.4866,16.0,0.0,0.13592589700000002,0.5438000000000001,7.0
588687,Gianluca Mancini,2021/2022,55,Serie A,8686,Roma,Center Back,,0.0,2.38,0.7,2882.0,4.0,80.0,3.0,15.0,0.0,130.0,54.6,70.0,67.3,0.0,2.345512484148182,0.70108619303743,22.0,0.0,0.033570364000000005,0.0,2.0
165823,Chris Smalling,2021/2022,55,Serie A,8686,Roma,Center Back,,3.0,2.37,2.23,2087.0,3.0,75.0,1.0,17.0,0.0,105.0,77.2,50.0,79.4,3.0,2.367946186,2.2287,10.0,0.0,0.0,0.0,0.0
616170,Martin Erlic,2021/2022,55,Serie A,9881,Spezia,Center Back,,2.0,2.99,2.04,2578.0,3.0,75.0,2.0,20.0,2.0,106.0,57.3,56.0,58.3,2.0,2.958825506,1.7247,14.0,0.0,0.031556286,0.3134,1.0
73024,Francesco Acerbi,2021/2022,55,Serie A,8543,Lazio,Center Back,,4.0,2.41,3.1,2530.0,4.0,66.7,4.0,16.0,1.0,114.0,60.6,69.0,61.6,4.0,2.38115902,3.0974000000000004,14.0,0.0,0.027866637,0.0,1.0
823078,Merih Demiral,2021/2022,55,Serie A,8524,Atalanta,Center Back,,1.0,2.46,0.88,1913.0,2.0,50.0,5.0,16.0,0.0,134.0,61.2,85.0,69.1,1.0,2.466564748726083,0.8824959512379902,25.0,0.0,0.0,0.0,0.0
480014,Pietro Ceccaroni,2021/2022,55,Serie A,7881,Venezia,Center Back,,2.0,2.28,2.39,3122.0,5.0,41.7,4.0,26.0,0.0,124.0,62.6,39.0,55.7,2.0,2.1936743119999997,2.3897999999999997,16.0,0.0,0.08550026799999999,0.0,3.0
1130691,Kamaldeen Sulemana,2021/2022,53,Ligue 1,9851,Rennes,Attacking Midfielder,M,4.0,2.33,2.2,1016.0,54.0,58.7,25.0,14.0,0.0,96.0,51.3,5.0,62.5,4.0,1.892274597,1.7255,11.0,0.0,0.420267719,0.4743,15.0
365672,Sofiane Boufal,2021/2022,53,Ligue 1,8121,Angers,Attacking Midfielder,M,8.0,8.53,10.44,2344.0,90.0,45.5,75.0,80.0,2.0,226.0,44.4,12.0,24.5,8.0,7.309623413000001,8.4167,31.0,0.0,1.3990902390000002,1.4547,32.0
701154,Kylian Mbappé,2021/2022,53,Ligue 1,9847,Paris Saint-Germain,Striker,F,28.0,23.93,22.86,3029.0,111.0,54.4,57.0,53.0,4.0,179.0,48.2,4.0,26.7,25.0,22.62402317,20.037300000000005,108.0,3.0,1.2599677410000003,2.2106999999999997,39.0
575225,Gelson Martins,2021/2022,53,Ligue 1,9829,Monaco,Right Winger,,4.0,5.95,5.6,1917.0,62.0,54.9,23.0,33.0,0.0,159.0,51.0,22.0,48.9,4.0,5.2456487517775265,5.1004000000000005,23.0,0.0,0.425598719,0.5044,7.0
179515,Téji Savanier,2021/2022,53,Ligue 1,10249,Montpellier,Attacking Midfielder,M,8.0,7.09,9.61,2421.0,76.0,65.5,36.0,77.0,0.0,212.0,54.2,14.0,37.8,5.0,4.945126859,5.252225296753053,27.0,3.0,2.142459090803135,4.704286039367085,54.0
19533,Neymar,2021/2022,53,Ligue 1,9847,Paris Saint-Germain,Attacking Midfielder,M,13.0,10.7,11.54,1861.0,58.0,46.0,65.0,70.0,1.0,162.0,46.0,5.0,55.6,13.0,9.801068217000001,10.624899999999998,36.0,0.0,1.0043058489999999,0.9115000000000001,18.0
766435,Lucas Paquetá,2021/2022,53,Ligue 1,9748,Lyon,Attacking Midfielder,M,9.0,9.74,11.09,2707.0,81.0,68.6,78.0,64.0,1.0,257.0,50.2,44.0,47.8,9.0,8.087244146349915,10.032117176079748,50.0,0.0,1.841757379,0.928,37.0
30981,Lionel Messi,2021/2022,53,Ligue 1,9847,Paris Saint-Germain,Striker,F,6.0,10.08,9.3,2152.0,64.0,64.6,41.0,35.0,0.0,113.0,54.3,5.0,62.5,4.0,7.599267644999999,7.3533,46.0,2.0,2.4749895220000004,1.9447,43.0
776299,Houssem Aouar,2021/2022,53,Ligue 1,9748,Lyon,Attacking Midfielder,M,6.0,6.31,5.94,2507.0,70.0,54.3,52.0,39.0,0.0,161.0,46.5,6.0,22.2,4.0,5.36126885661499,5.2915868461608895,48.0,2.0,1.4640165989047735,1.7326609449386599,28.0
155623,Ryad Boudebouz,2021/2022,53,Ligue 1,9853,Saint-Etienne,Central Midfielder,M,3.0,2.27,2.91,2265.0,55.0,67.9,43.0,29.0,0.0,123.0,42.9,13.0,16.2,3.0,1.593578752,1.8731,9.0,0.0,0.6720526630985527,0.8284,19.0
360166,Opa Nguette,2021/2022,53,Ligue 1,8550,Metz,forward,F,2.0,2.16,1.3,1043.0,25.0,52.1,39.0,24.0,0.0,91.0,45.7,21.0,45.7,2.0,1.928910518,1.18766061498282,16.0,0.0,0.228384157,0.117050405049162,7.0
904021,Romain Faivre,2021/2022,53,Ligue 1,8521,Brest,Right Winger,,10.0,8.52,8.95,2687.0,65.0,50.0,42.0,44.0,0.0,157.0,47.4,8.0,34.8,8.0,6.9499883429999985,7.5173000000000005,29.0,2.0,1.342349753,1.4315,28.0
602211,Seko Fofana,2021/2022,53,Ligue 1,8588,Lens,Central Midfielder,M,8.0,6.89,7.84,3363.0,79.0,64.2,50.0,45.0,0.0,166.0,48.3,18.0,56.2,7.0,4.568348229,5.470400000000001,46.0,1.0,1.8465707179999997,2.3737,51.0
953812,Sofiane Diop,2021/2022,53,Ligue 1,9829,Monaco,Attacking Midfielder,M,6.0,6.08,3.54,1957.0,46.0,55.4,34.0,41.0,1.0,137.0,46.4,13.0,31.7,5.0,4.948478406000001,4.5344512647505395,25.0,1.0,0.6070502040000001,0.724701642394014,12.0
664962,Denis Bouanga,2021/2022,53,Ligue 1,9853,Saint-Etienne,Left Winger,,9.0,7.86,7.57,2447.0,56.0,46.3,64.0,48.0,0.0,217.0,41.2,68.0,42.0,9.0,6.668371689133317,6.899958508336543,53.0,0.0,1.3952666435934087,0.7454999999999999,31.0
181197,Nicolas de Préville,2021/2022,53,Ligue 1,8550,Metz,forward,F,5.0,2.99,3.51,1978.0,45.0,56.2,51.0,55.0,0.0,164.0,44.6,47.0,43.5,4.0,1.772285174,2.1630000000000003,16.0,1.0,1.00571353,0.49829999999999997,25.0
844437,Amine Gouiri,2021/2022,53,Ligue 1,9831,Nice,Striker,F,10.0,11.97,12.45,2763.0,62.0,51.2,56.0,33.0,1.0,129.0,40.7,13.0,34.2,9.0,10.350538988999999,10.878653291639852,50.0,1.0,1.493381915,1.4764,26.0
794253,Justin Kluivert,2021/2022,53,Ligue 1,9831,Nice,Attacking Midfielder,M,4.0,2.84,2.4,1882.0,41.0,51.2,35.0,28.0,0.0,102.0,42.1,14.0,53.8,4.0,2.344285871,2.3992000000000004,18.0,0.0,0.4914807000000001,0.0,12.0
1076647,Lucas Da Cunha,2021/2022,53,Ligue 1,9831,Nice,Defensive Midfielder,,2.0,2.61,1.85,1235.0,28.0,50.9,29.0,9.0,0.0,80.0,44.7,14.0,41.2,1.0,1.7967677480000002,0.844,10.0,1.0,0.696009221,1.0106,18.0
865030,Rominigue Kouamé,2021/2022,53,Ligue 1,10242,Troyes,Central Midfielder,M,1.0,2.39,1.81,2975.0,64.0,69.6,32.0,65.0,0.0,193.0,54.1,17.0,37.0,0.0,0.971214209,0.7236,7.0,1.0,1.4324983758161158,1.48914616966759,30.0
1011026,Jim Allevinah,2021/2022,53,Ligue 1,8311,Clermont Foot,Right Winger,,1.0,3.02,2.46,1481.0,32.0,47.1,40.0,34.0,0.0,100.0,44.4,17.0,41.5,1.0,1.909643117,2.08515865694398,21.0,0.0,0.8953771159999999,0.8612,22.0
780815,Amine Harit,2021/2022,53,Ligue 1,8592,Marseille,Left Winger,,4.0,2.54,2.64,1162.0,25.0,44.6,32.0,39.0,0.0,88.0,46.8,7.0,33.3,4.0,2.307021852,2.4479999999999995,10.0,0.0,0.22945842700000002,0.188,5.0
846002,Yacine Adli,2021/2022,53,Ligue 1,9827,Bordeaux,Attacking Midfielder,M,1.0,2.02,2.2,2261.0,46.0,57.5,47.0,27.0,0.0,128.0,43.0,12.0,38.7,1.0,1.0815639750000001,1.0157000000000003,13.0,0.0,0.8834472329999999,1.1871,19.0
823825,Randal Kolo Muani,2021/2022,53,Ligue 1,9830,Nantes,Striker,F,12.0,10.57,8.88,2954.0,60.0,50.0,73.0,72.0,1.0,226.0,41.9,68.0,37.6,12.0,10.531074393,8.767399999999999,50.0,0.0,0.156255162,0.115,4.0
541933,Mama Baldé,2021/2022,53,Ligue 1,10242,Troyes,Left Winger,,3.0,6.65,4.92,1723.0,34.0,43.6,39.0,26.0,1.0,125.0,40.8,26.0,38.2,3.0,6.3934805065003655,5.139188284109483,33.0,0.0,0.40260077643433667,1.2092999999999998,15.0
693171,Ludovic Blas,2021/2022,53,Ligue 1,9830,Nantes,Right Midfielder,,10.0,11.9,11.85,2973.0,60.0,40.5,79.0,55.0,1.0,165.0,38.1,17.0,36.2,10.0,10.316518167999996,11.0328,48.0,0.0,1.467208469,0.8143,42.0
934675,Jean Lucas,2021/2022,53,Ligue 1,9829,Monaco,Central Midfielder,M,1.0,2.52,2.1,1449.0,28.0,65.1,24.0,25.0,0.0,110.0,49.3,14.0,35.9,1.0,1.9679024520000001,1.6449,12.0,0.0,0.4916409729999999,0.45009999999999994,14.0
1049799,Nathanaël Mbuku,2021/2022,53,Ligue 1,9837,Reims,Left Winger,,2.0,2.4,2.11,1417.0,26.0,61.9,25.0,39.0,0.0,89.0,56.0,10.0,41.7,2.0,2.1194607480000003,2.094,21.0,0.0,0.26190264,0.42220735583619,12.0
506887,Jodel Dossou,2021/2022,53,Ligue 1,8311,Clermont Foot,forward,F,3.0,5.28,3.28,2015.0,39.0,52.7,41.0,38.0,1.0,120.0,46.0,7.0,31.8,3.0,4.656775437000002,3.2895107095678275,40.0,0.0,0.35518201499999996,0.1031,12.0
426906,Karl Toko Ekambi,2021/2022,53,Ligue 1,9748,Lyon,Striker,F,12.0,12.86,12.57,2304.0,44.0,52.4,39.0,16.0,0.0,106.0,44.7,34.0,61.8,12.0,12.94170315765536,11.632962416267393,63.0,0.0,0.5885565031685658,0.9583999999999999,13.0
46509,Ángel Di Maria,2021/2022,53,Ligue 1,9847,Paris Saint-Germain,Attacking Midfielder,M,5.0,5.33,7.65,1653.0,31.0,50.8,16.0,14.0,1.0,74.0,49.0,,,4.0,4.509444525,5.6581,27.0,1.0,0.853701448,1.993,24.0
1197030,Hugo Ekitiké,2021/2022,53,Ligue 1,9837,Reims,Striker,F,10.0,6.79,8.61,1274.0,23.0,48.9,22.0,31.0,2.0,98.0,48.5,26.0,44.1,8.0,7.4529238499999995,7.572876245939031,26.0,2.0,0.168754944,0.7288,5.0
935769,Armand Laurienté,2021/2022,53,Ligue 1,8689,Lorient,Left Winger,,6.0,7.53,5.5,2492.0,44.0,47.8,52.0,41.0,0.0,129.0,41.7,11.0,33.3,5.0,5.975877172,3.9494000000000007,49.0,1.0,1.58868051,1.5537,36.0
800624,Calvin Stengs,2021/2022,53,Ligue 1,9831,Nice,Right Winger,,1.0,2.73,1.61,1070.0,19.0,46.3,30.0,7.0,0.0,44.0,32.4,2.0,13.3,1.0,2.231157933,1.4346999999999999,12.0,0.0,0.47773013099999995,0.0265,9.0
467486,Moses Simon,2021/2022,53,Ligue 1,9830,Nantes,Left Winger,,6.0,4.76,5.85,2346.0,41.0,44.1,52.0,26.0,0.0,99.0,39.8,16.0,42.1,5.0,4.08399331,4.7214,34.0,1.0,0.559927926,1.0952,8.0
759580,Stephy Mavididi,2021/2022,53,Ligue 1,10249,Montpellier,Left Winger,,8.0,7.59,6.26,2309.0,40.0,41.7,61.0,44.0,0.0,115.0,36.6,8.0,18.2,6.0,7.061064870490257,4.506119017362595,38.0,2.0,1.0411264223209848,1.934898590193313,22.0
980793,Khéphren Thuram-Ulien,2021/2022,53,Ligue 1,9831,Nice,Defensive Midfielder,,4.0,3.37,3.95,1896.0,32.0,74.4,23.0,14.0,1.0,100.0,48.8,21.0,48.8,3.0,2.121730825,3.5176,13.0,1.0,0.6237903840000001,0.4354,10.0
1138769,David Da Costa,2021/2022,53,Ligue 1,8588,Lens,Attacking Midfielder,M,3.0,2.26,2.11,1462.0,24.0,64.9,24.0,14.0,0.0,61.0,45.9,1.0,8.3,3.0,1.637380128,2.0077000000000003,12.0,0.0,0.476433661,0.10179999999999999,13.0
744494,Gabriel Gudmundsson,2021/2022,53,Ligue 1,8639,Lille,Left Wing-Back,,1.0,2.2,1.36,1337.0,22.0,55.0,20.0,20.0,0.0,101.0,49.8,16.0,43.2,1.0,2.0306428640000003,1.1657,11.0,0.0,0.19931748900000001,0.1897,8.0
611528,Angelo Fulgini,2021/2022,53,Ligue 1,8121,Angers,Central Midfielder,M,5.0,5.75,7.03,2945.0,49.0,39.2,55.0,84.0,0.0,201.0,46.2,34.0,43.6,4.0,5.0050708770000005,5.598600000000001,37.0,1.0,0.7454253180000001,1.4358,21.0
445856,Wesley Saïd,2021/2022,53,Ligue 1,8588,Lens,Attacking Midfielder,M,5.0,4.19,4.29,649.0,10.0,76.9,6.0,6.0,1.0,32.0,44.4,6.0,42.9,5.0,3.632768701,4.2656,20.0,0.0,0.7095470479999999,0.0266,6.0
163205,Gaël Kakuta,2021/2022,53,Ligue 1,8588,Lens,Striker,F,3.0,3.68,4.71,1685.0,27.0,50.9,36.0,33.0,0.0,94.0,44.8,13.0,36.1,3.0,2.734554171,3.479,15.0,0.0,0.726177432,1.2355999999999998,26.0
1073143,Azzedine Ounahi,2021/2022,53,Ligue 1,8121,Angers,Attacking Midfielder,M,2.0,2.04,1.14,1622.0,26.0,46.4,33.0,26.0,1.0,104.0,44.8,13.0,44.8,1.0,1.303276278,0.6826,7.0,1.0,0.7321110750000001,0.4528,19.0
586388,Aleksandr Golovin,2021/2022,53,Ligue 1,9829,Monaco,Attacking Midfielder,M,3.0,2.68,3.6,1504.0,22.0,71.0,21.0,21.0,0.0,89.0,50.6,7.0,35.0,3.0,2.098449851,2.6683,10.0,0.0,0.585984913,0.9339,13.0
1107280,Pape Sarr,2021/2022,53,Ligue 1,8550,Metz,Central Midfielder,M,1.0,2.07,2.42,2129.0,30.0,54.5,25.0,22.0,0.0,127.0,49.8,30.0,48.4,1.0,1.4551108959999999,0.8153,7.0,0.0,0.6175023159999999,0.9180999999999999,24.0
166019,Wahbi Khazri,2021/2022,53,Ligue 1,9853,Saint-Etienne,forward,F,10.0,7.72,6.68,2237.0,33.0,48.5,48.0,47.0,1.0,125.0,43.0,13.0,24.5,8.0,6.742451732,7.596953290373445,36.0,2.0,0.980424631,1.1362,37.0
770340,Arnaud Nordin,2021/2022,53,Ligue 1,9853,Saint-Etienne,Left Winger,,4.0,3.56,4.51,1874.0,27.0,45.0,29.0,48.0,1.0,112.0,45.9,16.0,30.8,4.0,3.197833874,3.1718,33.0,0.0,0.34755087,1.3392,12.0
466478,Jonathan Bamba,2021/2022,53,Ligue 1,8639,Lille,Left Winger,,1.0,3.07,2.82,2437.0,34.0,33.0,57.0,56.0,0.0,136.0,43.3,16.0,45.7,1.0,2.2583391109999997,1.7572999999999999,26.0,0.0,0.7542766179999999,1.0632,25.0
914458,Aurélien Tchouaméni,2021/2022,53,Ligue 1,9829,Monaco,Central Midfielder,M,3.0,2.03,1.57,2933.0,38.0,73.1,30.0,59.0,0.0,260.0,63.6,77.0,70.0,2.0,1.1310966639999998,0.7807,21.0,1.0,0.903263857,0.7861000000000001,34.0
481044,Saîf-Eddine Khaoui,2021/2022,53,Ligue 1,8311,Clermont Foot,Attacking Midfielder,M,1.0,2.19,1.92,925.0,12.0,70.6,13.0,15.0,0.0,47.0,51.1,1.0,12.5,1.0,1.8377999560000002,1.8595,13.0,0.0,0.26193215799999997,0.06309999999999999,7.0
562719,Valentin Rongier,2021/2022,53,Ligue 1,8592,Marseille,Central Midfielder,M,0.0,2.39,3.16,2197.0,30.0,63.8,15.0,28.0,0.0,154.0,55.4,19.0,41.3,0.0,1.774305861,2.1681999999999997,11.0,0.0,0.6180642299999999,0.9871,17.0
428815,Flavien Tait,2021/2022,53,Ligue 1,9851,Rennes,midfielder,M,5.0,3.14,2.77,2131.0,29.0,60.4,32.0,48.0,1.0,113.0,48.7,8.0,36.4,3.0,1.6127625560000007,1.9353129296103202,18.0,2.0,0.9830709999999999,0.8360000000000001,24.0
317062,Adrien Thomasson,2021/2022,53,Ligue 1,9848,Strasbourg,Defensive Midfielder,,8.0,6.18,5.94,2395.0,31.0,56.4,34.0,34.0,0.0,145.0,43.9,16.0,34.8,7.0,5.746132187999997,6.46280636206336,37.0,1.0,0.404346325,0.24609999999999999,11.0
1180718,Mohamed-Ali Cho,2021/2022,53,Ligue 1,8121,Angers,Right Winger,,4.0,6.39,5.64,1845.0,25.0,43.1,32.0,44.0,0.0,94.0,36.4,15.0,20.3,4.0,5.945823027,5.176800000000001,32.0,0.0,0.531810917,0.459,10.0
179845,Romain Hamouma,2021/2022,53,Ligue 1,9853,Saint-Etienne,Striker,F,2.0,2.91,2.48,881.0,12.0,35.3,13.0,12.0,0.0,38.0,33.0,4.0,26.7,1.0,2.601836951,1.4644,14.0,1.0,0.31088618100000004,1.0201,9.0
725398,Mathias Pereira Lage,2021/2022,53,Ligue 1,8121,Angers,Attacking Midfielder,M,4.0,2.62,1.35,1035.0,13.0,65.0,8.0,14.0,1.0,62.0,41.1,14.0,32.6,4.0,2.41620784,1.3514000000000002,10.0,0.0,0.207612069,0.0,9.0
580604,Gérson,2021/2022,53,Ligue 1,8592,Marseille,Defensive Midfielder,,9.0,4.92,5.03,2552.0,30.0,63.8,31.0,67.0,2.0,162.0,54.0,25.0,56.8,7.0,4.361583131,4.282299999999999,29.0,2.0,0.5622561410000001,0.7491,16.0
612699,Florian Sotoca,2021/2022,53,Ligue 1,8588,Lens,Attacking Midfielder,M,6.0,8.65,7.06,2485.0,30.0,60.0,26.0,34.0,0.0,184.0,52.6,90.0,63.8,5.0,7.913592812999998,6.186400000000001,53.0,1.0,0.595214859,0.8763999999999998,18.0
891373,Mohamed Bayo,2021/2022,53,Ligue 1,8311,Clermont Foot,Striker,F,14.0,14.06,12.6,2425.0,29.0,52.7,37.0,5.0,0.0,90.0,37.2,44.0,45.8,14.0,14.332265930000002,14.189530891968722,55.0,0.0,0.668687322,0.15510000000000002,11.0
885005,Terem Moffi,2021/2022,53,Ligue 1,8689,Lorient,Striker,F,8.0,10.89,8.93,2734.0,33.0,52.4,43.0,18.0,1.0,113.0,35.9,45.0,34.6,8.0,10.208820729999996,7.808400000000001,43.0,0.0,0.8450776200000001,1.1253,17.0
889536,Timothy Weah,2021/2022,53,Ligue 1,8639,Lille,Right Wing-Back,,3.0,3.73,3.93,1619.0,19.0,51.4,21.0,20.0,1.0,79.0,47.6,22.0,43.1,3.0,3.7161160699999995,3.7952,20.0,0.0,0.369278529,0.134,14.0
348420,Renaud Ripart,2021/2022,53,Ligue 1,10242,Troyes,Striker,F,2.0,3.08,3.37,1901.0,23.0,47.9,35.0,41.0,1.0,139.0,45.1,37.0,40.2,2.0,2.6455792560000004,3.0107294573573045,28.0,0.0,0.41560498,0.341573315652973,13.0
501543,Franck Honorat,2021/2022,53,Ligue 1,8521,Brest,Right Winger,,11.0,4.29,7.29,2909.0,37.0,46.8,30.0,21.0,3.0,130.0,46.9,18.0,36.0,10.0,3.523109699,5.731301077779509,36.0,1.0,0.774092393,1.5611059434073398,24.0
1095445,Arnaud Kalimuendo-Muinga,2021/2022,53,Ligue 1,8588,Lens,Striker,F,12.0,9.19,9.1,2171.0,27.0,44.3,61.0,33.0,0.0,73.0,34.6,4.0,13.3,11.0,7.417649452000001,8.0255,44.0,1.0,1.549743596,1.0763999999999998,18.0
780491,Rémi Oudin,2021/2022,53,Ligue 1,9827,Bordeaux,Attacking Midfielder,M,4.0,3.46,3.95,1739.0,19.0,63.3,14.0,14.0,0.0,84.0,54.5,17.0,50.0,3.0,2.41880867176389,2.6098840820789335,26.0,1.0,0.921972996857811,1.336759632074833,31.0
770321,Mahdi Camara,2021/2022,53,Ligue 1,9853,Saint-Etienne,Central Midfielder,M,3.0,2.55,3.6,3075.0,35.0,62.5,33.0,44.0,2.0,210.0,55.3,31.0,41.3,3.0,2.034370887,2.7532000000000005,14.0,0.0,0.49017014799999997,0.8462,14.0
509148,Moussa Dembélé,2021/2022,53,Ligue 1,9748,Lyon,Striker,F,21.0,20.02,18.62,2209.0,25.0,59.5,44.0,19.0,3.0,122.0,44.2,60.0,50.0,21.0,19.521520352050544,18.255785360598562,82.0,0.0,0.36346449481341603,0.0267,6.0
863708,Ignatius Ganago,2021/2022,53,Ligue 1,8588,Lens,Striker,F,5.0,4.32,3.02,1018.0,11.0,55.0,21.0,10.0,0.0,43.0,37.1,19.0,38.0,5.0,4.013313546,2.7394,26.0,0.0,0.17659185800000002,0.2804,5.0
196972,Elbasan Rashani,2021/2022,53,Ligue 1,8311,Clermont Foot,Left Winger,,8.0,5.34,5.3,1770.0,19.0,54.3,30.0,30.0,0.0,109.0,39.5,21.0,31.3,8.0,4.801028999000001,5.296,26.0,0.0,0.37225997699999996,0.0,4.0
25496,Dimitri Payet,2021/2022,53,Ligue 1,8592,Marseille,midfielder,M,12.0,10.57,11.24,2594.0,29.0,53.7,34.0,43.0,1.0,91.0,47.9,3.0,30.0,9.0,8.020463039000001,8.96359181525638,22.0,3.0,2.551916086999999,2.279,46.0
660327,Ibrahima Sissoko,2021/2022,53,Ligue 1,9848,Strasbourg,Defensive Midfielder,,2.0,2.77,2.34,2305.0,25.0,53.2,32.0,28.0,1.0,159.0,48.6,59.0,66.3,2.0,2.243690998,2.1678,18.0,0.0,0.31107160699999997,0.17596837082971,8.0
601145,Habibou Mouhamadou Diallo,2021/2022,53,Ligue 1,9848,Strasbourg,Striker,F,11.0,8.55,10.16,1536.0,17.0,51.5,24.0,20.0,0.0,102.0,45.3,57.0,47.1,10.0,8.526748241,10.225191748172824,43.0,1.0,0.447061306,0.8586,8.0
1250253,Dango Ouattara,2021/2022,53,Ligue 1,8689,Lorient,Right Winger,,1.0,2.33,0.95,798.0,9.0,42.9,9.0,20.0,0.0,71.0,49.7,21.0,51.2,1.0,1.909780814,0.7611,16.0,0.0,0.226138834,0.1898,8.0
603477,Cengiz Ünder,2021/2022,53,Ligue 1,8592,Marseille,Right Winger,,10.0,6.96,6.78,2206.0,25.0,36.8,26.0,33.0,1.0,85.0,45.7,10.0,55.6,9.0,5.775801925,5.6494,39.0,1.0,0.5942268409999999,0.6541999999999999,19.0
562682,Alberth Elis,2021/2022,53,Ligue 1,9827,Bordeaux,forward,F,9.0,6.65,6.69,1414.0,16.0,35.6,31.0,23.0,1.0,84.0,38.2,26.0,37.7,8.0,6.025813169135094,6.4533155370445,28.0,1.0,0.568246715,0.2351,3.0
1177312,Sékou Mara,2021/2022,53,Ligue 1,9827,Bordeaux,Striker,F,6.0,5.39,3.45,897.0,10.0,32.3,16.0,24.0,1.0,72.0,42.4,30.0,45.5,5.0,4.814232874,2.9919,26.0,1.0,0.359772272,0.4066,12.0
955406,William Saliba,2021/2022,53,Ligue 1,8592,Marseille,Center Back,,0.0,2.71,1.67,3240.0,31.0,75.6,16.0,11.0,0.0,142.0,64.0,46.0,61.3,0.0,1.5996896939999998,0.5723999999999999,16.0,0.0,0.054844536,0.0,1.0
1185748,Amadou Onana,2021/2022,53,Ligue 1,8639,Lille,Defensive Midfielder,,1.0,2.48,2.46,1347.0,13.0,61.9,9.0,25.0,0.0,110.0,59.5,25.0,54.3,1.0,2.4027862090000003,1.2586,10.0,0.0,0.199062124,0.775,5.0
800609,Mattéo Guendouzi,2021/2022,53,Ligue 1,8592,Marseille,Defensive Midfielder,,4.0,3.5,4.51,3154.0,30.0,58.8,44.0,67.0,2.0,165.0,51.7,23.0,43.4,4.0,2.6584021410000003,3.4169,26.0,0.0,0.844966998,1.0912,24.0
715301,Jonathan Clauss,2021/2022,53,Ligue 1,8588,Lens,Right Wing-Back,,5.0,2.99,5.11,3060.0,29.0,48.3,13.0,14.0,0.0,122.0,49.8,16.0,59.3,1.0,1.6764115979999992,1.2119,17.0,4.0,1.314279688,3.2212,23.0
770136,Martin Terrier,2021/2022,53,Ligue 1,9851,Rennes,Attacking Midfielder,M,21.0,14.17,16.74,2799.0,28.0,47.5,23.0,41.0,1.0,165.0,52.9,41.0,45.1,16.0,12.898787024999995,14.277843817201887,66.0,5.0,1.114243665,2.913500000000001,22.0
210184,Wissam Ben Yedder,2021/2022,53,Ligue 1,9829,Monaco,Striker,F,25.0,18.53,22.39,2541.0,25.0,43.9,45.0,22.0,1.0,86.0,36.6,21.0,30.9,25.0,17.7164936360838,22.08885647799454,66.0,0.0,0.348279032,0.33140000000000003,6.0
866517,Myron Boadu,2021/2022,53,Ligue 1,9829,Monaco,Striker,F,4.0,6.63,4.2,943.0,8.0,50.0,12.0,11.0,0.0,43.0,39.1,15.0,33.3,4.0,6.554229252095872,4.14159629573822,20.0,0.0,0.078764759,0.0,1.0
939569,Jonathan David,2021/2022,53,Ligue 1,8639,Lille,Striker,F,15.0,14.52,14.67,2807.0,26.0,48.1,36.0,47.0,0.0,123.0,41.4,26.0,28.6,15.0,14.374221300999999,13.9556,60.0,0.0,0.38120530999999996,0.7121999999999999,10.0
770881,Achraf Hakimi,2021/2022,53,Ligue 1,9847,Paris Saint-Germain,Right Back,,4.0,2.5,3.54,2485.0,21.0,39.6,14.0,14.0,0.0,119.0,50.2,9.0,31.0,4.0,2.365294519,3.50742280334899,16.0,0.0,0.137854559,0.0288,4.0
769931,Irvin Cardona,2021/2022,53,Ligue 1,8521,Brest,Right Winger,,4.0,3.24,3.13,1327.0,12.0,36.4,19.0,14.0,0.0,52.0,37.4,13.0,40.6,3.0,2.569738443,2.946,19.0,1.0,0.29583693,0.1839,7.0
148830,Benjamin André,2021/2022,53,Ligue 1,8639,Lille,Defensive Midfielder,,2.0,2.05,1.27,2760.0,20.0,80.0,26.0,57.0,0.0,297.0,55.4,97.0,53.9,1.0,1.348738892,0.7705,14.0,1.0,0.09919300099999999,0.2999,4.0
319305,Florian Tardieu,2021/2022,53,Ligue 1,10242,Troyes,Central Midfielder,M,4.0,3.84,4.19,2631.0,20.0,66.7,19.0,37.0,0.0,143.0,57.4,30.0,60.0,4.0,3.277032728,3.7786999999999997,6.0,0.0,0.5608153390000001,0.411926157719658,18.0
640742,Kasper Dolberg,2021/2022,53,Ligue 1,9831,Nice,Striker,F,6.0,7.57,6.44,1502.0,11.0,52.4,18.0,29.0,0.0,70.0,44.3,22.0,46.8,5.0,6.054804868999998,4.5470999999999995,29.0,1.0,0.391453818,0.7675000000000001,11.0
108038,Georginio Wijnaldum,2021/2022,53,Ligue 1,9847,Paris Saint-Germain,Attacking Midfielder,M,1.0,2.08,1.68,1650.0,12.0,50.0,21.0,15.0,0.0,53.0,51.0,11.0,68.8,1.0,1.8644812299999998,0.96,17.0,0.0,0.17156143799999998,0.0,5.0
212893,Kevin Volland,2021/2022,53,Ligue 1,9829,Monaco,Attacking Midfielder,M,9.0,7.41,7.22,2448.0,18.0,47.4,34.0,28.0,2.0,99.0,34.0,29.0,31.9,9.0,6.7838932553498665,7.006137799990177,41.0,0.0,0.6116819975198631,0.21539999999999998,10.0
289251,Kalifa Coulibaly,2021/2022,53,Ligue 1,9830,Nantes,forward,F,5.0,4.94,2.97,848.0,6.0,60.0,9.0,8.0,0.0,96.0,58.5,77.0,64.7,4.0,4.565047887,2.5674,24.0,1.0,0.1360447,0.4024,2.0
266995,Stéphane Bahoken,2021/2022,53,Ligue 1,8121,Angers,forward,F,3.0,4.21,5.22,1096.0,7.0,50.0,17.0,14.0,0.0,58.0,38.9,24.0,38.7,3.0,3.4527610959999997,4.9078,18.0,0.0,0.6005777449999999,0.2657,6.0
26392,Kévin Gameiro,2021/2022,53,Ligue 1,9848,Strasbourg,Striker,F,11.0,13.25,8.39,2395.0,17.0,44.7,38.0,17.0,1.0,63.0,32.1,10.0,16.9,11.0,12.894895352999997,8.78048022408589,60.0,0.0,0.384673511,0.7275212581803481,8.0
448540,Serhou Guirassy,2021/2022,53,Ligue 1,9851,Rennes,Striker,F,9.0,8.32,7.37,1000.0,7.0,43.8,16.0,35.0,0.0,83.0,50.0,38.0,51.4,9.0,8.002586425999999,7.918483354610999,36.0,0.0,0.363045312,0.0,10.0
1054114,El Bilal Touré,2021/2022,53,Ligue 1,9837,Reims,Left Winger,,2.0,4.12,3.25,1199.0,8.0,42.1,13.0,14.0,0.0,94.0,46.8,59.0,50.0,2.0,3.935794738,3.0239048406254,28.0,0.0,0.172529147,0.2251,5.0
402419,Przemyslaw Frankowski,2021/2022,53,Ligue 1,8588,Lens,Right Midfielder,,6.0,2.46,3.2,2451.0,16.0,42.1,17.0,9.0,0.0,94.0,43.9,12.0,52.2,6.0,1.8532326460000002,3.0696000000000003,19.0,0.0,0.524114128,0.12940000000000002,15.0
183530,Andy Delort,2021/2022,53,Ligue 1,10249,Montpellier,forward,F,18.0,15.94,16.53,2716.0,19.0,40.4,26.0,46.0,1.0,187.0,46.8,110.0,49.8,15.0,14.905815099000002,15.586099999999997,81.0,3.0,1.0273191289999999,0.9405,31.0
46241,M'Baye Niang,2021/2022,53,Ligue 1,9827,Bordeaux,Striker,F,3.0,3.39,3.83,768.0,5.0,33.3,15.0,19.0,0.0,56.0,40.0,30.0,45.5,3.0,3.0234957820000004,3.3439999999999994,18.0,0.0,0.3899449609999999,0.4863,8.0
917808,Jérémy Le Douaron,2021/2022,53,Ligue 1,8521,Brest,Attacking Midfielder,M,5.0,3.99,6.21,1446.0,9.0,25.0,32.0,27.0,0.0,85.0,37.3,38.0,41.3,5.0,3.515227001,5.809599999999999,27.0,0.0,0.19041873699999998,0.1777,8.0
471153,Ludovic Ajorque,2021/2022,53,Ligue 1,9848,Strasbourg,Striker,F,12.0,10.58,11.37,2743.0,14.0,51.9,36.0,36.0,2.0,213.0,49.4,127.0,55.0,12.0,10.336110222999999,11.227290818980071,49.0,0.0,0.355275441,0.9543,10.0
990989,Giulian Biancone,2021/2022,53,Ligue 1,10242,Troyes,Center Back,,1.0,2.12,1.13,2291.0,12.0,44.4,10.0,32.0,0.0,162.0,57.2,49.0,57.6,0.0,1.478632517,0.7281,19.0,1.0,0.391129526959801,0.420545537373247,9.0
848563,Ibrahima Niane,2021/2022,53,Ligue 1,8550,Metz,forward,F,3.0,3.76,2.89,1589.0,9.0,42.9,15.0,24.0,0.0,99.0,44.8,65.0,45.1,3.0,3.432147496,2.328434548460546,31.0,0.0,0.286045396,0.40327154870557996,12.0
1213430,Elye Wahi,2021/2022,53,Ligue 1,10249,Montpellier,Striker,F,10.0,7.92,9.33,1766.0,9.0,37.5,15.0,26.0,2.0,66.0,35.9,13.0,17.6,9.0,7.607246894491112,8.697070577383043,37.0,1.0,0.5541767980000001,0.6333000000000001,6.0
319824,Florent Mollet,2021/2022,53,Ligue 1,10249,Montpellier,Attacking Midfielder,M,6.0,4.32,3.12,2649.0,15.0,35.7,30.0,50.0,0.0,109.0,41.1,14.0,36.8,4.0,3.1876788559999993,2.8143165935783294,27.0,2.0,1.1020564260000003,1.0834,28.0
1230848,Bamba Dieng,2021/2022,53,Ligue 1,8592,Marseille,Striker,F,7.0,7.85,8.31,973.0,5.0,29.4,13.0,13.0,2.0,48.0,41.4,13.0,39.4,7.0,7.616680623999999,8.3118,35.0,0.0,0.23415994199999998,0.0,2.0
955214,Jean-Clair Todibo,2021/2022,53,Ligue 1,9831,Nice,Center Back,,1.0,2.91,1.24,3116.0,14.0,73.7,7.0,10.0,0.0,153.0,60.2,70.0,60.9,1.0,2.7453153969999997,1.2378,18.0,0.0,0.058086656,0.0,1.0
277341,Yoann Touzghar,2021/2022,53,Ligue 1,10242,Troyes,forward,F,4.0,4.92,5.26,1459.0,6.0,50.0,11.0,19.0,0.0,55.0,46.6,25.0,38.5,4.0,4.819832375999999,5.687794973970833,25.0,0.0,0.122588533,0.4884,3.0
786580,Marshall Munetsi,2021/2022,53,Ligue 1,9837,Reims,Central Midfielder,M,5.0,4.22,5.16,1885.0,8.0,44.4,10.0,21.0,1.0,122.0,52.6,59.0,62.1,5.0,3.6061773720000003,3.5648,22.0,0.0,0.40453952800000004,0.6194,10.0
433677,Ui-Jo Hwang,2021/2022,53,Ligue 1,9827,Bordeaux,Attacking Midfielder,M,11.0,9.17,7.86,2523.0,11.0,32.4,22.0,23.0,0.0,58.0,34.3,14.0,24.6,7.0,8.074782726651735,5.51351817220278,37.0,4.0,0.857251289,2.00358108599888,18.0
696646,Axel Disasi,2021/2022,53,Ligue 1,9829,Monaco,Center Back,,1.0,2.14,1.35,2725.0,9.0,90.0,5.0,13.0,0.0,135.0,55.6,71.0,62.3,1.0,2.127265193,1.2551999999999999,19.0,0.0,0.016687959,0.0,1.0
240235,Danilo Pereira,2021/2022,53,Ligue 1,9847,Paris Saint-Germain,Center Back,,5.0,3.19,2.62,2037.0,7.0,50.0,6.0,23.0,0.0,94.0,59.9,31.0,66.0,3.0,3.0095422640000002,2.0096000000000003,16.0,2.0,0.147716243,0.6054,3.0
441871,Benjamin Bourigeaud,2021/2022,53,Ligue 1,9851,Rennes,Defensive Midfielder,,11.0,6.58,7.45,3213.0,9.0,42.9,20.0,8.0,0.0,77.0,35.2,14.0,23.7,10.0,4.827665561,5.9186000000000005,33.0,1.0,0.846958706,0.82581091719921,18.0
478527,Steve Mounié,2021/2022,53,Ligue 1,8521,Brest,Striker,F,9.0,11.71,8.59,2310.0,8.0,32.0,22.0,28.0,0.0,276.0,55.8,224.0,64.4,9.0,11.722126545,8.562299999999999,63.0,0.0,0.362091717,0.0273,11.0
492158,Gaëtan Laborde,2021/2022,53,Ligue 1,10249,Montpellier,forward,F,15.0,16.9,14.99,3080.0,11.0,28.9,24.0,23.0,0.0,159.0,40.2,105.0,44.5,15.0,16.291318975999992,15.041403291716724,88.0,0.0,0.414809662,0.6496,12.0
881153,Gerzino Nyamsi,2021/2022,53,Ligue 1,9848,Strasbourg,Center Back,,0.0,2.12,0.6,2983.0,6.0,85.7,7.0,4.0,0.0,135.0,59.5,90.0,66.7,0.0,2.121964101,0.5954,28.0,0.0,0.0,0.0,0.0
617310,Nayef Aguerd,2021/2022,53,Ligue 1,9851,Rennes,Center Back,,2.0,2.12,1.95,2738.0,5.0,83.3,4.0,16.0,1.0,143.0,62.4,95.0,65.1,2.0,2.069875239,1.8713000000000002,25.0,0.0,0.0,0.0,0.0
693678,Wout Faes,2021/2022,53,Ligue 1,9837,Reims,Center Back,,4.0,2.27,2.16,3330.0,7.0,77.8,4.0,24.0,0.0,109.0,62.3,38.0,52.8,4.0,2.021170737,2.17052725070348,18.0,0.0,0.10501380199999999,0.105,4.0
498655,Andrei Girotto,2021/2022,53,Ligue 1,9830,Nantes,Center Back,,6.0,2.91,2.47,3150.0,6.0,54.5,5.0,28.0,0.0,225.0,56.5,108.0,61.7,4.0,2.4586127079999995,1.8532,32.0,2.0,0.46498762700000007,0.6146,13.0
690119,Pierre-Yves Hamel,2021/2022,53,Ligue 1,8311,Clermont Foot,forward,F,0.0,2.0,1.22,543.0,1.0,50.0,9.0,10.0,0.0,47.0,43.9,26.0,41.9,0.0,1.5874924899999998,1.2167,10.0,0.0,0.127222967,0.0,3.0
41098,Thomas Mangani,2021/2022,53,Ligue 1,8121,Angers,midfielder,M,7.0,5.65,6.39,2195.0,4.0,50.0,13.0,14.0,0.0,102.0,47.9,29.0,46.8,7.0,5.361645823000001,6.274500000000001,11.0,0.0,0.293471001,0.1189,7.0
407765,Alexander Djiku,2021/2022,53,Ligue 1,9848,Strasbourg,Center Back,,1.0,2.18,1.06,2697.0,7.0,43.8,7.0,28.0,0.0,155.0,59.6,70.0,69.3,1.0,2.082217322,0.9415,13.0,0.0,0.048502540999999996,0.1228,2.0
42211,Burak Yilmaz,2021/2022,53,Ligue 1,8639,Lille,Coach,,4.0,9.8,8.55,2218.0,5.0,23.8,24.0,23.0,1.0,61.0,35.1,26.0,41.9,4.0,8.712322448999998,7.7280999999999995,49.0,0.0,0.911227922,0.8263999999999999,21.0
282770,Mauro Icardi,2021/2022,53,Ligue 1,9847,Paris Saint-Germain,Striker,F,4.0,5.42,4.07,1019.0,2.0,22.2,9.0,7.0,0.0,19.0,31.1,5.0,35.7,4.0,5.391300023,3.7387308599719002,27.0,0.0,0.026974279,0.0,1.0
267365,Marquinhos,2021/2022,53,Ligue 1,9847,Paris Saint-Germain,Center Back,,5.0,3.8,3.5,2862.0,4.0,66.7,4.0,11.0,0.0,93.0,58.5,41.0,51.2,5.0,3.611526791,3.4478,18.0,0.0,0.163774268,0.05,3.0
93358,Romain Thomas,2021/2022,53,Ligue 1,8121,Angers,defender,,2.0,2.21,1.25,2566.0,2.0,66.7,5.0,19.0,0.0,137.0,56.1,68.0,63.6,2.0,2.2079000090000003,1.2527,14.0,0.0,0.0,0.0,0.0
78411,Ismaël Traoré,2021/2022,53,Ligue 1,8121,Angers,defender,,4.0,4.15,3.35,3215.0,5.0,41.7,5.0,6.0,0.0,86.0,53.4,49.0,58.3,4.0,4.089901089,3.3504,23.0,0.0,0.042097868,0.0,2.0
239259,Valère Germain,2021/2022,53,Ligue 1,10249,Montpellier,Striker,F,4.0,4.45,4.56,1972.0,2.0,28.6,19.0,27.0,0.0,105.0,37.8,55.0,34.4,4.0,4.049773718,3.9178,27.0,0.0,0.353547454,0.6407,5.0
277460,Arkadiusz Milik,2021/2022,53,Ligue 1,8592,Marseille,Striker,F,7.0,8.21,8.05,1419.0,2.0,22.2,14.0,8.0,0.0,40.0,33.1,21.0,42.9,7.0,7.7147119480000015,6.612099999999999,47.0,0.0,0.491971255,0.8202000000000002,7.0
429265,Kingsley Coman,2021/2022,42,Champions League,9823,Bayern München,Right Midfielder,,2.0,1.25,1.68,632.0,37.0,66.1,6.0,16.0,0.0,72.0,64.3,8.0,57.1,2.0,0.9289751593023536,1.6751088826502847,11.0,0.0,0.27570334635674953,0.0,10.0
860914,Luis Díaz,2021/2022,42,Champions League,9773,FC Porto,Left Winger,,4.0,3.08,3.28,908.0,36.0,63.2,16.0,10.0,0.0,62.0,43.4,6.0,23.1,4.0,2.805817086249589,3.2192047625910307,22.0,0.0,0.1843474684283137,0.06,7.0
1077894,Jude Bellingham,2021/2022,42,Champions League,9789,Borussia Dortmund,Attacking Midfielder,M,1.0,1.29,0.45,502.0,19.0,73.1,13.0,17.0,1.0,58.0,59.2,11.0,64.7,1.0,1.0470624640583996,0.211240098864637,6.0,0.0,0.24709135247394454,0.2378032938976599,8.0
660301,Donyell Malen,2021/2022,42,Champions League,9789,Borussia Dortmund,Striker,F,3.0,1.41,2.51,392.0,15.0,71.4,7.0,5.0,0.0,23.0,45.1,2.0,25.0,3.0,1.2877840530127285,2.312068887650408,7.0,0.0,0.1230250466614962,0.197247605249101,4.0
30981,Lionel Messi,2021/2022,42,Champions League,9847,Paris Saint-Germain,Striker,F,5.0,4.6,5.6,630.0,23.0,63.9,10.0,11.0,1.0,38.0,51.4,2.0,40.0,3.0,4.443303747218847,5.030416632928772,14.0,2.0,0.5319603364914656,0.5688303700072911,12.0
576165,Gabriel Jesus,2021/2022,42,Champions League,8456,Manchester City,Striker,F,4.0,1.81,2.87,352.0,12.0,80.0,5.0,3.0,0.0,22.0,47.8,2.0,25.0,4.0,1.7359106335788967,2.872160515788553,7.0,0.0,0.0707033518701792,0.0,2.0
701154,Kylian Mbappé,2021/2022,42,Champions League,9847,Paris Saint-Germain,Striker,F,6.0,3.97,4.26,673.0,23.0,57.5,10.0,11.0,2.0,37.0,48.1,2.0,25.0,6.0,3.928894801104069,3.872361496957593,24.0,0.0,0.1392115131020546,0.383463494497372,3.0
1156141,Jamal Musiala,2021/2022,42,Champions League,9823,Bayern München,Attacking Midfielder,M,1.0,1.24,0.97,448.0,15.0,60.0,4.0,5.0,0.0,34.0,52.3,4.0,66.7,1.0,1.1875066217035046,0.971303309457595,7.0,0.0,0.052400603890419,0.0,2.0
203666,Hans Vanaken,2021/2022,42,Champions League,8342,Club Brugge,Attacking Midfielder,M,3.0,2.11,3.06,540.0,16.0,76.2,7.0,5.0,0.0,43.0,55.1,16.0,64.0,3.0,1.918821763247252,2.662963020774459,11.0,0.0,0.0988846197724342,0.369863013117868,2.0
530859,Leroy Sané,2021/2022,42,Champions League,9823,Bayern München,Right Winger,,6.0,3.12,4.7,798.0,24.0,72.7,20.0,5.0,0.0,44.0,52.4,1.0,33.3,3.0,2.683337152004241,4.377348055842979,14.0,3.0,0.6048770118504763,0.322381478777608,20.0
246575,Raheem Sterling,2021/2022,42,Champions League,8456,Manchester City,Left Winger,,3.0,3.23,3.28,579.0,17.0,63.0,10.0,10.0,0.0,38.0,49.4,3.0,60.0,2.0,3.2038186471909285,2.6765408869053746,13.0,1.0,0.069041826762259,0.602,3.0
385437,Serge Gnabry,2021/2022,42,Champions League,9823,Bayern München,Attacking Midfielder,M,3.0,2.28,3.14,391.0,11.0,68.8,10.0,1.0,0.0,21.0,47.7,2.0,50.0,3.0,2.6467193327844147,3.137118200594072,17.0,0.0,0.0188865810632706,0.0,1.0
846033,Vinícius Júnior,2021/2022,42,Champions League,8633,Real Madrid,Left Winger,,4.0,3.71,2.98,1199.0,32.0,43.8,28.0,25.0,1.0,79.0,45.4,1.0,33.3,4.0,3.587719354778528,2.9848008479260373,24.0,0.0,0.117816461250186,0.0,3.0
292462,Mohamed Salah,2021/2022,42,Champions League,8650,Liverpool,Right Winger,,8.0,8.23,10.66,1009.0,26.0,51.0,31.0,12.0,0.0,49.0,38.9,4.0,26.7,7.0,7.089577771800757,9.080838119784712,36.0,1.0,0.8262532353401182,1.5787858444102831,7.0
357080,Lucas Ocampos,2021/2022,42,Champions League,8302,Sevilla,Left Winger,,1.0,1.42,0.93,463.0,12.0,40.0,9.0,18.0,0.0,41.0,48.2,4.0,40.0,1.0,1.2781870104372504,0.597799559775529,7.0,0.0,0.139670206233859,0.3278713657740586,5.0
950561,Darwin Núñez,2021/2022,42,Champions League,9772,Benfica,Striker,F,6.0,3.13,5.16,613.0,13.0,72.2,12.0,7.0,0.0,43.0,46.7,17.0,43.6,6.0,2.71040432345271,5.158313748649,13.0,0.0,0.41990199871361256,0.0,4.0
895362,Rodrygo,2021/2022,42,Champions League,8633,Real Madrid,Left Winger,,5.0,2.47,4.08,504.0,10.0,55.6,7.0,10.0,0.0,30.0,42.9,2.0,13.3,5.0,2.084153031930329,4.0798532286282,19.0,0.0,0.3330987244844435,0.0,4.0
688295,Christian Pulisic,2021/2022,42,Champions League,8455,Chelsea,Striker,F,2.0,1.42,1.5,368.0,7.0,53.8,4.0,4.0,0.0,16.0,39.0,2.0,18.2,2.0,0.890287775546312,1.5029,5.0,0.0,0.0170212145894766,0.0,1.0
303339,Sadio Mané,2021/2022,42,Champions League,8650,Liverpool,Left Midfielder,,5.0,4.98,5.79,824.0,16.0,50.0,16.0,19.0,0.0,54.0,41.5,10.0,29.4,5.0,4.8195401318371305,4.884192458789371,18.0,0.0,0.1252485048025847,0.0,3.0
570461,Diogo Jota,2021/2022,42,Champions League,8650,Liverpool,forward,F,1.0,3.16,3.42,578.0,11.0,35.5,10.0,6.0,1.0,30.0,32.6,5.0,25.0,1.0,3.1838329955935474,3.311827187823952,14.0,0.0,0.1102009899914265,0.106556578166924,2.0
116555,Duván Zapata,2021/2022,42,Champions League,8524,Atalanta,Striker,F,3.0,2.15,2.49,464.0,8.0,66.7,16.0,6.0,0.0,25.0,43.1,7.0,53.8,3.0,2.097285515628755,2.3722510158710333,19.0,0.0,0.10596072161570189,0.118229532617078,3.0
278343,Riyad Mahrez,2021/2022,42,Champions League,8456,Manchester City,Right Winger,,7.0,5.85,7.86,987.0,17.0,63.0,5.0,20.0,1.0,59.0,56.7,3.0,37.5,7.0,5.5112906061887745,6.7858910802875805,28.0,0.0,0.3182852100580931,1.07873959649707,9.0
704151,Arnaut Danjuma,2021/2022,42,Champions League,10205,Villarreal,Left Midfielder,,6.0,4.62,6.26,906.0,16.0,42.1,14.0,7.0,0.0,28.0,34.6,3.0,21.4,6.0,4.509407598564028,6.212084739722795,22.0,0.0,0.10949841700494302,0.046865500662686,3.0
967622,Antony,2021/2022,42,Champions League,8593,Ajax,Right Winger,,2.0,1.45,2.49,577.0,10.0,37.0,9.0,9.0,0.0,36.0,46.2,6.0,54.5,2.0,1.1513583287596696,1.6505853257606482,18.0,0.0,0.2906354907900094,0.636497205927649,8.0
488139,Bernardo Silva,2021/2022,42,Champions League,8456,Manchester City,Attacking Midfielder,M,3.0,1.39,0.84,880.0,15.0,53.6,13.0,6.0,0.0,37.0,37.4,,,3.0,2.2447040602564816,0.84,7.0,0.0,0.0,0.0,0.0
643690,Roman Yaremchuk,2021/2022,42,Champions League,9772,Benfica,Striker,F,3.0,2.87,2.53,515.0,8.0,66.7,12.0,13.0,0.0,34.0,46.6,11.0,36.7,3.0,2.7643812187015997,2.424573058491199,12.0,0.0,0.1223278045654297,0.10178595183177759,3.0
129944,Marco Reus,2021/2022,42,Champions League,9789,Borussia Dortmund,Attacking Midfielder,M,3.0,3.35,4.0,499.0,8.0,61.5,10.0,3.0,0.0,24.0,46.2,1.0,20.0,3.0,3.241211319419742,3.901119496433326,12.0,0.0,0.1101179756224156,0.1018933076236807,4.0
360559,Hakim Ziyech,2021/2022,42,Champions League,8455,Chelsea,Right Winger,,1.0,1.42,1.48,446.0,7.0,35.0,9.0,8.0,0.0,26.0,38.2,4.0,40.0,1.0,1.1924568992108107,1.3507181673098536,10.0,0.0,0.2251066230237484,0.129891481274331,4.0
939569,Jonathan David,2021/2022,42,Champions League,8639,Lille,Striker,F,3.0,2.47,2.58,679.0,10.0,66.7,16.0,12.0,0.0,30.0,41.1,2.0,11.8,3.0,2.2076877300083635,2.394562432954903,8.0,0.0,0.25842924043536203,0.1874845117547422,4.0
30893,Cristiano Ronaldo,2021/2022,42,Champions League,10260,Manchester United,Striker,F,6.0,2.19,4.23,611.0,9.0,60.0,3.0,11.0,0.0,31.0,50.8,9.0,33.3,4.0,1.8419751133769753,3.312315152678404,14.0,2.0,0.34947110433131456,0.9159521187338946,8.0
169200,Kevin De Bruyne,2021/2022,42,Champions League,8456,Manchester City,Attacking Midfielder,M,2.0,1.68,2.19,734.0,11.0,57.9,11.0,9.0,0.0,29.0,40.3,2.0,33.3,2.0,1.002623686566949,1.6661703892167519,10.0,0.0,0.6697635482996698,0.5213680072606319,14.0
94267,Dusan Tadic,2021/2022,42,Champions League,8593,Ajax,Attacking Midfielder,M,2.0,1.62,1.41,630.0,9.0,50.0,20.0,9.0,0.0,29.0,35.4,3.0,27.3,2.0,1.5581497764214882,1.90593648423481,9.0,0.0,0.07008698582649231,0.0,2.0
959594,Karim Adeyemi,2021/2022,42,Champions League,10013,Salzburg,Attacking Midfielder,M,3.0,4.29,3.33,610.0,9.0,34.6,9.0,18.0,4.0,34.0,43.0,4.0,33.3,3.0,4.236560460296274,3.1441713375343254,14.0,0.0,0.0584376566112041,0.189889206974486,2.0
31097,Luka Modric,2021/2022,42,Champions League,8633,Real Madrid,Central Midfielder,M,0.0,1.28,1.6,1077.0,14.0,93.3,13.0,8.0,0.0,46.0,54.8,9.0,52.9,0.0,0.9682333953678608,1.118359490322731,5.0,0.0,0.3091632984578609,0.4768,9.0
42211,Burak Yilmaz,2021/2022,42,Champions League,8639,Lille,Coach,,3.0,3.19,3.23,530.0,7.0,53.8,8.0,11.0,0.0,25.0,38.5,7.0,28.0,2.0,2.541963448786735,2.73879602439517,11.0,1.0,0.6503588035702703,0.4961579769705874,14.0
749736,Kai Havertz,2021/2022,42,Champions League,8455,Chelsea,Striker,F,3.0,2.65,4.11,672.0,9.0,45.0,11.0,9.0,0.0,35.0,40.2,12.0,42.9,3.0,2.4087627772241818,4.062122394451393,20.0,0.0,0.24444501847028727,0.051000000000000004,6.0
352968,Sébastien Haller,2021/2022,42,Champions League,8593,Ajax,Striker,F,11.0,9.15,8.96,668.0,8.0,57.1,5.0,11.0,1.0,48.0,48.5,26.0,54.2,11.0,9.077619949394466,8.936584242813455,22.0,0.0,0.066471341997385,0.0,2.0
388523,André Silva,2021/2022,42,Champions League,178475,RB Leipzig,Striker,F,3.0,3.32,4.12,410.0,5.0,50.0,16.0,8.0,1.0,24.0,33.3,10.0,41.7,3.0,3.0735123884320266,4.11506556165311,17.0,0.0,0.24466323293745523,0.0,4.0
242709,Roberto Firmino,2021/2022,42,Champions League,8650,Liverpool,Attacking Midfielder,M,5.0,2.62,2.61,322.0,4.0,40.0,8.0,2.0,0.0,22.0,44.0,3.0,37.5,4.0,2.033756960183382,2.509345518578104,8.0,1.0,0.5718444027006628,0.100624203093343,4.0
959597,Luka Sucic,2021/2022,42,Champions League,10013,Salzburg,Attacking Midfielder,M,1.0,2.02,1.01,517.0,6.0,66.7,4.0,2.0,0.0,24.0,45.3,3.0,37.5,1.0,1.8340341561317446,1.009251889289831,4.0,0.0,0.17762898234650495,0.0,8.0
26166,Karim Benzema,2021/2022,42,Champions League,8633,Real Madrid,Striker,F,15.0,8.32,10.24,1106.0,12.0,46.2,20.0,4.0,1.0,26.0,33.3,7.0,43.8,13.0,7.188057955470683,8.841608172616342,31.0,2.0,1.1276406040415163,1.5438668031475744,15.0
688300,Samuel Chukwueze,2021/2022,42,Champions League,10205,Villarreal,Left Winger,,2.0,1.15,1.62,272.0,3.0,27.3,2.0,2.0,0.0,10.0,26.3,1.0,10.0,2.0,1.146755501627923,1.6190422550929209,3.0,0.0,0.0,0.0,0.0
93447,Robert Lewandowski,2021/2022,42,Champions League,9823,Bayern München,Striker,F,13.0,11.1,12.26,876.0,9.0,60.0,12.0,13.0,2.0,32.0,39.5,6.0,26.1,13.0,10.302071910506486,12.255821273438256,26.0,0.0,0.22261673957109449,0.0,5.0
694060,Meschack Elia,2021/2022,42,Champions League,10192,Young Boys,Right Winger,,1.0,1.11,0.89,489.0,5.0,50.0,6.0,7.0,0.0,19.0,46.3,1.0,16.7,1.0,0.9415216259658342,0.7674968396885125,6.0,0.0,0.16797691024839878,0.127101445486824,4.0
116772,Thomas Müller,2021/2022,42,Champions League,9823,Bayern München,Attacking Midfielder,M,4.0,2.91,3.14,778.0,7.0,77.8,5.0,2.0,0.0,26.0,41.9,11.0,55.0,3.0,2.093760898336768,2.223462054281905,12.0,1.0,0.07781742513179779,0.0360992524333011,2.0
178818,Ilkay Gündogan,2021/2022,42,Champions League,8456,Manchester City,Defensive Midfielder,,0.0,1.6,0.52,659.0,6.0,54.5,9.0,7.0,0.0,25.0,52.1,5.0,83.3,0.0,1.3845547176897526,0.52,9.0,0.0,0.23850527592003348,0.0,5.0
196169,Marcos Alonso,2021/2022,42,Champions League,8455,Chelsea,Center Back,,0.0,1.16,1.11,546.0,5.0,50.0,9.0,7.0,0.0,31.0,44.9,9.0,50.0,0.0,0.9303811192512508,0.740867043584526,8.0,0.0,0.23332054726779472,0.0,4.0
15403,Edin Dzeko,2021/2022,42,Champions League,8636,Inter,Striker,F,3.0,3.27,4.18,541.0,5.0,45.5,8.0,10.0,0.0,34.0,54.0,20.0,64.5,3.0,3.067555416375398,4.177236870470881,19.0,0.0,0.1987700294703245,0.0,5.0
397019,Otávio,2021/2022,42,Champions League,9773,FC Porto,Central Midfielder,M,0.0,1.08,,450.0,4.0,40.0,6.0,8.0,0.0,30.0,42.3,5.0,38.5,0.0,0.964091025292873,0.0,5.0,0.0,0.0582043491303921,0.0,1.0
815006,Phil Foden,2021/2022,42,Champions League,8456,Manchester City,Attacking Midfielder,M,3.0,4.11,3.9,658.0,6.0,40.0,10.0,10.0,0.0,23.0,39.0,3.0,27.3,3.0,3.362122781574726,3.626794225535741,18.0,0.0,0.0716649014502764,0.2774,3.0
176989,Yaroslav Rakitskiy,2021/2022,42,Champions League,8698,Zenit St. Petersburg,defender,,1.0,1.01,1.36,497.0,4.0,80.0,0.0,3.0,0.0,17.0,60.7,6.0,66.7,1.0,0.8946236540019513,1.2377772081526541,3.0,0.0,0.1129721915349365,0.12440951595775,4.0
704523,Christopher Nkunku,2021/2022,42,Champions League,178475,RB Leipzig,Striker,F,7.0,3.28,4.86,531.0,4.0,44.4,10.0,8.0,1.0,30.0,43.5,7.0,41.2,7.0,3.075573813170194,4.8571499287834365,14.0,0.0,0.2074606567621231,0.0,3.0
246438,Gerard Moreno,2021/2022,42,Champions League,10205,Villarreal,Striker,F,2.0,2.73,3.13,524.0,4.0,33.3,18.0,7.0,0.0,36.0,33.6,17.0,34.7,2.0,2.294772649222612,3.1260470045272015,15.0,0.0,0.43291010893881354,0.0,6.0
640492,Rafa Mir,2021/2022,42,Champions League,8302,Sevilla,Striker,F,1.0,1.03,1.15,272.0,2.0,25.0,3.0,1.0,0.0,15.0,42.9,11.0,61.1,1.0,0.9787514079362148,1.0171979180604083,7.0,0.0,0.0522158127278089,0.132963043822636,3.0
361377,Paulinho,2021/2022,42,Champions League,9768,Sporting CP,Striker,F,3.0,2.66,2.68,583.0,4.0,66.7,4.0,14.0,1.0,32.0,56.1,12.0,63.2,1.0,2.352902740240096,2.2262345180396994,12.0,2.0,0.16822201386094088,0.453540175493956,4.0
324578,Rodrigo De Paul,2021/2022,42,Champions League,9906,Atletico Madrid,Central Midfielder,M,1.0,1.41,1.51,577.0,4.0,57.1,9.0,13.0,0.0,37.0,49.3,1.0,50.0,1.0,1.064774252474308,0.908068674583441,3.0,0.0,0.3726947335526347,0.606486359187275,10.0
41365,Étienne Capoue,2021/2022,42,Champions League,10205,Villarreal,Central Midfielder,M,2.0,1.51,1.73,1045.0,7.0,31.8,6.0,17.0,0.0,53.0,49.1,15.0,60.0,2.0,1.5340470122173415,1.7317601500491249,7.0,0.0,0.0826416052877903,0.0,3.0
184138,Antoine Griezmann,2021/2022,42,Champions League,9906,Atletico Madrid,Striker,F,4.0,3.34,3.0,518.0,3.0,75.0,7.0,4.0,0.0,33.0,44.6,11.0,39.3,4.0,3.2750081904232493,3.003844974279902,12.0,0.0,0.085281953215599,0.0,2.0
171980,Emil Forsberg,2021/2022,42,Champions League,178475,RB Leipzig,Central Midfielder,M,2.0,1.3,1.38,387.0,2.0,66.7,3.0,4.0,0.0,10.0,31.2,1.0,25.0,1.0,1.1122354688510299,1.1895292647615294,6.0,1.0,0.1843854431062937,0.195435473036054,5.0
613714,Jordan Pefok,2021/2022,42,Champions League,10192,Young Boys,Striker,F,2.0,1.37,1.04,341.0,2.0,50.0,5.0,3.0,0.0,18.0,40.9,10.0,47.6,2.0,1.2467942219227557,1.012724415183114,8.0,0.0,0.1211588345468044,0.0302253849376725,2.0
282775,Jorginho,2021/2022,42,Champions League,8455,Chelsea,Defensive Midfielder,,2.0,1.72,1.89,561.0,3.0,42.9,2.0,8.0,0.0,38.0,61.3,5.0,50.0,2.0,1.7194407881081104,1.8943770771246,4.0,0.0,0.0,0.0,0.0
690230,Lautaro Martínez,2021/2022,42,Champions League,8636,Inter,Striker,F,1.0,1.95,1.83,587.0,3.0,30.0,4.0,9.0,0.0,19.0,41.3,4.0,26.7,0.0,1.6913355141878132,1.1491017368764176,22.0,1.0,0.2560368180274963,0.6838984799861271,6.0
915797,Noah Okafor,2021/2022,42,Champions League,10013,Salzburg,Left Winger,,3.0,2.25,2.76,345.0,2.0,16.7,6.0,2.0,0.0,9.0,27.3,2.0,40.0,3.0,2.2522055730223656,2.764613904585691,7.0,0.0,0.0,0.0,0.0
309328,Milan Skriniar,2021/2022,42,Champions League,8636,Inter,Center Back,,1.0,2.24,1.99,720.0,3.0,60.0,3.0,7.0,0.0,34.0,58.6,9.0,47.4,1.0,2.9036717526614657,1.8721823812151508,9.0,0.0,0.0305632371455431,0.0,1.0
619506,Mehdi Taremi,2021/2022,42,Champions League,9773,FC Porto,Striker,F,1.0,2.86,1.81,496.0,2.0,28.6,6.0,6.0,0.0,27.0,33.8,14.0,36.8,1.0,2.915791472420096,1.812166048172372,17.0,0.0,0.0,0.0,0.0
240054,Pablo Sarabia,2021/2022,42,Champions League,9768,Sporting CP,Attacking Midfielder,M,2.0,1.43,2.16,510.0,2.0,25.0,10.0,12.0,0.0,23.0,41.1,2.0,25.0,2.0,1.4747662963733086,2.1594599020110268,6.0,0.0,0.0,0.0,0.0
564847,Viktor Tsigankov,2021/2022,42,Champions League,8688,Dynamo Kyiv,Right Winger,,0.0,1.3,0.16,490.0,2.0,18.2,5.0,5.0,0.0,20.0,38.5,5.0,50.0,0.0,1.204447723925113,0.121205957288818,6.0,0.0,0.0967508899047971,0.0385818854080969,3.0
40684,Artem Dzyuba,2021/2022,42,Champions League,8698,Zenit St. Petersburg,Striker,F,0.0,2.17,0.89,276.0,1.0,50.0,1.0,3.0,1.0,17.0,56.7,14.0,60.9,0.0,2.168076848649979,0.886110288985237,6.0,0.0,0.0,0.0,0.0
213501,Álvaro Morata,2021/2022,42,Champions League,9885,Juventus,Striker,F,2.0,2.02,3.18,521.0,2.0,28.6,9.0,13.0,1.0,29.0,50.9,8.0,57.1,2.0,1.8342450000345702,2.974040439799979,14.0,0.0,0.1839507007971405,0.205543179241025,4.0
40636,Luis Suárez,2021/2022,42,Champions League,9906,Atletico Madrid,Striker,F,1.0,1.65,1.21,347.0,1.0,25.0,5.0,4.0,0.0,10.0,35.7,4.0,36.4,1.0,1.4285967778801922,0.915100255749588,5.0,0.0,0.1717583797872066,0.236549981270557,3.0
181276,Romelu Lukaku,2021/2022,42,Champions League,8455,Chelsea,Striker,F,2.0,1.96,1.41,320.0,1.0,20.0,4.0,2.0,1.0,10.0,41.7,7.0,63.6,2.0,1.9586156848818075,1.405766168298759,12.0,0.0,0.0,0.0,0.0
